ObjectID,State,District,LOR_ab_2021,AccidentYear,AccidentMonth,AccidentHour,DayOfWeek,AccidentCategory,AccidentType,AccidentTypeDetail,LightingCondition,InvolvingBike,InvolvingCar,InvolvingPedestrian,InvolvingMotorcycle,InvolvingHGV,InvolvingOther,RoadCondition,GraphicCoord1,GraphicCoord2,LongitudeWGS84,LatitudeWGS84,quadrant
217607,11,3,3601450.0,2021,11,9,5,3,6,2,0,0,1,1,0,0,0,0,"802189,9931","5829405,043",13.45589963,52.53073331,5457.0
217606,11,1,1100415.0,2021,11,21,1,2,0,1,2,1,0,0,0,0,0,1,"798300,0997","5829371,235",13.39869632,52.53257287,4558.0
217605,11,6,6100209.0,2021,10,19,3,3,0,7,2,0,1,0,1,0,0,1,"794340,4713","5821633,018",13.33365222,52.4653569,3638.0
217604,11,8,8100520.0,2021,10,18,2,3,6,2,2,0,1,1,0,0,0,0,"803194,34","5822726,506",13.46458015,52.4703169,5540.0
217603,11,1,1300733.0,2021,11,18,7,3,6,4,2,0,0,1,1,0,0,1,"797115,9217","5831791,73",13.38345521,52.55491653,4364.0
217602,11,4,4300621.0,2021,11,14,2,3,6,7,0,0,1,1,0,0,0,0,"792158,5611","5827225,533",13.30652985,52.51666392,3253.0
217601,11,7,4501153.0,2021,11,15,2,3,0,1,1,1,0,0,0,0,0,1,"793902,9657","5822964,088",13.32840339,52.4775249,3542.0
217600,11,10,10200630.0,2021,10,7,6,3,5,2,0,1,1,0,0,0,0,0,"811561,006","5828996,093",13.59322011,52.52179381,7455.0
217599,11,1,1100312.0,2021,10,12,6,3,5,3,0,0,1,0,1,0,0,0,"799684,7945","5827210,079",13.41710177,52.51244199,4852.0
217598,11,5,5200528.0,2021,10,23,6,2,0,6,2,0,1,0,0,0,0,0,"783659,2617","5825416,451",13.18007276,52.50493066,1350.0
217597,11,5,5100104.0,2021,11,7,4,2,5,2,0,0,1,0,1,0,0,0,"785842,9887","5831731,015",13.21758886,52.5604061,1866.0
217596,11,1,1100308.0,2021,11,8,5,3,2,6,0,1,1,0,0,0,0,0,"797031,8573","5828963,166",13.37968987,52.5296076,4357.0
217595,11,3,3400721.0,2021,10,1,7,2,0,1,2,0,0,0,0,0,1,0,"797891,5783","5833071,64",13.39601109,52.56596548,4568.0
217594,11,5,5100313.0,2021,10,1,2,2,1,7,2,0,1,0,0,0,1,1,"785222,7195","5830952,369",13.20779457,52.55375015,1764.0
217593,11,2,2100102.0,2021,10,18,3,3,0,1,2,0,0,0,1,0,0,1,"798095,4588","5825498,857",13.39221915,52.49797391,4448.0
217592,11,7,7501029.0,2021,10,14,2,3,2,6,0,0,0,0,1,0,1,0,"797411,7998","5818684,226",13.3761038,52.43726075,4230.0
217591,11,8,8200624.0,2021,11,20,3,2,5,3,2,0,1,0,0,0,0,1,"801182,5908","5820607,225",13.43314131,52.45243393,5034.0
217590,11,1,1400939.0,2021,10,21,4,3,5,3,2,0,1,0,0,0,1,0,"794235,2325","5831837,308",13.34112905,52.55688905,3765.0
217589,11,7,7501030.0,2021,10,18,4,3,2,6,2,0,1,0,0,0,0,0,"797857,9301","5820148,969",13.38395299,52.45014787,4334.0
217588,11,7,7501031.0,2021,11,16,1,3,2,2,2,0,1,0,0,0,0,1,"798376,6832","5819792,42",13.39124533,52.44666893,4433.0
217587,11,4,4400728.0,2021,11,16,4,3,5,2,1,1,1,0,0,0,0,0,"789646,15","5823293,614",13.26618832,52.4827535,2643.0
217586,11,12,12601235.0,2021,11,16,7,3,5,2,2,0,1,0,0,0,0,0,"795279,246","5836365,42",13.36051697,52.59691423,4077.0
217585,11,7,7400826.0,2021,10,13,1,3,5,3,0,0,1,0,1,0,0,0,"796169,86","5820559,844",13.35955021,52.45474819,4035.0
217584,11,2,2200210.0,2021,10,20,7,3,5,3,2,0,1,0,0,0,0,0,"798902,0795","5825248,94",13.40384177,52.49529257,4647.0
217583,11,1,1401048.0,2021,11,18,5,3,4,6,1,1,0,0,0,0,1,1,"795359,253","5831474,906",13.3573383,52.553032,3964.0
217582,11,7,7300619.0,2021,11,15,6,3,5,3,0,0,1,0,0,0,0,0,"795302,4044","5821653,823",13.34778921,52.46502436,3838.0
217581,11,11,11400929.0,2021,10,7,2,3,6,4,0,1,0,1,0,0,0,1,"805002,2219","5826582,484",13.49464139,52.50387002,6049.0
217580,11,6,6300528.0,2021,10,14,4,3,2,6,0,0,1,0,0,0,0,0,"790081,0432","5815799,589",13.26606639,52.41533645,2623.0
217579,11,7,7300517.0,2021,11,14,5,3,0,7,0,0,1,0,0,0,0,0,"794227,6931","5822043,216",13.33235862,52.46909488,3539.0
217578,11,4,4501044.0,2021,11,8,4,3,5,2,0,1,1,0,0,0,0,1,"793207,1286","5824549,012",13.3195814,52.49210723,3446.0
217577,11,6,6300525.0,2021,10,16,5,3,5,3,0,0,1,0,0,0,0,0,"790244,9159","5814894,175",13.26768412,52.40713221,2621.0
217576,11,2,2400521.0,2021,10,17,5,3,5,2,0,1,1,0,0,0,0,1,"801247,6344","5827817,247",13.44061142,52.51702327,5253.0
217575,11,2,2500836.0,2021,10,15,6,2,0,7,0,1,0,0,0,0,0,0,"803155,4037","5825742,064",13.46675101,52.49736666,5547.0
217574,11,10,10400835.0,2021,11,11,1,3,8,1,0,0,1,0,0,0,0,1,"812035,6468","5829714,196",13.60086681,52.52795746,7556.0
217573,11,1,1100310.0,2021,11,16,5,3,3,6,2,0,0,0,1,0,1,1,"799570,9657","5828237,159",13.41635424,52.5217107,4855.0
217572,11,12,12601235.0,2021,11,18,3,3,2,2,1,0,1,0,0,0,0,0,"795448,6174","5836390,603",13.36303273,52.59704798,4077.0
217571,11,5,5100317.0,2021,10,17,7,3,5,2,0,1,1,0,0,0,0,0,"788108,4916","5827861,977",13.24756105,52.52452466,2355.0
217570,11,2,2400520.0,2021,10,11,5,3,5,3,0,1,1,0,0,0,0,0,"800158,7737","5828921,196",13.42560919,52.5275187,4956.0
217569,11,2,2200208.0,2021,10,6,2,3,5,2,1,1,0,0,0,0,1,0,"797942,073","5825259,243",13.38975201,52.49590982,4447.0
217568,11,7,9100306.0,2021,11,10,2,3,2,6,0,0,1,0,0,0,0,0,"802844,5517","5821408,299",13.45825024,52.45869581,5436.0
217567,11,9,9100407.0,2021,11,12,5,3,6,3,0,0,1,1,0,0,0,0,"806202,3708","5820381,725",13.50657515,52.44762434,6133.0
217566,11,1,1100103.0,2021,11,23,7,3,5,7,2,0,1,0,1,0,0,0,"795943,3363","5825629,806",13.36072569,52.50031905,4048.0
217565,11,6,6300634.0,2021,10,16,2,2,6,4,0,0,1,1,0,0,0,0,"792088,6255","5818851,757",13.29816673,52.44163155,3031.0
217564,11,11,11401135.0,2021,10,15,3,3,5,3,0,1,1,0,0,0,0,1,"805525,1333","5825983,06",13.50177149,52.49820518,6148.0
217563,11,1,1100310.0,2021,10,13,5,3,3,6,0,0,0,0,1,0,1,1,"799535,5773","5828192,711",13.41579419,52.52133172,4854.0
217562,11,8,8100311.0,2021,11,14,6,2,0,6,0,0,1,0,0,0,1,0,"800531,8852","5824457,65",13.42706299,52.487305,5045.0
217561,11,5,5300737.0,2021,10,19,5,2,0,3,0,0,1,0,1,0,0,0,"786959,4961","5829439,545",13.23203373,52.5392745,2160.0
217560,11,10,10200629.0,2021,10,15,6,3,5,3,0,1,1,0,0,0,0,1,"810492,8158","5827963,165",13.57656296,52.51314652,7252.0
217559,11,4,4100101.0,2021,10,17,7,3,5,2,0,0,1,0,0,0,0,0,"793341,4394","5829716,114",13.32610937,52.53835585,3559.0
217558,11,1,1100102.0,2021,10,14,6,3,5,3,0,1,1,0,0,0,0,0,"796701,2086","5827974,224",13.37394759,52.52092284,4254.0
217557,11,10,10100205.0,2021,11,14,3,3,0,7,0,0,0,0,1,1,0,1,"807651,9997","5830816,496",13.53747341,52.54032763,6660.0
217556,11,1,1401045.0,2021,11,7,6,3,2,6,0,0,1,0,0,0,1,1,"797029,9404","5831894,572",13.38228275,52.55588528,4365.0
217555,11,12,12500928.0,2021,11,7,5,3,6,4,0,0,1,1,0,0,0,1,"792033,7511","5837425,011",13.31367264,52.60816562,3380.0
217554,11,6,6300632.0,2021,10,10,1,3,5,3,0,1,1,0,0,0,0,0,"791635,762","5816259,787",13.28926249,52.41863603,2924.0
217553,11,1,1100103.0,2021,10,10,5,3,2,6,0,0,1,0,1,0,0,0,"795264,2174","5826017,545",13.35109407,52.50416273,3849.0
217552,11,1,1200628.0,2021,10,0,2,3,5,3,2,0,1,0,0,0,1,0,"796149,2022","5828343,07",13.36616409,52.52452927,4155.0
217551,11,7,7200409.0,2021,10,9,3,3,1,5,0,0,1,0,0,0,1,1,"795832,9298","5824515,496",13.3581144,52.49039005,3945.0
217550,11,8,8200832.0,2021,11,17,2,3,5,2,2,0,1,0,0,0,0,1,"800307,955","5816744,853",13.41683949,52.41829458,4824.0
217549,11,8,8100102.0,2021,11,12,7,3,3,6,0,0,1,0,1,0,0,0,"800028,224","5823616,12",13.41891028,52.48003899,4842.0
217548,11,11,11401136.0,2021,11,21,2,3,1,5,2,0,1,0,0,0,1,0,"805921,5165","5826022,053",13.50762821,52.4983326,6248.0
217547,11,3,3601243.0,2021,10,14,3,3,5,3,0,0,1,0,0,0,0,1,"799519,4013","5831529,211",13.41856358,52.55124703,4863.0
217546,11,6,6100101.0,2021,11,16,7,3,5,3,2,0,1,0,0,0,0,1,"793396,9205","5820360,753",13.31868479,52.45445892,3335.0
217545,11,12,12100101.0,2021,11,0,2,3,3,6,2,0,1,0,0,0,1,1,"795788,0202","5832580,62",13.36462923,52.56271096,4067.0
217544,11,11,11300721.0,2021,11,7,3,2,6,4,0,0,1,1,0,0,0,1,"804944,6282","5829955,082",13.49688696,52.53412905,6058.0
217543,11,2,2500833.0,2021,11,2,7,3,5,3,2,0,1,0,1,0,0,0,"802520,771","5827279,593",13.45882798,52.51149961,5452.0
217542,11,4,4300414.0,2021,10,16,6,3,3,6,0,1,1,0,0,0,1,0,"791170,3719","5826589,824",13.29145177,52.51149333,2952.0
217541,11,5,5100104.0,2021,10,15,1,2,0,7,0,1,0,0,0,0,0,0,"785629,4534","5831545,508",13.21428777,52.55885494,1865.0
217540,11,2,2500833.0,2021,10,2,1,3,0,1,2,0,0,0,0,0,1,0,"802233,3761","5827122,103",13.45446299,52.51024734,5451.0
217539,11,11,11100205.0,2021,11,17,3,3,5,3,2,1,1,0,0,0,0,0,"805804,5133","5833786,076",13.51305281,52.56798157,6268.0
217538,11,1,1300732.0,2021,11,16,5,3,2,4,2,0,1,1,1,0,0,1,"797778,8208","5832025,008",13.39341324,52.55664552,4565.0
217537,11,1,1400940.0,2021,10,12,7,3,0,7,0,0,0,0,1,0,0,0,"795279,6849","5832284,069",13.35688797,52.56032856,3966.0
217536,11,3,3400831.0,2021,10,11,6,3,2,6,0,1,1,0,0,0,0,0,"799092,2746","5833226,493",13.41381244,52.56669519,4868.0
217535,11,9,9501939.0,2021,10,6,3,2,6,2,2,0,1,1,0,0,0,0,"810999,7098","5821744,103",13.57820641,52.45712584,7236.0
217534,11,9,9200613.0,2021,10,11,4,2,5,3,0,0,1,0,0,0,0,0,"805913,493","5821828,024",13.5036627,52.46074847,6137.0
217533,11,1,1200520.0,2021,10,16,2,3,5,2,0,1,0,0,0,0,1,0,"794584,3055","5828544,52",13.34334331,52.52718291,3756.0
217532,11,3,3300516.0,2021,11,12,3,3,5,3,0,0,1,0,0,0,0,1,"800939,9932","5833548,048",13.44128282,52.56855908,5268.0
217531,11,4,4501045.0,2021,10,8,4,3,1,5,0,1,1,0,0,0,0,1,"793583,2653","5825239,103",13.32571375,52.49809143,3448.0
217530,11,7,7300517.0,2021,10,9,4,2,5,3,0,1,1,0,0,0,0,0,"794211,1016","5822738,666",13.33272845,52.47533819,3641.0
217529,11,2,2300418.0,2021,11,17,6,3,0,6,1,1,1,0,0,0,0,0,"800969,1198","5825491,657",13.43441683,52.49633223,5147.0
217528,11,6,6200317.0,2021,11,10,1,2,0,3,0,1,1,0,0,0,0,1,"796016,9684","5816658,409",13.35385171,52.41985739,3925.0
217527,11,1,1200517.0,2021,11,8,4,3,2,2,0,1,1,0,0,0,0,0,"793528,0701","5828172,277",13.32748998,52.52441566,3555.0
217526,11,1,1400940.0,2021,11,17,7,2,6,4,1,0,1,1,0,0,0,0,"795166,4813","5832148,897",13.35510266,52.55917824,3966.0
217525,11,9,9100101.0,2021,11,15,3,3,3,6,0,1,1,0,0,0,0,0,"802329,2035","5824729,129",13.45369849,52.48874599,5445.0
217524,11,1,1401045.0,2021,11,3,7,3,2,6,2,0,1,0,0,0,0,0,"796626,393","5831742,888",13.3762123,52.55474556,4264.0
217523,11,8,8100419.0,2021,11,20,1,2,5,3,2,0,1,0,1,0,0,1,"802276,9271","5823896,553",13.45217592,52.48131252,5343.0
217522,11,1,1300835.0,2021,10,15,3,3,5,2,0,1,1,0,0,0,0,0,"797542,482","5829416,146",13.38760043,52.53338954,4458.0
217521,11,1,1100313.0,2021,10,20,2,3,5,2,2,1,1,0,0,0,0,0,"800081,8818","5826457,271",13.42225691,52.50547597,4950.0
217520,11,7,7100205.0,2021,11,18,7,3,5,2,2,1,1,0,0,0,0,1,"796419,83","5824874,48",13.36705253,52.49328964,4146.0
217519,11,4,4501042.0,2021,11,9,2,3,3,6,0,1,1,0,0,0,0,1,"793523,8806","5825788,119",13.32532538,52.50304506,3449.0
217518,11,7,7400823.0,2021,11,19,3,3,5,2,2,1,1,0,0,0,0,0,"797315,413","5822178,133",13.37780061,52.46863264,4239.0
217517,11,12,12500930.0,2021,11,10,6,3,2,6,0,0,1,0,0,0,0,1,"793377,3939","5835176,886",13.33146636,52.58728918,3574.0
217516,11,4,4501043.0,2021,10,14,6,3,3,6,0,1,1,0,0,0,0,0,"792679,0652","5825314,686",13.31249857,52.49925468,3348.0
217515,11,11,11300721.0,2021,10,15,6,3,2,6,0,0,1,0,0,0,0,1,"804484,0582","5829889,528",13.49005777,52.533799,5958.0
217514,11,3,3601141.0,2021,10,19,6,3,2,7,2,0,1,0,0,0,0,0,"798853,3246","5831816,941",13.40902815,52.55419194,4764.0
217513,11,3,3500936.0,2021,11,15,4,3,6,4,0,0,1,1,0,0,0,0,"802705,3762","5831819,485",13.46567392,52.55208759,5563.0
217512,11,1,1100310.0,2021,11,11,5,3,2,6,0,0,1,0,0,0,0,0,"799278,8488","5828514,269",13.41231101,52.52435497,4755.0
217511,11,11,11401136.0,2021,10,16,6,3,5,3,0,1,1,0,0,0,0,0,"805668,8371","5825959,544",13.50386022,52.49791396,6148.0
217510,11,12,12100103.0,2021,10,16,6,3,5,3,0,1,1,0,0,0,0,0,"795601,1007","5833255,665",13.36248124,52.56886359,4068.0
217509,11,8,8401243.0,2021,10,19,3,3,2,2,2,0,1,0,0,0,0,0,"805546,2863","5818550,314",13.49527723,52.43157719,6028.0
217508,11,9,9200715.0,2021,10,18,3,3,2,6,2,0,1,0,1,0,0,1,"808768,1166","5819044,377",13.54297296,52.43419615,6729.0
217507,11,5,5200423.0,2021,11,7,3,3,6,4,0,0,1,1,0,0,0,1,"782092,2608","5828083,528",13.15930889,52.52965743,1057.0
217506,11,2,2200208.0,2021,10,22,4,3,2,6,2,1,1,0,0,0,0,0,"797535,1286","5824986,801",13.38353201,52.49368968,4346.0
217505,11,2,2500833.0,2021,10,23,4,3,5,3,2,0,1,0,0,0,1,0,"802036,5928","5827168,11",13.45161397,52.51076869,5351.0
217504,11,6,6100205.0,2021,11,11,7,3,6,4,0,0,1,1,0,0,0,0,"794983,5146","5820025,88",13.3416704,52.45060305,3734.0
217503,11,1,1300733.0,2021,11,9,1,3,0,6,0,0,1,0,1,0,0,1,"797384,1716","5831191,815",13.38686285,52.54939264,4463.0
217502,11,1,1401046.0,2021,11,7,4,3,5,7,0,0,1,0,1,0,0,0,"794628,5084","5829879,802",13.34517661,52.53912887,3760.0
217501,11,9,9100407.0,2021,11,23,7,3,9,1,2,0,1,0,0,0,0,0,"806391,8222","5821054,859",13.50997151,52.45355111,6235.0
217500,11,12,12500929.0,2021,10,18,7,3,1,5,2,0,1,0,0,0,1,0,"794556,8116","5838557,852",13.35183335,52.6169592,3882.0
217499,11,2,2100104.0,2021,10,0,7,3,2,6,2,0,1,0,0,0,0,0,"799261,8834","5826226,906",13.41000461,52.50386147,4749.0
217498,11,4,4300517.0,2021,11,18,5,3,3,6,1,0,0,0,1,0,1,0,"791424,6598","5828602,153",13.29695124,52.52939781,3057.0
217497,11,11,11300721.0,2021,11,20,5,2,2,6,2,0,1,0,1,0,1,1,"804564,5288","5829902,497",13.49125234,52.53387028,5958.0
217496,11,8,8100207.0,2021,10,18,7,3,0,3,1,0,0,0,1,0,1,0,"800857,1332","5823454,302",13.43093312,52.47813254,5042.0
217495,11,5,5100316.0,2021,10,13,4,3,0,6,0,0,0,0,0,0,1,0,"784814,5231","5828981,356",13.2001,52.53629177,1659.0
217494,11,1,1100310.0,2021,11,22,5,3,1,5,2,0,1,0,0,0,1,0,"798943,8287","5827809,397",13.40675415,52.5182206,4754.0
217493,11,10,10400835.0,2021,11,15,3,3,5,3,0,0,1,0,0,0,0,1,"811906,8705","5829738,712",13.59899769,52.52825085,7557.0
217492,11,6,6200421.0,2021,10,17,5,3,2,6,0,0,1,0,0,0,0,0,"793344,9218","5817703,876",13.31558935,52.43066859,3328.0
217491,11,5,5200629.0,2021,10,15,5,3,5,3,0,1,1,0,0,0,0,1,"784451,491","5828665,447",13.19449165,52.53364893,1558.0
217490,11,11,11100101.0,2021,10,7,6,3,5,3,0,0,1,0,0,0,0,0,"806094,9247","5834574,408",13.51805179,52.5748835,6370.0
217489,11,7,7501133.0,2021,11,6,2,3,5,2,2,0,1,0,0,0,1,1,"798365,9447","5818414,757",13.38985787,52.4343256,4429.0
217488,11,12,12400720.0,2021,11,16,5,2,5,3,2,1,1,0,0,0,0,1,"789641,7935","5839723,212",13.28046123,52.63004866,2886.0
217487,11,7,7400721.0,2021,11,12,3,3,3,6,0,0,1,0,1,0,0,0,"798266,6729","5823970,523",13.39336576,52.48418075,4544.0
217486,11,9,9100306.0,2021,10,7,6,3,6,7,1,0,0,1,0,0,1,0,"804294,2863","5820116,452",13.47834448,52.44631203,5733.0
217485,11,10,10100311.0,2021,10,11,5,3,2,1,0,0,1,0,0,0,0,0,"806488,3372","5829477,297",13.51913411,52.52898123,6357.0
217484,11,8,8100314.0,2021,10,18,2,3,5,2,2,0,0,0,1,0,0,0,"800354,4046","5824333,67",13.42434531,52.48629139,4944.0
217483,11,5,5100315.0,2021,10,15,1,3,2,6,0,0,1,0,0,0,1,0,"784333,593","5830127,742",13.19400969,52.54682145,1562.0
217482,11,1,1300733.0,2021,11,1,5,3,5,2,2,0,1,0,0,0,0,0,"797170,1409","5831905,071",13.38435404,52.55590292,4365.0
217481,11,1,1100416.0,2021,11,13,1,3,5,3,0,0,1,0,0,0,0,1,"798931,1762","5829608,377",13.40818547,52.53435278,4758.0
217480,11,4,4501042.0,2021,10,17,2,2,5,2,0,1,1,0,0,0,0,0,"793968,9948","5826164,308",13.33219632,52.50617777,3550.0
217479,11,6,6200311.0,2021,10,17,3,3,2,6,0,0,1,0,0,0,0,1,"796602,1964","5818373,827",13.36395349,52.43491792,4029.0
217478,11,1,1100102.0,2021,11,18,5,3,2,6,2,0,1,0,1,0,0,0,"795237,9283","5826689,143",13.35130351,52.51019733,3851.0
217477,11,4,4100101.0,2021,10,8,5,3,5,2,0,1,1,0,0,0,0,0,"793355,7609","5829670,942",13.32628004,52.5379432,3559.0
217476,11,10,10100312.0,2021,10,16,6,2,5,3,0,0,1,0,0,0,0,1,"807841,2039","5829077,774",13.53864424,52.5246385,6655.0
217475,11,1,1100101.0,2021,10,10,7,3,5,3,0,0,1,0,0,0,1,0,"795324,7405","5826262,234",13.35220021,52.50632342,3850.0
217474,11,1,1100308.0,2021,10,15,6,3,0,2,0,1,1,0,0,0,0,0,"797013,7313","5828942,383",13.37940488,52.52943118,4257.0
217473,11,6,6400737.0,2021,11,19,2,3,5,2,2,0,0,0,0,1,1,1,"784819,1199","5815922,887",13.18901364,52.41920553,1425.0
217472,11,10,10400837.0,2021,11,16,5,3,2,2,1,1,1,0,0,0,0,1,"810306,174","5826003,977",13.57199561,52.49569537,7147.0
217471,11,9,9301025.0,2021,11,10,4,3,6,7,0,0,1,1,0,0,0,0,"811296,4728","5816172,077",13.57737269,52.40702284,7221.0
217470,11,4,4501043.0,2021,10,2,1,3,1,5,2,0,1,0,0,0,1,0,"792470,3158","5825282,621",13.30940404,52.49907915,3248.0
217469,11,1,1200520.0,2021,10,8,2,2,0,1,0,1,0,0,0,0,0,1,"794543,6998","5829042,897",13.34318804,52.53167245,3758.0
217468,11,7,7400927.0,2021,10,3,4,3,5,3,2,1,1,0,0,0,0,0,"798476,5658","5821909,468",13.39460309,52.46559125,4538.0
217467,11,10,10200421.0,2021,11,11,6,3,5,2,0,0,1,0,0,0,0,1,"812195,2044","5830919,408",13.60434311,52.53866616,7660.0
217466,11,5,5100101.0,2021,11,12,2,3,6,7,0,0,0,1,0,0,1,1,"785331,2205","5832501,649",13.21072273,52.56758388,1768.0
217465,11,11,11100203.0,2021,10,23,3,2,9,7,2,0,1,0,0,0,0,1,"807728,3831","5833693,874",13.54126303,52.56607121,6768.0
217464,11,4,4200311.0,2021,11,19,7,2,6,4,2,0,1,1,0,0,0,1,"789925,1236","5825062,24",13.2718238,52.49846156,2648.0
217463,11,1,1300733.0,2021,11,19,1,3,5,2,1,1,1,0,0,0,0,1,"797164,2442","5831923,911",13.38428419,52.55607501,4365.0
217462,11,11,11501341.0,2021,11,15,4,2,0,1,0,1,0,0,0,0,0,0,"806358,3083","5824417,427",13.51256724,52.48370645,6243.0
217461,11,7,7100103.0,2021,11,14,6,3,6,7,0,1,0,1,0,0,0,0,"795662,5829","5824973,103",13.35601886,52.49458443,3947.0
217460,11,8,8301036.0,2021,10,16,6,3,0,5,0,0,1,0,0,0,1,0,"803562,7757","5817816,557",13.46552583,52.42610478,5527.0
217459,11,4,4300623.0,2021,10,14,7,2,0,1,0,1,0,0,0,0,0,0,"792649,47","5826097,044",13.31275145,52.50628417,3350.0
217458,11,9,9300922.0,2021,10,21,7,3,5,3,2,0,1,0,0,0,0,0,"808176,3678","5815758,559",13.53126996,52.40508178,6520.0
217457,11,2,2200208.0,2021,11,20,3,3,5,3,2,1,0,0,0,0,1,0,"797831,7117","5824902,564",13.3878123,52.49277285,4446.0
217456,11,9,9200511.0,2021,11,19,5,3,6,2,2,0,1,1,0,0,0,1,"806623,6038","5822055,382",13.51429061,52.46238818,6337.0
217455,11,8,8100104.0,2021,10,13,7,3,2,6,0,1,1,0,0,0,0,0,"800823,2679","5822596,951",13.42966273,52.47046646,5040.0
217454,11,4,4300415.0,2021,10,15,6,2,4,2,0,1,1,0,0,0,0,0,"790787,1613","5826106,985",13.28539912,52.50736909,2850.0
217453,11,6,6200313.0,2021,10,14,4,3,2,6,0,0,1,0,0,0,0,0,"795383,3709","5818429,033",13.34612564,52.43607237,3830.0
217452,11,9,9401329.0,2021,10,12,3,2,3,6,0,1,0,0,0,0,1,0,"813703,0807","5818872,649",13.61516734,52.42984967,7828.0
217451,11,5,5100313.0,2021,11,17,4,3,2,6,2,0,1,0,0,1,0,0,"785349,3009","5830145,067",13.20896272,52.5464457,1762.0
217450,11,5,5100104.0,2021,11,15,3,3,5,2,1,0,1,0,1,0,0,1,"785204,3796","5831256,454",13.20778607,52.55648614,1765.0
217449,11,10,10400939.0,2021,10,12,4,3,5,3,0,0,1,0,0,0,0,0,"812270,9006","5827750,853",13.60248054,52.51022899,7651.0
217448,11,9,9501736.0,2021,10,18,4,2,5,3,1,1,1,0,0,0,0,0,"812506,469","5821294,466",13.5998891,52.45223713,7534.0
217447,11,8,8100311.0,2021,11,20,6,3,1,5,2,1,1,0,0,0,0,1,"800551,9008","5824572,015",13.42746001,52.48831908,5045.0
217446,11,1,1100206.0,2021,11,3,7,2,0,7,2,0,1,0,0,0,0,0,"797527,3616","5827550,12",13.38570865,52.51667112,4353.0
217445,11,3,3300514.0,2021,11,15,4,3,1,5,0,1,0,0,0,0,1,1,"801610,8423","5836203,854",13.4535673,52.59199158,5375.0
217444,11,12,12200308.0,2021,11,17,1,3,5,3,2,0,1,0,0,0,0,0,"792576,291","5833283,27",13.31800399,52.57074527,3369.0
217443,11,9,9100408.0,2021,10,9,7,2,0,3,0,1,0,0,0,0,1,0,"806625,7374","5820410,953",13.51281196,52.44764903,6233.0
217442,11,8,8401241.0,2021,10,12,5,3,2,6,0,0,1,0,0,0,0,0,"804039,4188","5819189,79",13.47376289,52.43814827,5730.0
217441,11,5,5100312.0,2021,10,15,2,3,5,2,0,0,1,0,0,0,1,0,"784605,3116","5830949,821",13.19871059,52.5540503,1664.0
217440,11,4,4200206.0,2021,10,15,1,3,0,6,0,1,1,0,0,0,0,0,"785811,5614","5825560,539",13.21182052,52.50509928,1850.0
217439,11,10,10100315.0,2021,11,9,5,3,5,3,0,1,1,0,0,0,0,0,"809921,5604","5831425,786",13.57139954,52.54450181,7161.0
217438,11,2,2100104.0,2021,11,13,6,3,2,6,0,0,1,0,0,0,0,1,"799063,2577","5826452,391",13.40728956,52.50599152,4750.0
217437,11,7,7501029.0,2021,10,15,1,2,5,2,0,0,1,0,1,0,0,0,"797567,4749","5819724,343",13.37931331,52.4464997,4233.0
217436,11,8,8100102.0,2021,10,17,5,3,0,4,0,1,0,1,0,0,0,1,"800481,8592","5823566,988",13.42552566,52.4793492,4942.0
217435,11,4,4200308.0,2021,11,15,5,2,5,7,0,0,1,0,0,0,0,0,"790302,3738","5827712,922",13.27967749,52.52202464,2855.0
217434,11,6,6400842.0,2021,11,8,4,3,5,3,0,0,1,0,0,0,1,0,"789616,7247","5819794,879",13.2627194,52.45140179,2534.0
217433,11,11,11300721.0,2021,10,9,5,3,2,6,0,0,1,0,0,0,0,0,"804164,006","5829854,544",13.48532184,52.53366415,5858.0
217432,11,12,12500926.0,2021,10,14,5,3,5,3,0,0,1,0,1,0,0,1,"793432,049","5836093,955",13.33308317,52.59548061,3676.0
217431,11,1,1200517.0,2021,10,10,6,3,5,3,0,1,1,0,0,0,0,0,"793522,9213","5829121,3",13.32825216,52.53292594,3558.0
217430,11,11,11501341.0,2021,11,3,2,2,0,1,2,0,0,0,1,0,0,1,"807230,8513","5824132,037",13.52511307,52.48065852,6443.0
217429,11,6,6400737.0,2021,11,14,5,3,5,3,0,0,1,0,0,0,0,1,"786980,967","5817343,545",13.22193481,52.43081364,1928.0
217428,11,1,1100207.0,2021,11,9,3,3,0,6,0,1,1,0,0,0,0,0,"798887,7606","5826816,385",13.40503839,52.50935039,4651.0
217427,11,10,10400837.0,2021,10,12,1,3,5,3,0,1,1,0,0,0,0,0,"810625,4379","5825649,902",13.57635319,52.49234074,7246.0
217426,11,9,9100306.0,2021,10,7,5,2,5,3,0,0,1,0,0,0,0,0,"803092,139","5820939,82",13.46145778,52.45435959,5535.0
217425,11,4,4200309.0,2021,10,15,3,3,5,2,0,0,1,0,1,0,0,0,"789001,2995","5826835,346",13.25979222,52.51484808,2553.0
217424,11,8,8200832.0,2021,11,15,3,2,5,2,0,0,1,0,0,0,0,0,"800308,5856","5816747,852",13.41685143,52.41832111,4824.0