ObjectID,State,District,LOR_ab_2021,AccidentYear,AccidentMonth,AccidentHour,DayOfWeek,AccidentCategory,AccidentType,AccidentTypeDetail,LightingCondition,InvolvingBike,InvolvingCar,InvolvingPedestrian,InvolvingMotorcycle,InvolvingHGV,InvolvingOther,RoadCondition,GraphicCoord1,GraphicCoord2,LongitudeWGS84,LatitudeWGS84,quadrant
217240,11,1,1100102.0,2021,11,16,6,3,2,6,2,0,1,0,0,0,0,0,"795543,0648","5826363,525",13.35549748,52.50711319,3950.0
217239,11,2,2500834.0,2021,10,3,1,2,5,3,2,1,0,0,0,0,1,0,"802350,1204","5827078,45",13.45613832,52.50979138,5451.0
217238,11,1,1200627.0,2021,10,9,4,3,0,7,0,1,0,0,0,0,0,0,"795768,783","5828585,067",13.36078843,52.52690506,4056.0
217237,11,12,12100204.0,2021,11,18,4,3,1,5,2,0,1,0,0,0,1,1,"795204,5045","5832480,341",13.35595677,52.56212873,3966.0
217236,11,2,2500830.0,2021,11,8,3,3,0,1,0,1,0,0,0,0,0,1,"802566,2042","5827388,714",13.45959461,52.51245246,5452.0
217235,11,7,7601340.0,2021,10,16,5,3,6,2,0,0,1,1,0,0,0,0,"796568,3496","5815882,494",13.36124844,52.41260336,4023.0
217234,11,7,7400822.0,2021,10,17,5,3,5,5,1,0,1,0,0,0,0,1,"796744,3826","5820708,14",13.36811218,52.45576593,4135.0
217233,11,4,4100101.0,2021,10,11,2,3,5,2,0,0,1,0,1,0,0,0,"790680,1011","5829758,107",13.28701747,52.54015844,2960.0
217232,11,4,4300622.0,2021,10,13,6,3,2,6,0,0,1,0,1,0,0,0,"793253,59","5826900,807",13.32233499,52.51316519,3452.0
217231,11,11,11200411.0,2021,11,9,2,3,2,6,0,0,1,0,0,0,1,1,"805842,4035","5831852,748",13.51182852,52.5506334,6263.0
217230,11,2,2300315.0,2021,11,18,5,3,5,2,2,1,0,0,0,1,0,1,"800435,653","5825770,831",13.42683416,52.49912849,5048.0
217229,11,10,10300731.0,2021,11,10,3,3,5,2,0,0,1,0,0,1,0,0,"809654,9734","5830268,351",13.56640231,52.53428095,7058.0
217228,11,7,7601341.0,2021,10,1,7,3,8,7,2,0,1,0,0,0,0,0,"797927,7508","5815750,634",13.38105876,52.41068323,4322.0
217227,11,1,1300731.0,2021,10,2,5,3,0,7,2,1,0,0,0,0,0,0,"797235,3279","5833191,814",13.38646532,52.56740138,4468.0
217226,11,2,2200209.0,2021,10,3,1,3,0,1,2,0,0,0,0,0,1,1,"797106,088","5824484,722",13.37678339,52.48942277,4245.0
217225,11,8,8200832.0,2021,11,10,2,3,5,3,0,0,1,0,0,0,0,0,"801209,6802","5817467,977",13.43070981,52.42428075,5026.0
217224,11,1,1300835.0,2021,11,5,5,3,6,2,2,0,1,1,0,0,0,1,"796999,486","5830511,11",13.38059749,52.54350078,4361.0
217223,11,7,7400721.0,2021,11,0,1,3,5,3,2,0,1,0,0,0,0,0,"797310,986","5823515,228",13.37892752,52.48062073,4243.0
217222,11,6,6200315.0,2021,10,8,2,3,0,7,0,1,0,0,0,0,0,0,"795216,4734","5817274,559",13.34265841,52.42581325,3727.0
217221,11,1,1100416.0,2021,10,1,6,3,5,3,2,1,1,0,0,0,0,1,"798675,9758","5829455,541",13.40429691,52.53312272,4658.0
217220,11,6,6200313.0,2021,11,7,6,3,3,6,1,1,1,0,0,0,0,0,"795100,7851","5818279,343",13.34184864,52.43488301,3729.0
217219,11,9,9200511.0,2021,10,17,7,3,6,4,0,0,0,1,1,0,0,0,"806656,2315","5822044,987",13.51475981,52.46227671,6337.0
217218,11,2,2500835.0,2021,11,19,4,2,6,4,2,0,1,1,0,0,0,0,"803156,142","5826337,412",13.46730378,52.50270227,5649.0
217217,11,7,7200412.0,2021,11,19,6,3,5,2,2,1,1,0,0,0,0,1,"796270,3102","5822947,88",13.36314427,52.47610054,4041.0
217216,11,1,1200518.0,2021,10,15,7,2,6,7,0,0,0,1,0,0,1,0,"793576,299","5828667,969",13.32863647,52.52883332,3557.0
217215,11,2,2100106.0,2021,10,19,4,3,5,3,2,1,1,0,0,0,0,1,"798598,3379","5825578,661",13.39967654,52.49841434,4548.0
217214,11,5,5400943.0,2021,11,18,4,3,5,2,2,1,1,0,0,0,0,1,"780521,5972","5820704,618",13.1300011,52.46430286,538.0
217213,11,1,1100102.0,2021,11,18,3,3,5,3,2,1,1,0,0,0,0,1,"796122,0986","5826295,436",13.36394343,52.50618886,4050.0
217212,11,1,1100206.0,2021,10,14,5,3,3,6,0,1,1,0,0,0,0,0,"798240,4523","5827674,536",13.39629793,52.51739687,4553.0
217211,11,1,1100313.0,2021,10,14,5,3,5,2,0,1,1,0,0,0,0,1,"799982,0252","5826940,922",13.42122594,52.50986604,4951.0
217210,11,1,1400938.0,2021,10,14,2,3,5,7,0,0,1,0,1,0,0,0,"794263,5244","5831249,125",13.34102379,52.55160112,3763.0
217209,11,5,5200629.0,2021,11,11,7,3,2,7,0,1,0,0,0,0,1,0,"784653,059","5828081,211",13.19695499,52.52830542,1557.0
217208,11,4,4400728.0,2021,11,10,2,3,2,6,0,0,1,0,0,0,0,1,"790673,0826","5822971,14",13.28098704,52.47931678,2842.0
217207,11,12,12500927.0,2021,11,11,5,3,5,3,0,0,1,0,0,0,0,1,"792460,5357","5835351,199",13.31812548,52.58934551,3374.0
217206,11,9,9200819.0,2021,11,18,3,3,5,2,1,1,0,0,0,0,1,0,"810046,3063","5819411,654",13.56205527,52.43676466,7030.0
217205,11,2,2500834.0,2021,10,12,7,2,5,3,0,0,1,0,1,0,0,0,"801950,2338","5826799,265",13.45001074,52.50751052,5350.0
217204,11,7,7300619.0,2021,10,18,4,3,5,2,1,1,1,0,0,0,0,0,"794631,3","5821815,842",13.33808226,52.46683907,3639.0
217203,11,2,2300314.0,2021,10,8,2,3,5,3,0,0,1,0,0,0,0,0,"799718,0326","5826304,884",13.41677506,52.50431004,4850.0
217202,11,1,1100416.0,2021,10,16,1,2,0,1,1,1,0,0,0,0,0,0,"798618,6268","5829344,35",13.40335406,52.53215748,4658.0
217201,11,9,9200818.0,2021,11,13,5,3,2,6,0,0,1,0,0,0,0,0,"809709,7439","5821026,536",13.55861683,52.45142761,6934.0
217200,11,4,4200308.0,2021,11,18,7,3,1,5,2,0,1,0,0,0,0,1,"788669,9612","5827671,213",13.25564838,52.5225174,2455.0
217199,11,7,7100102.0,2021,10,18,3,3,5,2,2,0,1,0,0,0,1,1,"795229,829","5824951,602",13.34964399,52.49462594,3847.0
217198,11,5,5200524.0,2021,10,20,4,3,2,6,2,0,1,0,0,0,0,1,"780039,8882","5827865,709",13.12894991,52.52876259,557.0
217197,11,10,10400940.0,2021,11,16,7,3,6,4,2,0,1,1,0,0,0,1,"812376,2878","5824036,619",13.60054613,52.4768847,7541.0
217196,11,1,1400938.0,2021,10,18,5,3,0,1,0,0,0,0,1,0,0,0,"793972,6273","5830138,779",13.33576297,52.54180466,3660.0
217195,11,12,12100205.0,2021,10,12,4,2,2,6,0,0,1,0,0,0,0,0,"795744,1882","5834129,213",13.36536533,52.57661633,4071.0
217194,11,11,11300618.0,2021,10,12,7,3,5,2,0,1,1,0,0,0,0,0,"802437,235","5828898,674",13.45907271,52.52605765,5456.0
217193,11,11,11300620.0,2021,10,12,6,3,5,2,0,0,1,0,0,0,1,0,"803671,2605","5829503,375",13.47775896,52.53079148,5757.0
217192,11,5,5300839.0,2021,11,18,2,2,0,1,2,1,0,0,0,0,0,0,"789057,575","5829677,534",13.26309017,52.54029923,2560.0
217191,11,1,1401043.0,2021,11,18,5,3,6,2,2,0,0,1,0,0,1,1,"795690,7296","5830925,987",13.36172425,52.54793161,4062.0
217190,11,2,2200210.0,2021,11,19,4,3,5,2,1,1,1,0,0,0,0,0,"798694,6944","5824675,867",13.40028232,52.49026926,4645.0
217189,11,5,5100105.0,2021,10,16,1,3,6,4,0,0,0,1,1,0,0,0,"784603,622","5831094,386",13.19880968,52.55534734,1664.0
217188,11,7,7400721.0,2021,10,15,5,3,5,7,0,0,1,0,1,0,0,0,"798881,0428","5823924,761",13.4023452,52.48343461,4643.0
217187,11,3,3400725.0,2021,10,15,3,3,5,3,0,0,1,0,1,0,0,0,"800009,6905","5835428,824",13.4293,52.58593037,5073.0
217186,11,9,9501939.0,2021,11,15,3,3,2,6,0,0,1,0,0,0,0,0,"809733,7822","5821530,043",13.55943641,52.45592631,6935.0
217185,11,2,2200209.0,2021,11,16,6,3,2,6,1,0,1,0,0,0,0,0,"797152,0377","5824493,538",13.37746601,52.48947678,4245.0
217184,11,3,3300516.0,2021,11,6,2,3,0,7,1,0,1,0,1,0,0,1,"801014,113","5833739,004",13.44254641,52.57022964,5269.0
217183,11,4,4400830.0,2021,10,10,3,3,6,4,0,0,1,1,0,0,0,1,"791657,7575","5822982,898",13.29545527,52.4788972,3042.0
217182,11,1,1300733.0,2021,10,0,1,3,2,6,2,0,1,0,0,0,0,0,"797140,3884","5831389,753",13.38345525,52.55129994,4363.0
217181,11,12,12100205.0,2021,11,16,7,2,6,2,2,0,1,1,0,0,0,1,"794843,1684","5833042,787",13.35114157,52.56736638,3868.0
217180,11,1,1100309.0,2021,11,16,2,2,0,1,2,1,0,0,0,0,0,1,"797655,0577","5828602,989",13.38852716,52.52603913,4456.0
217179,11,3,3701556.0,2021,11,18,3,3,3,6,2,1,0,0,0,0,0,0,"799786,8672","5829563,365",13.42072255,52.53347934,4958.0
217178,11,3,3500933.0,2021,11,9,6,3,5,3,0,0,1,0,0,0,0,1,"801981,0942","5832211,342",13.45538052,52.55600179,5465.0
217177,11,5,5200423.0,2021,10,17,6,3,5,3,0,1,1,0,0,0,0,0,"781306,3797","5828364,29",13.14799212,52.53258105,858.0
217176,11,4,4400835.0,2021,10,11,6,3,0,1,0,0,0,0,0,0,1,1,"792838,1738","5821864,54",13.31180487,52.46823969,3239.0
217175,11,9,9300920.0,2021,10,23,6,3,5,3,2,0,1,0,0,0,0,0,"808499,3399","5816658,178",13.53683149,52.41296244,6623.0
217174,11,10,10400941.0,2021,11,12,3,2,5,3,0,1,1,0,0,0,0,0,"812497,1962","5823775,403",13.60207584,52.47447473,7641.0
217173,11,12,12500927.0,2021,11,7,5,3,5,2,0,0,1,0,0,0,0,1,"792761,833","5836307,458",13.32340559,52.59775576,3477.0
217172,11,9,9200613.0,2021,10,13,6,3,0,1,0,0,0,0,1,0,0,0,"807020,574","5821146,997",13.51927997,52.4540241,6335.0
217171,11,2,2300419.0,2021,10,18,6,3,1,5,2,1,1,0,0,0,0,0,"801297,5236","5825870,992",13.43958283,52.4995511,5148.0
217170,11,10,10100312.0,2021,10,7,3,3,5,3,0,0,1,0,0,0,0,0,"807842,4558","5829078,327",13.53866315,52.52464275,6655.0
217169,11,4,4501149.0,2021,10,18,3,3,3,6,2,1,1,0,0,0,0,1,"793664,751","5824474,311",13.32623648,52.49119157,3546.0
217168,11,5,5100208.0,2021,10,14,2,3,5,2,0,0,1,0,0,0,0,0,"781547,642","5830703,526",13.15352222,52.55343124,964.0
217167,11,8,8100209.0,2021,11,10,3,2,8,1,0,0,1,0,0,0,0,1,"801810,3259","5821967,497",13.44358056,52.46428013,5238.0
217166,11,1,1100309.0,2021,10,1,4,3,8,1,2,0,0,0,0,0,1,0,"798649,6866","5828493,839",13.40304663,52.52451683,4655.0
217165,11,7,7601340.0,2021,10,16,4,2,5,2,0,1,1,0,0,0,0,0,"796157,5259","5815930,839",13.35526872,52.41325916,3923.0
217164,11,7,7400826.0,2021,11,18,6,3,5,2,1,0,1,0,1,0,0,0,"796514,3676","5819854,799",13.36397938,52.44824127,4033.0
217163,11,4,4200309.0,2021,11,15,7,3,5,3,0,0,1,0,0,0,0,0,"788997,4516","5826983,433",13.2598643,52.51617776,2553.0
217162,11,1,1300834.0,2021,11,8,4,3,5,2,0,1,1,0,0,0,0,0,"798070,104","5829987,907",13.39586876,52.53822634,4559.0
217161,11,1,1100308.0,2021,11,15,7,3,1,5,0,1,1,0,0,0,0,0,"797087,2695","5828994,557",13.38053237,52.52985879,4357.0
217160,11,8,8100415.0,2021,10,14,4,3,5,3,0,1,1,0,0,0,0,0,"801499,7848","5823646,866",13.44054116,52.47950414,5242.0
217159,11,6,6400839.0,2021,10,10,2,2,5,2,0,1,1,0,0,0,0,0,"788218,6532","5818683,097",13.24124407,52.44217291,2231.0
217158,11,11,11300723.0,2021,11,12,2,3,0,2,0,1,1,0,0,0,0,1,"804348,1409","5828422,456",13.48671735,52.52072618,5854.0
217157,11,1,1100310.0,2021,11,11,4,3,0,1,0,1,0,0,0,0,0,0,"798585,9528","5828098,874",13.40175543,52.52101142,4654.0
217156,11,6,6200316.0,2021,11,10,6,2,4,6,0,1,0,0,0,0,0,1,"796281,8255","5818009,698",13.35893197,52.4318274,3928.0
217155,11,8,8401244.0,2021,10,23,1,3,1,5,2,1,1,0,0,0,0,0,"806025,1955","5815815,08",13.4997981,52.40679479,6021.0
217154,11,3,3200308.0,2021,10,16,4,3,2,6,0,1,0,0,0,1,0,0,"800168,886","5836563,402",13.43267077,52.59601194,5076.0
217153,11,5,5100313.0,2021,11,16,5,3,6,2,2,0,1,1,0,0,0,0,"785404,0197","5830308,455",13.20990788,52.54788194,1762.0
217152,11,4,4200308.0,2021,11,15,3,3,5,3,0,1,1,0,0,0,0,1,"790112,0989","5826844,859",13.2761239,52.51434363,2752.0
217151,11,2,2500726.0,2021,10,19,4,3,5,2,2,0,1,0,1,0,0,0,"801760,5248","5828659,903",13.44891149,52.52429251,5355.0
217150,11,7,7501134.0,2021,10,8,6,3,5,3,0,0,1,0,1,0,0,0,"798775,5769","5819075,996",13.39645656,52.44002923,4531.0
217149,11,4,4300412.0,2021,10,15,6,2,5,2,0,0,1,0,0,0,1,0,"790798,479","5827375,53",13.28667395,52.51873557,2954.0
217148,11,2,2100102.0,2021,11,19,2,3,5,3,2,1,1,0,0,0,0,0,"798335,2046","5825631,103",13.39585879,52.49902832,4548.0
217147,11,7,7601544.0,2021,11,17,5,3,0,1,2,0,0,0,1,0,0,1,"799269,1169","5813287,421",13.39852033,52.3878718,4515.0
217146,11,10,10400941.0,2021,11,15,3,3,5,3,0,1,1,0,0,0,0,0,"812398,3351","5824300,767",13.60111714,52.47923918,7542.0
217145,11,5,5300839.0,2021,10,20,7,2,0,1,2,0,0,0,0,0,1,0,"788998,4173","5829833,159",13.2623557,52.54172582,2560.0
217144,11,6,6200420.0,2021,10,16,5,2,3,6,0,0,1,0,0,0,1,0,"792714,5973","5816204,895",13.30503302,52.41756799,3124.0
217143,11,8,8200832.0,2021,10,14,3,3,2,6,0,0,1,0,0,0,0,1,"801036,4509","5817379,615",13.42809041,52.42358404,5026.0
217142,11,10,10400940.0,2021,11,16,2,3,5,2,2,1,1,0,0,0,0,1,"812434,6437","5824757,683",13.60207818,52.48331294,7643.0
217141,11,11,11300722.0,2021,11,17,5,2,5,2,2,0,1,0,1,0,0,0,"803425,1724","5828617,623",13.47333406,52.52298975,5655.0
217140,11,4,4501148.0,2021,11,16,7,3,5,2,2,0,1,0,0,0,0,1,"793339,8174","5823068,434",13.32022715,52.47876309,3442.0
217139,11,9,9501838.0,2021,10,15,3,3,5,3,0,0,1,0,1,0,0,1,"819873,9256","5819717,096",13.70643064,52.43384325,9129.0
217138,11,1,1200522.0,2021,11,17,6,3,5,3,2,1,0,0,0,0,1,0,"794351,8805","5828182,549",13.33960672,52.52406361,3755.0
217137,11,2,2500836.0,2021,10,18,5,3,0,1,2,0,1,0,1,0,0,0,"803319,5723","5825583,937",13.46901793,52.49585818,5647.0
217136,11,7,7300619.0,2021,10,20,6,3,5,5,2,0,1,0,1,0,0,1,"794905,7204","5821904,782",13.34218877,52.46748831,3739.0
217135,11,4,4300416.0,2021,10,20,7,3,6,7,0,0,1,1,0,0,0,0,"791749,1247","5826019,323",13.29945567,52.50606963,3150.0
217134,11,8,8100418.0,2021,10,17,6,3,5,3,2,0,1,0,0,0,0,0,"801660,6212","5823963,219",13.44318847,52.48225085,5243.0
217133,11,4,4501045.0,2021,11,19,2,3,6,4,2,1,0,1,0,0,0,1,"793660,5533","5825394,14",13.3269857,52.49943968,3548.0
217132,11,3,3601243.0,2021,11,8,6,3,5,2,0,1,1,0,0,0,0,1,"799498,024","5831776,17",13.41847201,52.55347237,4864.0
217131,11,3,3601450.0,2021,11,16,4,3,0,2,2,0,1,0,0,0,1,1,"802346,9592","5829203,754",13.45802349,52.52884213,5457.0
217130,11,11,11300722.0,2021,10,16,1,3,5,2,0,0,1,0,0,0,0,0,"803885,3294","5827895,012",13.47943545,52.51625698,5753.0
217129,11,2,2400521.0,2021,10,11,3,3,3,6,0,1,1,0,0,0,0,0,"800732,6699","5828441,542",13.43360957,52.52290318,5155.0
217128,11,12,12500824.0,2021,10,13,4,2,6,4,0,0,1,1,0,0,0,0,"791080,4716","5835474,838",13.29792022,52.59119417,3075.0
217127,11,3,3200205.0,2021,11,6,2,3,5,3,2,0,1,0,0,0,0,0,"798161,9748","5836391,452",13.40297487,52.5955747,4676.0
217126,11,5,5100105.0,2021,10,7,4,3,2,3,0,1,1,0,0,0,0,1,"784556,2455","5831108,326",13.19812472,52.55549708,1664.0
217125,11,10,10300733.0,2021,11,18,7,3,5,2,2,0,1,0,0,0,0,1,"809513,7086","5827233,118",13.56150217,52.50716052,7050.0
217124,11,7,7400720.0,2021,11,13,2,3,5,3,0,0,1,0,0,0,0,0,"796526,4571","5822786,951",13.36676155,52.47451894,4141.0
217123,11,9,9100101.0,2021,11,11,4,3,5,3,0,1,0,0,1,0,0,0,"802244,0871","5824856,767",13.45256449,52.48993715,5345.0
217122,11,5,5200629.0,2021,11,12,6,3,5,2,0,0,1,0,0,0,0,1,"784521,2176","5828650,38",13.19550394,52.53347744,1558.0
217121,11,12,12200412.0,2021,10,14,1,2,1,5,0,0,1,0,1,0,0,0,"789267,4354","5833658,76",13.26964588,52.57588016,2670.0
217120,11,7,7501135.0,2021,10,1,1,3,1,5,2,1,1,0,0,0,0,0,"798605,0041","5817011,761",13.3921113,52.42161887,4425.0
217119,11,3,3601245.0,2021,11,9,4,3,5,3,0,1,1,0,0,0,0,0,"800972,2937","5831228,348",13.43965445,52.54774954,5162.0
217118,11,5,5200423.0,2021,11,10,5,2,5,3,0,0,1,0,0,0,0,0,"780879,6077","5828331,389",13.14168924,52.53250614,758.0
217117,11,12,12200412.0,2021,10,17,6,3,5,2,0,0,1,0,0,0,0,0,"791167,2706","5834021,577",13.29792098,52.57811959,3071.0
217116,11,9,9301227.0,2021,10,15,6,3,1,5,0,1,1,0,0,0,0,0,"815736,0737","5814531,681",13.64087694,52.38978173,8116.0
217115,11,1,1400938.0,2021,10,8,6,2,5,3,0,1,1,0,0,0,0,0,"793880,8666","5830059,636",13.33434381,52.54114469,3660.0
217114,11,1,1300733.0,2021,10,18,6,3,6,2,1,0,1,1,0,0,0,1,"797152,8273","5831919,828",13.38411262,52.55604464,4365.0
217113,11,2,2200209.0,2021,10,8,7,3,5,3,0,1,0,0,0,0,0,1,"797742,0047","5824596,285",13.38622122,52.49007634,4345.0
217112,11,3,3400619.0,2021,10,16,6,3,5,3,0,1,1,0,0,0,0,0,"795956,8804","5835567,551",13.36977934,52.58939386,4174.0
217111,11,3,3400725.0,2021,11,17,3,3,5,2,2,0,1,0,1,0,0,0,"800014,5276","5835462,768",13.42940192,52.58623194,5073.0
217110,11,4,4501043.0,2021,11,19,5,3,5,2,2,1,1,0,0,0,0,1,"792836,033","5824337,245",13.31394509,52.49040801,3345.0
217109,11,1,1100416.0,2021,11,8,3,3,5,7,0,1,1,0,0,0,0,0,"798708,6987","5830059,937",13.40532113,52.53852233,4660.0
217108,11,4,4300621.0,2021,10,18,1,3,5,7,1,0,1,0,0,0,1,0,"792386,628","5826848,846",13.30955031,52.5131648,3252.0
217107,11,1,1300732.0,2021,10,20,5,3,5,2,2,1,0,0,0,0,1,0,"797700,1045","5832902,061",13.39304236,52.56455017,4567.0
217106,11,2,2500727.0,2021,10,14,3,3,0,1,0,1,0,0,0,0,0,0,"802201,069","5828112,967",13.45488828,52.51914635,5454.0
217105,11,4,4300621.0,2021,11,10,2,3,1,5,0,1,0,0,0,0,1,0,"791985,0407","5826791,059",13.30359868,52.51286188,3152.0
217104,11,4,4400835.0,2021,11,17,6,3,6,7,1,0,1,1,0,0,0,0,"792854,7291","5821890,591",13.31207075,52.46846437,3239.0
217103,11,12,12400723.0,2021,11,16,2,3,0,7,2,0,0,0,1,0,0,1,"792482,2022","5839252,095",13.32189195,52.62430329,3485.0
217102,11,5,5100317.0,2021,10,7,3,3,0,1,2,0,0,0,1,0,0,1,"787970,4447","5827900,044",13.24556487,52.52493887,2356.0
217101,11,6,6400838.0,2021,11,19,7,3,6,2,2,0,1,1,0,0,0,1,"788156,5465","5818728,365",13.24037191,52.44261149,2231.0
217100,11,10,10300731.0,2021,11,16,2,3,6,2,1,0,1,1,0,0,0,1,"809154,9324","5829964,521",13.55877115,52.53184197,6958.0
217099,11,6,6100207.0,2021,11,12,4,3,5,2,0,0,1,0,1,0,0,0,"793425,539","5819938,291",13.31873355,52.45065631,3334.0
217098,11,7,7100206.0,2021,11,17,6,3,6,7,2,0,1,1,0,0,0,0,"796025,1551","5824631,99",13.36104079,52.49133012,4046.0
217097,11,8,8100310.0,2021,10,15,6,3,6,7,0,1,1,1,0,0,0,0,"800793,0149","5825040,604",13.43142333,52.49238639,5046.0
217096,11,4,4200310.0,2021,10,16,7,3,5,2,0,0,1,0,1,0,0,0,"789438,3927","5826654,398",13.26605805,52.51299404,2652.0
217095,11,4,4300412.0,2021,10,12,7,3,2,6,0,0,1,0,0,0,0,0,"791656,4528","5827566,553",13.29945023,52.51998987,3154.0
217094,11,2,2200209.0,2021,11,12,3,2,1,5,0,1,0,0,0,0,1,1,"797505,4568","5824775,024",13.38290715,52.4918075,4346.0
217093,11,1,1100313.0,2021,11,17,5,3,5,3,1,0,1,0,0,0,0,1,"799772,2893","5826562,447",13.41780394,52.50658889,4850.0
217092,11,4,4501040.0,2021,10,11,7,3,5,7,0,1,1,0,0,0,0,0,"792286,4812","5825909,342",13.30725375,52.50479605,3250.0
217091,11,10,10300732.0,2021,10,16,6,3,6,6,2,0,1,1,0,0,0,0,"810282,8031","5829976,414",13.5753562,52.53130774,7257.0
217090,11,10,10200524.0,2021,10,8,2,3,5,3,0,1,1,0,0,0,0,0,"813719,8281","5829973,3",13.62585628,52.52931276,7957.0
217089,11,4,4300622.0,2021,10,11,4,3,6,4,0,0,0,1,1,0,0,0,"793698,6198","5826395,075",13.32842778,52.5083921,3551.0
217088,11,4,4501150.0,2021,10,17,3,3,5,7,1,0,1,0,1,0,0,0,"793439,6535","5823835,344",13.322368,52.48558452,3444.0
217087,11,4,4501042.0,2021,11,10,3,3,2,6,0,0,1,0,1,0,0,1,"794064,1439","5825946,838",13.33340208,52.50417699,3649.0
217086,11,7,7601442.0,2021,10,11,4,2,6,2,0,0,0,1,0,1,0,0,"799248,6827","5816259,532",13.40087607,52.41452446,4623.0
217085,11,11,11300721.0,2021,10,13,4,3,3,6,0,0,1,0,0,1,0,0,"805532,163","5830048,844",13.50560819,52.53464035,6158.0
217084,11,1,1200626.0,2021,11,15,6,2,5,3,0,0,1,0,0,0,0,0,"795322,1997","5828222,514",13.35390274,52.52389717,3955.0
217083,11,6,6100208.0,2021,11,2,7,3,6,4,2,0,0,1,0,0,1,0,"794058,5363","5820612,578",13.32861513,52.4563609,3535.0
217082,11,1,1300730.0,2021,11,14,4,3,5,3,0,0,1,0,1,0,0,0,"796223,801","5832160,315",13.37066407,52.55870646,4165.0
217081,11,12,12200309.0,2021,11,23,2,3,5,3,2,1,1,0,0,0,0,0,"793231,5531","5832405,496",13.32686885,52.56252391,3567.0
217080,11,7,7300618.0,2021,10,14,4,3,5,3,0,1,1,0,0,0,0,0,"794418,6757","5822074,367",13.33518949,52.46927124,3639.0
217079,11,6,6300528.0,2021,10,11,2,3,5,3,0,0,1,0,1,0,0,0,"788965,9082","5816398,339",13.25023283,52.42129445,2325.0
217078,11,10,10200420.0,2021,10,14,1,3,5,2,0,0,1,0,0,0,0,0,"812011,184","5830586,154",13.60132576,52.53578521,7559.0
217077,11,4,4100102.0,2021,11,13,4,3,5,2,0,0,1,0,0,0,0,0,"791429,789","5829183,339",13.29753619,52.53460531,3058.0
217076,11,1,1100206.0,2021,11,21,6,3,6,2,2,0,1,1,0,0,0,0,"797897,3474","5827372,244",13.39098579,52.51487471,4453.0
217075,11,3,3601348.0,2021,10,15,1,3,5,7,0,1,0,0,0,0,0,0,"799907,4955","5830645,501",13.42347227,52.54311252,4961.0
217074,11,9,9301227.0,2021,10,18,4,3,5,3,2,1,1,0,0,0,0,1,"815060,8409","5815053,335",13.63147753,52.39484495,8017.0
217073,11,2,2100102.0,2021,11,12,6,3,5,3,0,0,1,0,0,0,0,0,"798213,1783","5826240,744",13.39461248,52.50455968,4550.0
217072,11,8,8100312.0,2021,11,15,3,3,6,2,0,0,1,1,0,0,0,0,"801100,6809","5824355,235",13.43532201,52.48607363,5144.0
217071,11,10,10400835.0,2021,10,12,5,3,5,3,0,1,1,0,0,0,0,0,"812828,5734","5828985,475",13.61183172,52.520973,7754.0
217070,11,11,11300723.0,2021,10,18,5,2,0,1,0,1,0,0,0,0,0,1,"805207,4482","5828548,621",13.49945868,52.52137667,6054.0
217069,11,5,5100314.0,2021,10,18,5,3,0,5,2,0,1,0,1,0,0,0,"785311,8643","5829919,216",13.20821813,52.54444036,1761.0
217068,11,6,6300633.0,2021,11,8,2,3,6,2,0,0,1,1,0,0,0,1,"793275,3272","5819097,035",13.31579097,52.44319527,3332.0
217067,11,5,5100208.0,2021,11,12,5,2,2,6,0,0,1,0,0,1,0,1,"782387,4625","5830501,943",13.16570464,52.55118898,1163.0
217066,11,9,9301025.0,2021,11,9,3,3,6,7,0,0,1,1,0,0,0,0,"810375,7395","5814095,747",13.5619573,52.3889378,7016.0
217065,11,3,3500934.0,2021,10,15,1,3,5,3,0,0,0,0,1,0,0,0,"801238,5819","5831800,101",13.44408832,52.55272702,5264.0
217064,11,3,3400828.0,2021,10,10,5,3,1,5,0,1,1,0,0,0,0,0,"799945,4728","5832575,008",13.42577367,52.56038635,4966.0
217063,11,7,7400721.0,2021,10,13,2,3,2,6,0,0,1,0,0,0,0,0,"798360,866","5823947,956",13.39472856,52.483927,4544.0
217062,11,11,11200514.0,2021,11,8,2,3,2,6,0,1,0,0,0,0,0,0,"803500,043","5830163,722",13.47584562,52.53680533,5759.0
217061,11,1,1100310.0,2021,11,9,5,3,2,6,0,0,1,0,0,0,0,0,"799730,7981","5828690,692",13.41911166,52.52568806,4856.0
217060,11,3,3300516.0,2021,11,0,1,3,0,1,2,0,0,0,0,0,1,0,"801096,7965","5834818,257",13.44474275,52.57985728,5272.0
217059,11,10,10300732.0,2021,10,12,2,3,9,1,0,0,1,0,0,0,0,0,"809840,4873","5830081,694",13.5689546,52.53250279,7158.0
217058,11,9,9200510.0,2021,11,17,7,3,5,3,2,1,1,0,0,0,0,1,"806410,9663","5822970,362",13.51201073,52.47070783,6240.0
217057,11,9,9501939.0,2021,10,19,5,3,1,5,2,1,1,0,0,0,0,0,"810710,8401","5821398,156",13.5736468,52.45418988,7135.0