ObjectID,State,District,LOR_ab_2021,AccidentYear,AccidentMonth,AccidentHour,DayOfWeek,AccidentCategory,AccidentType,AccidentTypeDetail,LightingCondition,InvolvingBike,InvolvingCar,InvolvingPedestrian,InvolvingMotorcycle,InvolvingHGV,InvolvingOther,RoadCondition,GraphicCoord1,GraphicCoord2,LongitudeWGS84,LatitudeWGS84,quadrant
217056,11,1,1100309.0,2021,10,18,6,3,6,2,2,0,1,1,0,0,0,1,"798524,3901","5829056,4",13.40171035,52.52962803,4657.0
217055,11,12,12100205.0,2021,10,14,6,3,5,3,0,0,1,0,0,0,0,1,"794799,112","5834244,398",13.35156167,52.57816165,3871.0
217054,11,10,10200526.0,2021,10,18,6,3,9,1,2,0,0,0,1,0,0,0,"812097,6384","5830187,207",13.60222168,52.5321607,7658.0
217053,11,4,4300622.0,2021,11,16,3,3,2,6,2,0,1,0,1,0,0,0,"792781,8778","5827039,549",13.31552583,52.51466238,3353.0
217052,11,1,1400937.0,2021,11,7,6,3,5,3,0,0,1,0,0,0,0,1,"793793,9944","5832188,293",13.33495002,52.56027363,3666.0
217051,11,7,7100102.0,2021,11,17,4,3,5,3,2,0,1,0,1,0,0,0,"794957,23","5825403,897",13.34604083,52.49882784,3848.0
217050,11,5,5100315.0,2021,10,17,6,2,5,3,0,0,1,0,0,0,1,0,"784376,083","5830006,752",13.194531,52.54571447,1562.0
217049,11,9,9200715.0,2021,10,15,3,2,5,2,0,0,1,0,0,0,1,0,"807699,2114","5818374,488",13.5266829,52.42879475,6427.0
217048,11,5,5200629.0,2021,10,23,3,2,5,3,2,0,1,0,0,0,0,0,"784025,5502","5828512,591",13.1880984,52.53250055,1458.0
217047,11,4,4300619.0,2021,10,16,2,3,5,2,0,1,1,0,0,0,0,0,"792763,989","5827029,207",13.31525387,52.51457927,3353.0
217046,11,8,8401244.0,2021,11,0,3,2,9,1,2,0,1,0,0,0,0,0,"806411,4734","5816143,258",13.50575919,52.40952007,6122.0
217045,11,6,6100103.0,2021,10,12,3,3,5,2,0,0,1,0,0,0,0,1,"793585,0137","5821271,931",13.32224619,52.46252633,3437.0
217044,11,2,2400625.0,2021,10,17,4,3,2,6,0,0,1,0,0,0,0,0,"801750,9847","5826253,041",13.44658885,52.5027249,5249.0
217043,11,2,2500833.0,2021,11,10,1,3,0,1,0,1,0,0,0,0,0,1,"802390,8684","5827079,315",13.45673769,52.50977655,5451.0
217042,11,1,1100309.0,2021,11,10,2,3,5,3,0,1,1,0,0,0,0,1,"798245,6345","5828939,305",13.39750825,52.52873101,4557.0
217041,11,9,9401534.0,2021,11,20,3,3,9,1,2,0,0,0,0,0,1,0,"811257,0365","5820202,016",13.58054443,52.44315991,7232.0
217040,11,6,6200313.0,2021,11,9,2,3,2,6,0,0,1,0,0,0,0,0,"795469,4084","5818365,714",13.34733163,52.43545828,3829.0
217039,11,12,12400618.0,2021,10,14,7,2,0,7,0,0,0,0,1,0,0,1,"787176,0939","5838992,721",13.24349651,52.62480889,2285.0
217038,11,7,7400721.0,2021,10,0,7,2,2,1,2,0,1,0,0,0,0,0,"797797,6938","5823274,496",13.38585817,52.47819764,4342.0
217037,11,9,9200819.0,2021,11,17,3,3,5,2,1,1,1,0,0,0,0,0,"810495,4327","5820304,004",13.56946997,52.44450685,7132.0
217036,11,1,1100308.0,2021,11,8,5,3,2,6,0,1,1,0,0,0,0,1,"796934,616","5828135,29",13.37752135,52.52223958,4255.0
217035,11,1,1200628.0,2021,10,19,7,3,1,5,2,1,1,0,0,0,0,0,"796297,4808","5828240,272",13.36825168,52.52352723,4155.0
217034,11,3,3400619.0,2021,10,7,4,3,0,2,0,1,1,0,0,0,0,1,"795367,463","5835565,85",13.36110256,52.58969898,4074.0
217033,11,8,8200831.0,2021,10,14,3,3,0,5,0,0,1,0,0,0,0,0,"799693,3955","5817627,063",13.40862008,52.4265393,4727.0
217032,11,7,7200413.0,2021,11,14,5,3,5,7,0,0,1,0,0,0,0,1,"796117,9697","5823308,023",13.36122763,52.47941153,4042.0
217031,11,7,7501133.0,2021,11,8,3,3,0,2,0,1,1,0,0,0,0,1,"797908,8313","5818355,008",13.3831005,52.43403915,4329.0
217030,11,1,1100310.0,2021,10,15,4,3,5,7,0,0,1,0,1,0,0,0,"799080,0996","5828410,707",13.40929712,52.52353575,4755.0
217029,11,4,4200308.0,2021,10,6,6,2,4,6,2,0,1,0,0,1,0,0,"789722,7386","5828388,387",13.27174677,52.52838859,2657.0
217028,11,3,3500934.0,2021,11,18,6,3,1,5,1,1,1,0,0,0,0,0,"800511,3184","5831788,055",13.43338326,52.55302078,5064.0
217027,11,10,10400941.0,2021,11,12,2,2,5,3,0,1,1,0,0,0,0,1,"812566,4968","5824277,355",13.60356326,52.47893317,7642.0
217026,11,3,3400620.0,2021,11,6,5,3,5,3,2,1,1,0,0,0,0,0,"797411,7617","5833971,81",13.38976021,52.57429667,4470.0
217025,11,2,2500835.0,2021,11,10,3,2,0,1,0,0,0,0,1,0,0,0,"803113,5799","5826306,229",13.46665027,52.50244643,5549.0
217024,11,11,11501238.0,2021,10,11,7,3,5,2,0,0,1,0,1,0,0,0,"804082,3955","5825989,88",13.48059043,52.49907208,5848.0
217023,11,1,1100310.0,2021,10,15,4,3,0,2,0,1,1,0,0,0,0,0,"799492,8929","5828852,927",13.41576152,52.52727298,4856.0
217022,11,11,11300722.0,2021,10,14,2,3,5,2,0,1,1,0,0,0,0,0,"803738,6371","5828638,533",13.47795918,52.52300265,5755.0
217021,11,7,7601339.0,2021,10,12,1,3,0,2,0,0,1,0,1,0,0,0,"795400,2446","5815723,373",13.34398391,52.41180851,3722.0
217020,11,4,4501042.0,2021,11,15,4,3,0,2,0,0,1,0,0,0,1,0,"793996,5473","5826165,011",13.33260171,52.50616923,3650.0
217019,11,5,5200525.0,2021,11,14,6,2,6,4,0,0,1,1,0,0,0,1,"781207,2309","5827399,412",13.14571815,52.52398053,855.0
217018,11,11,11200513.0,2021,10,17,2,3,5,2,0,1,1,0,0,0,0,0,"803853,4647","5830396,553",13.48125326,52.53869518,5860.0
217017,11,8,8100417.0,2021,10,13,5,2,5,3,0,1,1,0,0,0,0,1,"802074,3311","5822683,037",13.44810258,52.47054774,5340.0
217016,11,8,8100418.0,2021,11,14,6,3,6,4,0,0,1,1,0,0,0,0,"802068,4145","5823584,307",13.44883197,52.4786292,5342.0
217015,11,9,9501737.0,2021,11,7,4,3,1,5,0,1,1,0,0,0,0,1,"815059,2731","5821052,942",13.6371038,52.44860768,8133.0
217014,11,1,1300834.0,2021,10,9,5,3,0,2,0,1,1,0,0,0,0,0,"798351,5399","5830138,989",13.40014167,52.53942658,4660.0
217013,11,4,4501152.0,2021,10,13,4,3,0,7,0,1,0,0,0,1,0,1,"793965,4876","5824887,998",13.33101817,52.49473819,3547.0
217012,11,4,4100101.0,2021,10,6,3,2,2,7,2,0,1,0,1,0,0,1,"792496,5863","5830685,571",13.3145418,52.54750081,3362.0
217011,11,11,11300620.0,2021,11,18,4,3,5,2,2,0,1,0,0,0,0,0,"803730,4885","5829786,211",13.47888783,52.53329345,5758.0
217010,11,11,11501341.0,2021,11,18,3,3,0,7,2,0,1,0,0,0,0,1,"806453,2558","5824373,678",13.51392086,52.48326108,6243.0
217009,11,5,5100317.0,2021,10,2,4,2,0,7,2,0,0,0,0,0,1,1,"788104,7869","5827881,934",13.24752389,52.52470553,2355.0
217008,11,4,4400729.0,2021,10,17,4,3,0,1,0,1,0,0,0,0,0,0,"789341,7147","5822872,843",13.26135261,52.47914255,2542.0
217007,11,8,8200832.0,2021,11,10,6,2,6,4,0,0,1,1,0,0,0,1,"801533,9182","5817359,897",13.43536634,52.42313341,5126.0
217006,11,12,12500824.0,2021,11,15,7,3,5,2,0,1,1,0,0,0,0,1,"790208,55","5835827,334",13.28539402,52.59482019,2876.0
217005,11,10,10100208.0,2021,11,19,4,3,2,7,2,1,1,0,0,0,0,1,"809066,3797","5832252,283",13.55959809,52.55239434,6964.0
217004,11,8,8401242.0,2021,11,21,7,3,5,3,2,0,1,0,0,0,0,0,"804819,2133","5816776,748",13.48299994,52.41608672,5824.0
217003,11,6,6400735.0,2021,10,10,7,2,5,3,0,0,1,0,0,0,0,0,"782949,4337","5815892,095",13.16156795,52.41989932,1025.0
217002,11,3,3501038.0,2021,10,20,4,3,5,7,2,1,1,0,0,0,0,0,"803004,6805","5832010,834",13.47024945,52.55363618,5664.0
217001,11,2,2100106.0,2021,10,17,1,3,5,2,0,1,1,0,0,0,0,0,"799071,9435","5825610,953",13.40666144,52.49844446,4748.0
217000,11,12,12200309.0,2021,11,12,2,2,5,3,0,0,1,0,1,0,0,1,"793561,9581","5832369,066",13.33169687,52.5620193,3566.0
216999,11,4,4300621.0,2021,11,10,4,3,1,5,0,1,1,0,0,0,0,0,"792086,9019","5826762,902",13.3050707,52.51255492,3152.0
216998,11,8,8200623.0,2021,11,13,7,3,3,6,0,0,1,0,0,0,0,0,"801995,5496","5820644,831",13.44510229,52.45232249,5234.0
216997,11,8,8100102.0,2021,10,23,7,3,6,7,2,0,1,1,0,0,0,0,"800406,933","5823337,386",13.42421887,52.4773324,4942.0
216996,11,7,7200307.0,2021,10,22,4,3,0,1,2,0,0,0,0,0,1,0,"794636,7209","5824532,079",13.34056195,52.49118567,3746.0
216995,11,9,9100407.0,2021,11,10,6,2,0,7,0,1,0,0,0,0,0,0,"805933,7771","5820317,184",13.50257624,52.44719625,6133.0
216994,11,4,4501042.0,2021,11,16,3,3,6,4,2,0,1,1,0,0,0,1,"793521,7789","5825707,235",13.3252232,52.5023211,3449.0
216993,11,12,12601031.0,2021,10,22,4,3,5,3,2,0,1,0,0,0,1,0,"793487,4223","5836483,428",13.33424351,52.59894209,3677.0
216992,11,3,3400828.0,2021,10,16,6,3,5,3,0,0,1,0,0,0,0,1,"800125,1321","5831772,903",13.42769074,52.5530979,5064.0
216991,11,2,2500833.0,2021,10,22,1,2,6,2,2,0,1,1,0,0,0,0,"802996,8814","5826892,541",13.46546986,52.50776627,5551.0
216990,11,12,12500928.0,2021,10,8,6,3,2,6,0,0,1,0,0,0,0,0,"791769,4669","5836885,957",13.30930566,52.60347515,3279.0
216989,11,10,10200418.0,2021,11,18,2,3,5,2,1,0,1,0,0,0,1,1,"811292,9025","5831567,052",13.59168902,52.544986,7461.0
216988,11,4,4300416.0,2021,11,21,5,3,5,7,2,0,1,0,1,0,0,1,"791780,3073","5825924,672",13.29983085,52.50520442,3150.0
216987,11,7,7400823.0,2021,11,8,3,2,5,3,0,0,0,0,1,0,1,0,"797277,7713","5821223,797",13.37639803,52.46009845,4237.0
216986,11,9,9200715.0,2021,10,12,2,3,6,2,0,0,1,1,0,0,0,1,"808176,9043","5818868,989",13.53414227,52.43295769,6529.0
216985,11,4,4100102.0,2021,10,5,5,3,2,2,2,0,1,0,0,0,1,0,"791203,7474","5829140,204",13.29417528,52.53433944,3058.0
216984,11,5,5200420.0,2021,10,20,2,2,2,2,2,0,1,0,1,0,1,0,"781884,2671","5829131,224",13.15713954,52.53915916,960.0
216983,11,3,3400831.0,2021,11,13,2,3,6,4,0,0,0,1,0,0,1,1,"799940,1747","5833850,57",13.42684901,52.57182246,5069.0
216982,11,8,8300934.0,2021,11,20,6,3,0,2,2,1,1,0,0,0,0,0,"803155,4197","5818426,131",13.46010575,52.43179426,5428.0
216981,11,1,1100205.0,2021,11,19,1,3,5,2,2,1,1,0,0,0,0,1,"796952,633","5826789,541",13.37658503,52.51016658,4251.0
216980,11,1,1300733.0,2021,10,16,2,3,2,6,0,0,1,0,0,0,1,0,"797668,339","5831881,096",13.39165935,52.55541594,4464.0
216979,11,10,10400836.0,2021,10,11,2,3,5,3,0,1,1,0,0,0,0,0,"811155,1","5827124,658",13.58550709,52.50525497,7350.0
216978,11,12,12601235.0,2021,11,2,7,3,2,7,2,0,1,0,0,0,0,0,"794432,4646","5836240,152",13.34794001,52.59625044,3876.0
216977,11,1,1100311.0,2021,11,14,1,3,1,7,0,0,1,0,0,0,0,1,"799882,9852","5827832,076",13.42057406,52.51790827,4953.0
216976,11,11,11200513.0,2021,10,7,5,2,0,2,1,0,1,0,0,0,1,0,"804372,5135","5830844,997",13.48929353,52.54242473,5961.0
216975,11,12,12200309.0,2021,10,14,6,3,0,6,0,0,1,0,1,0,0,0,"793543,8508","5832384,229",13.33144393,52.56216499,3566.0
216974,11,9,9501737.0,2021,10,16,2,3,5,3,0,1,1,0,0,0,0,0,"815033,2326","5821296,513",13.6369516,52.45080528,8134.0
216973,11,9,9100304.0,2021,10,14,6,3,0,4,0,0,0,1,1,0,0,0,"804604,2134","5822063,884",13.48466697,52.46359376,5838.0
216972,11,1,1200519.0,2021,11,12,4,3,0,5,0,1,1,0,0,0,0,1,"793857,2091","5829136,377",13.33317954,52.53288097,3658.0
216971,11,10,10200421.0,2021,11,15,5,3,5,2,0,1,1,0,0,0,0,0,"812063,1643","5830615,118",13.60211684,52.536015,7659.0
216970,11,2,2300315.0,2021,10,12,6,3,5,2,0,1,1,0,0,0,0,0,"800461,8925","5825774,294",13.42722266,52.49914508,5048.0
216969,11,1,1100416.0,2021,10,7,3,3,5,3,0,1,1,0,0,0,0,0,"798590,4818","5829516,136",13.40309469,52.53371271,4658.0
216968,11,6,6300526.0,2021,10,13,4,3,2,3,0,0,1,0,1,0,0,0,"789407,7417","5817968,418",13.25807074,52.43513747,2429.0
216967,11,2,2400521.0,2021,10,12,2,2,5,3,0,0,1,0,1,0,0,0,"801250,445","5827841,258",13.44067446,52.51723693,5253.0
216966,11,5,5100104.0,2021,11,9,1,3,5,3,0,0,1,0,0,0,0,1,"785763,6115","5831744,42",13.21643265,52.56056795,1866.0
216965,11,2,2300315.0,2021,10,17,4,3,5,3,0,1,0,0,0,0,1,0,"800597,6807","5826214,523",13.42961433,52.50301622,5049.0
216964,11,9,9100101.0,2021,10,15,4,3,1,5,0,1,1,0,0,0,0,0,"801668,9235","5824894,733",13.44415345,52.49059558,5245.0
216963,11,6,7300619.0,2021,11,13,7,3,0,7,0,0,0,0,1,0,0,1,"794819,6902","5821586,192",13.34064454,52.46467876,3738.0
216962,11,8,8100314.0,2021,11,19,3,3,2,6,2,0,1,0,0,0,0,0,"800343,4956","5824377,491",13.42422462,52.48669018,4944.0
216961,11,1,1401043.0,2021,11,12,7,3,2,2,0,0,1,0,1,0,0,0,"795682,3529","5830937,161",13.36161102,52.54803632,4062.0
216960,11,5,5200631.0,2021,10,12,1,3,2,6,0,0,1,0,1,0,0,0,"785074,5643","5827586,476",13.20272739,52.52364939,1655.0
216959,11,4,4501041.0,2021,10,13,7,3,5,7,0,0,1,0,0,0,0,0,"793140,1744","5825596,609",13.31952001,52.50153453,3449.0
216958,11,1,1200624.0,2021,11,18,4,3,5,2,2,1,1,0,0,0,0,0,"795668,8498","5829732,424",13.36034021,52.5372443,4059.0
216957,11,6,6100103.0,2021,11,6,5,3,6,4,2,0,0,1,0,0,1,0,"793946,9981","5821464,575",13.3277286,52.4640587,3538.0
216956,11,6,6400838.0,2021,10,18,7,3,2,6,0,0,1,0,0,0,0,0,"788442,5045","5821531,317",13.24698873,52.46759078,2339.0
216955,11,3,3701554.0,2021,10,10,4,3,5,5,0,0,1,0,0,0,1,0,"798943,5147","5829969,41",13.40869159,52.53758213,4759.0
216954,11,10,10100315.0,2021,11,17,4,2,2,7,2,0,1,0,0,0,0,0,"809783,0025","5830680,889",13.56866832,52.53790517,7159.0
216953,11,12,12500824.0,2021,11,16,3,3,1,5,1,0,1,0,0,1,1,1,"791140,7708","5836676,613",13.29986444,52.60193548,3178.0
216952,11,9,9401329.0,2021,10,10,5,3,2,6,0,0,1,0,0,0,0,0,"812399,5438","5819581,993",13.59671971,52.43695222,7530.0
216951,11,1,1100102.0,2021,10,3,5,3,9,1,2,0,0,0,1,0,0,0,"795142,3508","5827068,305",13.35023554,52.51364795,3852.0
216950,11,7,7400721.0,2021,10,15,2,3,5,3,0,0,1,0,1,0,0,0,"797827,9656","5822536,161",13.38564328,52.47156279,4340.0
216949,11,6,6100205.0,2021,11,11,6,2,0,1,0,0,0,0,1,0,0,1,"795238,1313","5819621,85",13.34504914,52.4468437,3733.0
216948,11,4,4200311.0,2021,11,18,1,2,5,2,2,0,1,0,0,0,0,1,"790449,35","5825976,206",13.28032171,52.5063766,2850.0
216947,11,8,8100103.0,2021,11,12,5,3,2,6,0,0,1,0,0,0,0,1,"800688,7622","5822945,878",13.42800306,52.47366808,5041.0
216946,11,6,6100101.0,2021,11,16,2,3,1,5,1,1,1,0,0,0,0,0,"793230,167","5820597,14",13.3164454,52.45666755,3336.0
216945,11,2,2100106.0,2021,10,19,7,3,5,2,2,1,1,0,0,0,0,0,"798578,3304","5825563,167",13.39936879,52.4982864,4548.0
216944,11,3,3400724.0,2021,10,16,4,3,2,6,1,0,1,0,0,0,0,0,"800004,8158","5834937,114",13.42878314,52.58152576,5072.0
216943,11,9,9501939.0,2021,10,9,2,3,5,2,0,1,0,0,0,0,1,0,"810936,7101","5821596,922",13.57714515,52.4558427,7235.0
216942,11,9,9502043.0,2021,11,9,2,3,5,3,0,0,1,0,0,0,0,0,"809221,3936","5823026,352",13.55330587,52.46962613,6839.0
216941,11,7,7601341.0,2021,11,13,5,3,5,2,0,1,0,0,0,0,1,0,"798077,2823","5814312,488",13.3819707,52.39771026,4318.0
216940,11,6,6200317.0,2021,11,11,7,2,6,4,0,0,1,1,0,0,0,0,"796244,3686","5817025,442",13.35751082,52.42302453,3926.0
216939,11,11,11300722.0,2021,10,17,3,3,5,2,0,1,1,0,0,0,0,0,"804253,6095","5827663,143",13.48463403,52.51397351,5852.0
216938,11,9,9501940.0,2021,10,21,5,3,5,2,2,1,0,0,0,0,1,1,"811170,2551","5821573,338",13.58054915,52.45549845,7235.0
216937,11,12,12601032.0,2021,11,7,6,3,1,5,0,0,1,0,0,0,1,0,"793507,3156","5837540,939",13.3354741,52.60841119,3680.0
216936,11,10,10200629.0,2021,11,15,4,3,6,2,1,0,1,1,0,0,0,1,"811027,0006","5828904,114",13.5852889,52.52127439,7354.0
216935,11,1,1200627.0,2021,10,22,5,3,3,6,2,0,1,0,0,0,0,0,"795510,8513","5828358,126",13.35679578,52.5250106,3956.0
216934,11,12,12200309.0,2021,10,0,5,3,5,7,2,0,1,0,0,0,1,0,"793342,5928","5832794,325",13.32884603,52.56594973,3568.0
216933,11,11,11200513.0,2021,10,8,7,3,5,3,0,0,1,0,0,0,0,1,"804488,497","5830804,369",13.49096126,52.5419958,5961.0
216932,11,2,2200208.0,2021,10,3,6,2,0,1,2,0,0,0,0,0,1,0,"797302,6188","5824832,171",13.37997938,52.49243028,4346.0
216931,11,6,6300524.0,2021,11,15,2,3,5,2,0,1,0,0,0,1,0,1,"787536,9182","5817032,408",13.22982201,52.42773211,2027.0
216930,11,10,10100210.0,2021,11,16,5,2,6,4,2,0,1,1,0,0,0,1,"808860,977","5831777,699",13.55613683,52.54825778,6962.0
216929,11,4,4300619.0,2021,11,12,3,3,2,6,0,0,1,0,0,0,0,0,"791833,2122","5827445,502",13.30194174,52.5188101,3154.0
216928,11,7,7400822.0,2021,10,3,1,3,5,3,2,1,1,0,0,0,0,0,"796418,1847","5820706,298",13.363324,52.45592642,4035.0
216927,11,1,1100312.0,2021,10,19,5,2,4,6,2,1,1,0,0,0,1,0,"799468,9296","5826591,191",13.41337354,52.50701314,4850.0
216926,11,2,2200212.0,2021,10,14,3,3,2,6,0,0,1,0,0,0,0,0,"799623,8838","5824499,909",13.41376861,52.48818286,4845.0
216925,11,4,4501153.0,2021,11,17,3,3,5,2,2,1,1,0,0,0,0,0,"793883,9112","5823108,59",13.32825099,52.47883054,3542.0
216924,11,4,4300624.0,2021,11,8,6,3,6,4,0,0,1,1,0,0,0,1,"792862,9297","5826217,874",13.31599379,52.50725282,3350.0
216923,11,2,2300315.0,2021,11,22,1,2,6,2,2,0,1,1,0,0,0,0,"800588,5588","5825975,064",13.4292642,52.5008749,5048.0
216922,11,3,3500934.0,2021,10,7,3,3,6,4,0,0,0,1,0,0,1,1,"800917,9337","5832080,97",13.43962792,52.55542172,5164.0
216921,11,1,1100309.0,2021,10,8,4,3,5,3,0,1,1,0,0,0,0,0,"797948,6778","5828786,066",13.39300642,52.5275198,4456.0
216920,11,1,1100313.0,2021,10,15,1,3,1,5,0,0,1,0,1,0,0,0,"799912,6304","5826953,806",13.42021809,52.51001968,4951.0
216919,11,7,7601340.0,2021,11,17,7,3,6,4,2,0,1,1,0,0,0,1,"795825,4139","5816018,405",13.35047739,52.41422371,3823.0
216918,11,1,1100207.0,2021,11,10,1,3,5,3,0,0,1,0,0,0,0,0,"798024,3327","5826692,031",13.39224245,52.50870809,4451.0
216917,11,9,9401330.0,2021,11,12,4,3,6,2,0,0,1,1,0,0,0,0,"811900,2127","5817887,213",13.58781749,52.42204947,7325.0
216916,11,10,10400938.0,2021,11,16,6,3,6,7,1,0,1,1,0,0,0,0,"813416,0678","5829584,877",13.62102702,52.52600686,7856.0
216915,11,3,3501038.0,2021,10,13,6,3,6,7,0,0,0,1,0,0,1,0,"803721,3771","5831992,814",13.48077134,52.55307551,5864.0
216914,11,1,1100205.0,2021,10,17,6,3,6,4,1,0,1,1,0,0,0,1,"797013,8682","5826727,899",13.37742967,52.50958069,4251.0
216913,11,3,3500932.0,2021,10,6,2,3,5,2,2,0,0,0,0,0,1,0,"802058,8954","5832780,239",13.45704236,52.56105761,5466.0
216912,11,5,5300737.0,2021,10,14,6,3,2,6,0,0,1,0,0,0,0,0,"787356,2466","5830054,244",13.23839928,52.54457651,2261.0
216911,11,6,6200422.0,2021,11,1,3,2,8,1,2,0,1,0,0,0,0,1,"794118,6358","5817425,461",13.32669191,52.42775726,3527.0
216910,11,6,6200312.0,2021,11,7,5,3,2,6,2,0,1,0,0,0,0,1,"794288,5111","5819314,779",13.33084643,52.44460291,3532.0
216909,11,1,1100103.0,2021,10,17,6,3,3,2,0,0,1,0,1,0,0,0,"795271,5508","5826057,543",13.35123727,52.50451731,3850.0
216908,11,1,1300733.0,2021,10,9,6,3,0,1,0,1,0,0,0,0,0,0,"797189,7327","5831917,16",13.384653,52.55600058,4365.0
216907,11,1,1300834.0,2021,10,14,3,3,5,3,0,0,1,0,0,0,1,0,"797836,4476","5830459,573",13.39285668,52.54258196,4461.0
216906,11,4,4300623.0,2021,10,17,3,3,1,5,0,1,1,0,0,0,0,0,"791950,7527","5826452,004",13.30279742,52.50984068,3151.0
216905,11,11,11400931.0,2021,10,19,2,3,6,4,1,1,0,1,0,0,0,1,"805678,5726","5827215,643",13.50515629,52.50916616,6151.0
216904,11,4,4200206.0,2021,10,17,7,2,5,3,1,1,1,0,0,0,0,0,"787834,8322","5825830,603",13.24178119,52.50645689,2250.0
216903,11,3,3400725.0,2021,10,13,6,3,2,6,0,0,1,0,0,0,1,0,"799993,8024","5835316,402",13.42896441,52.58493146,5073.0
216902,11,6,6200312.0,2021,11,19,2,3,2,2,2,0,1,0,0,0,0,0,"794314,3425","5819252,125",13.3311702,52.44402734,3532.0
216901,11,4,4501150.0,2021,11,17,5,3,1,5,2,0,1,0,0,0,0,1,"793621,2775","5823945,515",13.3251321,52.48647451,3444.0
216900,11,6,6400842.0,2021,11,17,3,3,1,5,2,0,1,0,0,0,0,0,"789943,666","5819779,136",13.26750332,52.45108733,2634.0
216899,11,1,1100206.0,2021,10,23,7,3,5,3,2,1,1,0,0,0,0,0,"797882,3012","5828175,552",13.39148401,52.52208359,4455.0
216898,11,12,12500825.0,2021,10,14,5,3,2,2,0,0,1,0,0,1,0,0,"791562,698","5834401,34",13.30407403,52.58131232,3172.0
216897,11,1,1300733.0,2021,10,14,3,3,6,7,0,0,1,1,0,0,0,0,"797159,69","5831388,356",13.38373783,52.55127689,4363.0
216896,11,7,7501029.0,2021,11,13,2,3,5,3,0,0,1,0,0,0,0,1,"797538,7739","5819909,738",13.37905738,52.4481772,4233.0
216895,11,4,4501149.0,2021,11,9,5,3,5,7,0,1,0,0,0,0,1,0,"793461,2992","5824570,633",13.32333336,52.49216447,3446.0
216894,11,4,4501042.0,2021,11,14,7,3,0,5,0,1,0,0,0,0,1,1,"793581,9981","5825453,983",13.32588455,52.50001841,3548.0
216893,11,7,7400927.0,2021,10,8,3,2,5,7,0,0,1,0,0,0,0,1,"798897,2462","5821310,369",13.40024062,52.45999112,4637.0
216892,11,4,4501043.0,2021,11,17,7,2,6,2,2,0,1,1,0,0,0,1,"792833,3402","5824335,7",13.31390418,52.4903956,3345.0
216891,11,5,5200632.0,2021,11,18,2,2,1,1,1,0,1,0,0,1,0,1,"785271,6458","5827745,904",13.20576114,52.52497573,1756.0
216890,11,4,4501041.0,2021,10,14,5,3,5,2,0,1,1,0,0,0,0,0,"793508,594","5825732,312",13.32505162,52.50255299,3449.0
216889,11,7,7100206.0,2021,10,11,6,3,0,2,0,0,1,0,0,1,1,1,"796006,918","5824629,578",13.36077082,52.49131838,4046.0
216888,11,4,4300620.0,2021,10,19,2,3,5,3,1,1,1,0,0,0,0,1,"794161,275","5826991,393",13.33575209,52.51348847,3652.0
216887,11,4,4200310.0,2021,10,20,6,3,5,7,2,0,1,0,0,0,0,0,"789287,5368","5826790,634",13.2639597,52.51429547,2552.0
216886,11,4,4300412.0,2021,11,19,3,3,2,6,2,0,1,0,0,0,0,0,"791334,5556","5827466,973",13.29463226,52.51926922,3054.0
216885,11,8,8100311.0,2021,11,19,5,3,5,2,2,1,1,0,0,0,0,1,"800648,4708","5824399,048",13.42872195,52.48671554,5044.0
216884,11,1,1100309.0,2021,10,18,6,3,1,5,1,1,0,0,0,0,1,0,"798981,8662","5828819,329",13.40822092,52.52725232,4756.0
216883,11,6,6200422.0,2021,10,14,3,3,3,2,0,0,1,0,1,0,0,0,"794106,6691","5817427,502",13.32651821,52.427782,3527.0
216882,11,6,6400841.0,2021,10,14,3,3,0,6,0,0,0,0,0,0,1,0,"789858,1979","5818759,929",13.26536484,52.44199511,2631.0
216881,11,2,2100105.0,2021,10,16,2,3,5,3,0,0,1,0,0,0,1,0,"799592,1036","5825837,826",13.4145051,52.50019274,4848.0
216880,11,1,1300835.0,2021,11,7,3,3,1,7,0,0,0,0,0,1,1,1,"797045,909","5830249,1",13.38104575,52.54112687,4360.0
216879,11,11,11300616.0,2021,10,16,4,3,5,2,0,0,1,0,1,0,0,0,"802947,675","5829805,57",13.46740009,52.53390261,5658.0
216878,11,1,1100309.0,2021,10,20,4,3,5,2,2,1,0,1,0,0,1,0,"797942,056","5828782,642",13.39290603,52.52749272,4456.0
216877,11,7,7501031.0,2021,11,11,7,2,5,3,0,0,0,0,1,0,0,0,"799173,0668","5819951,615",13.40307084,52.44766074,4633.0
216876,11,7,7400927.0,2021,11,13,3,3,0,1,0,0,0,0,1,0,0,1,"798182,8691","5820934,416",13.38942163,52.45701138,4436.0
216875,11,2,2300419.0,2021,11,18,7,3,6,7,2,0,0,1,0,0,1,0,"801263,4841","5825678,703",13.43890897,52.49784636,5148.0
216874,11,3,3200207.0,2021,10,11,1,2,5,3,0,0,1,0,1,0,0,0,"798503,6078","5835385,178",13.4070968,52.58636762,4773.0