ObjectID,State,District,LOR_ab_2021,AccidentYear,AccidentMonth,AccidentHour,DayOfWeek,AccidentCategory,AccidentType,AccidentTypeDetail,LightingCondition,InvolvingBike,InvolvingCar,InvolvingPedestrian,InvolvingMotorcycle,InvolvingHGV,InvolvingOther,RoadCondition,GraphicCoord1,GraphicCoord2,LongitudeWGS84,LatitudeWGS84,quadrant
216873,11,5,5200630.0,2021,10,13,7,3,5,3,0,1,1,0,0,0,0,0,"784504,1331","5827381,094",13.19416659,52.52210589,1555.0
216872,11,5,5100208.0,2021,11,17,4,3,5,2,2,0,1,0,0,0,1,0,"781547,642","5830703,526",13.15352222,52.55343124,964.0
216871,11,11,11400931.0,2021,11,12,6,3,5,2,0,0,1,0,0,0,0,0,"806695,5862","5826907,301",13.5198106,52.50583195,6350.0
216870,11,5,5100101.0,2021,10,5,2,3,1,1,2,0,1,0,0,0,0,1,"784923,6398","5832224,094",13.20448715,52.56530885,1667.0
216869,11,5,5100316.0,2021,10,15,4,3,6,4,0,0,1,1,0,0,0,0,"785164,232","5829375,472",13.20558023,52.5396425,1760.0
216868,11,1,1100310.0,2021,11,15,5,3,2,2,0,0,1,0,0,0,0,0,"799114,672","5828969,657",13.41030796,52.52852694,4757.0
216867,11,8,8200726.0,2021,11,17,4,3,2,6,1,0,1,0,0,0,0,1,"801498,9186","5820450,152",13.43764042,52.45085167,5134.0
216866,11,1,1401048.0,2021,10,14,5,3,5,2,0,1,1,0,0,0,0,0,"795297,9049","5831409,834",13.35637821,52.55248195,3964.0
216865,11,3,3601347.0,2021,10,8,5,3,1,5,0,1,1,0,0,0,0,1,"799490,6145","5830409,636",13.41713075,52.54122768,4860.0
216864,11,2,2500835.0,2021,10,13,2,3,1,5,0,0,1,0,0,0,0,0,"803017,6474","5826053,037",13.4650109,52.50023037,5548.0
216863,11,3,3200309.0,2021,11,6,6,3,6,4,1,0,1,1,0,0,0,1,"800362,8646","5836347,477",13.43533014,52.59396949,5176.0
216862,11,1,1401045.0,2021,11,10,2,3,0,1,0,1,0,0,0,0,0,1,"796441,6708","5831935,327",13.37366753,52.55657113,4265.0
216861,11,7,7501029.0,2021,11,17,4,2,2,6,2,0,1,0,0,0,0,0,"797514,6244","5820073,757",13.37884917,52.44966061,4234.0
216860,11,8,8301037.0,2021,11,18,2,3,1,5,2,0,1,0,0,0,0,0,"804589,9715","5817455,027",13.48025704,52.42229363,5726.0
216859,11,3,3601245.0,2021,10,20,7,3,5,2,2,1,1,0,0,0,0,0,"800193,0477","5830930,861",13.42792824,52.54551304,5062.0
216858,11,7,7100206.0,2021,10,14,4,3,5,2,0,1,0,0,0,0,1,0,"796555,8954","5824856,211",13.36903454,52.49305197,4146.0
216857,11,1,1100205.0,2021,10,8,2,3,2,6,0,0,1,0,0,0,0,0,"796955,6821","5826749,357",13.37659398,52.50980472,4251.0
216856,11,10,10100313.0,2021,11,6,2,2,5,2,1,1,1,0,0,0,0,0,"808514,3391","5831162,12",13.55046922,52.54293752,6861.0
216855,11,11,11100102.0,2021,11,14,5,3,2,6,0,0,1,0,0,0,0,0,"807995,9333","5833888,478",13.54537854,52.56766392,6768.0
216854,11,9,9501737.0,2021,11,9,1,2,8,1,0,0,0,0,1,0,0,1,"815871,7337","5821217,539",13.64917469,52.44961383,8334.0
216853,11,5,5300735.0,2021,10,19,3,3,5,2,2,0,1,0,0,0,0,1,"786568,6339","5830554,345",13.22724823,52.5494751,2063.0
216852,11,3,3500933.0,2021,10,15,5,3,5,2,0,0,1,0,0,0,0,1,"802411,9609","5832569,021",13.4620424,52.55896854,5565.0
216851,11,1,1100309.0,2021,11,22,6,3,1,5,2,1,1,0,0,0,0,0,"798556,2446","5828956,995",13.40208927,52.52871956,4657.0
216850,11,8,8100312.0,2021,10,19,5,3,1,5,2,0,1,0,0,1,0,0,"800934,8749","5824238,235",13.43278194,52.48511634,5044.0
216849,11,3,3701660.0,2021,10,12,6,3,1,7,0,1,1,0,0,0,0,0,"800807,3501","5829515,752",13.4356788,52.53249035,5158.0
216848,11,5,5200420.0,2021,10,10,7,3,5,3,0,0,1,0,0,0,0,0,"782152,6743","5827887,775",13.16003096,52.52787096,1056.0
216847,11,5,5400944.0,2021,10,14,6,2,5,2,0,0,1,0,1,0,0,0,"781887,1925","5820011,31",13.14946353,52.45738337,836.0
216846,11,5,5100101.0,2021,11,14,3,2,8,1,0,0,1,0,0,0,0,0,"784978,158","5834359,977",13.20712514,52.58443029,1773.0
216845,11,7,7200308.0,2021,11,7,6,3,2,6,0,0,1,0,0,0,0,1,"795008,2153","5823325,314",13.3449496,52.48016716,3742.0
216844,11,1,1100309.0,2021,11,23,5,3,6,6,2,0,1,1,0,0,0,1,"798631,4004","5828439,313",13.40272894,52.5240381,4655.0
216843,11,4,4501153.0,2021,10,14,1,2,1,5,0,0,1,0,1,0,0,0,"794092,4912","5823927,744",13.33203601,52.48606158,3544.0
216842,11,3,3501037.0,2021,10,14,5,3,1,5,0,0,1,0,0,0,1,0,"803056,1681","5832648,584",13.47158879,52.55932351,5666.0
216841,11,4,4501043.0,2021,10,17,3,3,5,2,0,1,1,0,0,0,0,0,"792939,0802","5825266,704",13.31627577,52.49868503,3348.0
216840,11,8,8100206.0,2021,11,14,2,3,5,3,0,1,0,0,0,0,1,1,"800699,3132","5823542,353",13.42869573,52.47900869,5042.0
216839,11,5,5300735.0,2021,11,11,7,3,4,6,0,0,1,0,1,0,0,0,"786706,3845","5831195,628",13.22982801,52.5551521,2064.0
216838,11,2,2300315.0,2021,11,15,2,3,5,3,0,0,1,0,0,0,0,0,"800788,8448","5825815,705",13.43206196,52.49933615,5048.0
216837,11,11,11200410.0,2021,10,6,3,2,0,1,0,0,0,0,1,0,0,1,"805002,0398","5833004,651",13.50053136,52.56142836,6066.0
216836,11,4,4200308.0,2021,11,14,7,3,2,6,0,0,1,0,0,0,0,1,"790325,3196","5827297,26",13.27965194,52.51828599,2854.0
216835,11,3,3601245.0,2021,11,17,2,3,5,2,2,1,0,0,0,1,0,1,"800191,135","5830951,57",13.42791883,52.54569971,5062.0
216834,11,1,1300731.0,2021,11,21,3,3,1,5,2,1,1,0,0,0,0,1,"797409,8288","5833146,425",13.38899162,52.56689922,4468.0
216833,11,4,4300518.0,2021,11,6,6,3,1,5,1,1,1,0,0,0,0,1,"791424,4864","5828733,681",13.29706399,52.53057703,3057.0
216832,11,9,9501737.0,2021,10,19,6,3,5,2,2,0,1,0,1,0,0,0,"814717,269","5821936,671",13.63292072,52.45672363,8036.0
216831,11,7,7400720.0,2021,10,15,1,3,5,3,0,0,1,0,1,0,0,0,"796837,3596","5822819,062",13.37135413,52.47463792,4141.0
216830,11,7,7501134.0,2021,10,19,7,3,1,5,2,0,1,0,0,0,0,0,"798286,1524","5818960,924",13.38917499,52.4392649,4430.0
216829,11,3,3100103.0,2021,11,22,3,2,0,1,2,0,0,0,1,0,0,1,"804128,6478","5841215,889",13.49522878,52.63550934,6088.0
216828,11,2,2200208.0,2021,11,14,5,3,5,2,0,1,1,0,0,0,0,1,"797909,8182","5825272,649",13.38929028,52.4960476,4447.0
216827,11,1,1100309.0,2021,10,11,7,3,0,1,0,1,0,0,0,0,0,0,"798500,4491","5828387,033",13.40075759,52.52364119,4655.0
216826,11,2,2300316.0,2021,10,16,6,3,5,3,0,1,1,0,0,0,0,0,"800733,9316","5826517,516",13.43188928,52.50565695,5050.0
216825,11,2,2100102.0,2021,10,12,3,3,2,6,0,0,1,0,0,0,0,0,"798301,041","5826138,752",13.39581175,52.50359743,4549.0
216824,11,8,8200832.0,2021,10,6,4,3,5,2,2,0,1,0,1,0,0,0,"801024,9517","5817071,556",13.42764463,52.42082909,5025.0
216823,11,10,10300734.0,2021,10,17,2,3,5,2,1,1,1,0,0,0,0,0,"808798,212","5826345,182",13.55017018,52.49960842,6848.0
216822,11,8,8200726.0,2021,11,10,3,3,5,2,0,0,1,0,0,0,0,1,"802369,5057","5819918,144",13.44993079,52.44560238,5332.0
216821,11,12,12100102.0,2021,10,13,4,3,2,6,0,0,1,0,1,0,0,0,"796736,7098","5833528,851",13.37943185,52.57069453,4269.0
216820,11,1,1300835.0,2021,10,19,1,3,8,1,2,0,1,0,0,0,0,1,"797884,4212","5829876,09",13.39303887,52.53732558,4559.0
216819,11,4,4500937.0,2021,11,16,6,3,2,6,1,0,1,0,0,0,0,1,"791493,582","5825068,611",13.29486905,52.49768317,3048.0
216818,11,1,1401044.0,2021,11,6,7,3,1,7,2,0,1,0,0,0,0,0,"796571,6862","5831633,132",13.3753097,52.55379151,4264.0
216817,11,2,2100104.0,2021,11,12,4,3,5,2,0,1,0,0,1,0,0,0,"799189,005","5826254,487",13.4089589,52.50414866,4749.0
216816,11,4,4501043.0,2021,11,7,1,3,1,5,0,0,1,0,0,0,1,0,"793066,3511","5824819,16",13.31775148,52.49460461,3347.0
216815,11,1,1401048.0,2021,10,13,5,3,1,5,0,0,1,0,0,1,0,0,"795311,5226","5831476,743",13.35663799,52.55307434,3964.0
216814,11,8,8100417.0,2021,10,15,2,3,3,6,0,0,1,0,0,0,0,0,"802440,154","5823196,183",13.45393697,52.47494469,5441.0
216813,11,8,8100102.0,2021,11,8,2,3,3,6,0,1,1,0,0,0,0,0,"800541,3602","5823354,37",13.42620752,52.47741067,4942.0
216812,11,6,6100207.0,2021,11,12,4,3,5,3,0,1,0,0,1,0,0,0,"793560,7826","5819655,66",13.32046957,52.44805,3433.0
216811,11,9,9200715.0,2021,11,8,6,3,2,6,0,0,1,0,0,0,0,1,"809060,1816","5818759,006",13.54699172,52.43147373,6728.0
216810,11,7,7501029.0,2021,10,16,2,3,0,2,0,1,1,0,0,0,0,0,"797565,8782","5818730,979",13.37840534,52.43759604,4230.0
216809,11,2,2500726.0,2021,10,19,3,3,0,2,1,1,1,0,0,0,0,1,"801961,4864","5828236,66",13.45148034,52.52038771,5354.0
216808,11,4,4501040.0,2021,11,22,4,3,3,2,2,0,1,0,0,0,0,0,"792715,297","5825462,421",13.31316064,52.50055965,3348.0
216807,11,7,7501135.0,2021,11,7,4,3,0,2,0,0,1,0,0,0,1,1,"799055,1002","5816810,464",13.39853058,52.41956871,4525.0
216806,11,9,9100203.0,2021,10,11,5,2,6,7,0,0,1,1,0,0,0,0,"803843,108","5823840,784",13.47511683,52.47994351,5742.0
216805,11,12,12500824.0,2021,10,23,5,3,0,1,2,1,0,0,0,0,0,0,"791243,2034","5835513,001",13.30034921,52.59144918,3175.0
216804,11,8,8100417.0,2021,10,15,6,3,3,6,0,0,1,0,0,0,1,0,"802542,2633","5823108,749",13.45535646,52.47410447,5441.0
216803,11,8,8100103.0,2021,11,18,1,3,1,5,2,1,1,0,0,0,0,1,"800677,0196","5822974,958",13.42785691,52.4739352,5041.0
216802,11,1,1401048.0,2021,11,21,5,3,5,3,2,1,0,0,0,0,1,1,"795185,7576","5831355,917",13.35468102,52.55205942,3963.0
216801,11,8,8100312.0,2021,11,9,2,3,5,7,0,0,1,0,1,0,0,0,"801298,7717","5824792,11",13.43862541,52.48988017,5145.0
216800,11,10,10100101.0,2021,10,9,7,3,6,4,0,0,1,1,0,0,0,0,"808662,9431","5833991,614",13.5552844,52.56821043,6968.0
216799,11,3,3200309.0,2021,11,12,3,3,0,6,0,0,0,0,0,0,1,0,"800071,8367","5837471,074",13.43206493,52.60420109,5079.0
216798,11,9,9200819.0,2021,10,22,4,3,5,2,2,1,1,0,0,0,0,0,"809791,5175","5820491,161",13.55931983,52.44658336,6933.0
216797,11,1,1100207.0,2021,10,6,4,2,5,2,1,0,1,0,0,0,0,0,"798901,676","5827344,785",13.40571738,52.51407912,4652.0
216796,11,6,6200313.0,2021,10,19,1,3,6,2,2,0,1,1,0,0,0,0,"795163,1233","5818244,128",13.34273187,52.4345337,3729.0
216795,11,7,7300619.0,2021,11,11,7,3,2,2,0,1,1,0,0,0,0,0,"795418,4409","5820974,111",13.34889069,52.45886847,3836.0
216794,11,8,8100209.0,2021,11,15,7,3,2,3,0,1,1,0,0,0,0,0,"801577,8823","5822298,004",13.44046812,52.46737088,5239.0
216793,11,7,7200307.0,2021,11,13,4,3,6,7,0,0,1,1,0,0,0,0,"794474,1257","5824197,834",13.3378787,52.48827708,3645.0
216792,11,4,4501042.0,2021,11,14,7,3,0,2,0,0,1,0,0,0,1,0,"793979,1724","5826176,796",13.33235686,52.50628423,3550.0
216791,11,12,12200310.0,2021,10,12,1,3,5,2,0,0,1,0,0,0,0,0,"792212,2418","5833125,354",13.31250857,52.56952518,3369.0
216790,11,8,8401242.0,2021,10,12,7,3,5,3,0,0,1,0,0,0,0,0,"804556,4727","5816548,139",13.4789406,52.41418399,5723.0
216789,11,10,10200629.0,2021,11,8,5,3,2,6,0,0,1,0,0,0,0,0,"810617,9926","5827983,233",13.57842036,52.51325509,7252.0
216788,11,2,2300314.0,2021,11,18,6,3,6,2,2,0,1,1,0,0,0,1,"799630,0993","5826155,538",13.41534903,52.50301969,4849.0
216787,11,4,4400834.0,2021,10,8,2,3,0,7,0,0,0,0,1,0,0,1,"792653,6312","5822308,925",13.30948581,52.4723224,3240.0
216786,11,9,9301228.0,2021,10,15,4,3,8,1,0,0,1,0,0,0,0,1,"818793,2995","5812578,06",13.68379492,52.37050652,8810.0
216785,11,2,2200208.0,2021,11,8,4,3,5,2,0,0,0,0,0,1,1,1,"797266,1927","5824842,404",13.37945357,52.49254185,4246.0
216784,11,10,10400835.0,2021,11,11,4,3,5,3,0,0,1,0,0,0,0,1,"812712,8498","5829639,034",13.61074617,52.52689593,7756.0
216783,11,3,3601449.0,2021,10,16,5,3,5,2,1,1,1,0,0,0,0,0,"801077,4765","5830447,998",13.44049365,52.54069706,5260.0
216782,11,10,10300733.0,2021,10,12,5,3,3,6,0,0,1,0,0,0,1,1,"809248,0822","5827232,066",13.55759995,52.50730171,6950.0
216781,11,7,7400824.0,2021,10,10,2,3,1,5,0,1,1,0,0,0,0,0,"797841,6307","5822041,686",13.38540244,52.46712292,4339.0
216780,11,10,10300731.0,2021,10,9,6,3,5,7,0,1,0,0,0,0,0,0,"809642,9517","5829666,425",13.56566499,52.52889357,7057.0
216779,11,8,8100313.0,2021,11,7,2,3,6,2,0,0,1,1,0,0,0,1,"801851,45","5824433,236",13.44641562,52.48635823,5244.0
216778,11,1,1300836.0,2021,11,16,5,3,5,2,2,0,1,0,0,0,0,1,"796299,887","5830669,29",13.37045251,52.54529961,4161.0
216777,11,1,1100312.0,2021,11,9,3,3,5,3,0,1,0,0,1,0,0,0,"798918,0203","5826697,14",13.40537584,52.50826494,4651.0
216776,11,11,11400927.0,2021,10,19,7,3,0,7,2,1,0,0,0,0,0,0,"803664,0395","5826382,315",13.47480431,52.50282232,5749.0
216775,11,2,2300316.0,2021,10,13,5,3,5,2,0,1,1,0,0,0,0,0,"801473,0178","5826030,28",13.44230446,52.5008819,5249.0
216774,11,4,4400833.0,2021,10,8,2,3,0,2,0,0,1,0,1,0,0,0,"792540,4203","5822320,654",13.30783413,52.4724882,3240.0
216773,11,4,4100101.0,2021,10,22,1,3,5,2,2,0,1,0,1,0,0,0,"793340,975","5829718,481",13.32610463,52.53837732,3559.0
216772,11,2,2200213.0,2021,11,16,5,3,0,3,0,1,1,0,0,0,0,0,"800012,4825","5824708,459",13.41966232,52.48983879,4845.0
216771,11,9,9200715.0,2021,11,17,1,3,2,6,1,0,1,0,0,0,0,1,"807265,8791","5818122,947",13.52009845,52.4267839,6327.0
216770,11,9,9200512.0,2021,10,11,2,3,2,6,0,0,1,0,0,0,0,1,"808392,5267","5821744,867",13.53995833,52.45860996,6636.0
216769,11,8,8301037.0,2021,11,17,7,3,6,2,1,0,1,1,0,0,0,1,"804131,1941","5817819,83",13.47386282,52.42581847,5727.0
216768,11,6,6100209.0,2021,10,9,6,3,3,2,0,0,1,0,1,0,0,0,"794693,467","5821671,401",13.33886718,52.46551071,3638.0
216767,11,4,4501041.0,2021,10,16,6,3,5,7,0,1,1,0,0,0,0,1,"792839,9838","5825508,654",13.31503289,52.50090722,3349.0
216766,11,10,10200421.0,2021,10,16,7,3,3,6,0,0,1,0,0,0,0,0,"812218,0868","5830886,973",13.60464893,52.5383624,7659.0
216765,11,1,1100206.0,2021,10,16,6,3,2,2,0,1,1,0,0,0,0,0,"797404,9666","5827566,596",13.38392496,52.51688557,4353.0
216764,11,10,10400939.0,2021,11,15,3,3,5,3,0,0,1,0,1,0,0,0,"812934,104","5827906,149",13.61236695,52.51124058,7752.0
216763,11,5,5100208.0,2021,11,12,5,3,2,6,0,0,1,0,0,1,0,1,"782387,3616","5830501,968",13.16570317,52.55118926,1163.0
216762,11,11,11400929.0,2021,11,20,4,3,6,4,2,0,1,1,0,0,0,1,"805268,8441","5827324,554",13.49923775,52.51037168,6051.0
216761,11,7,7601442.0,2021,10,21,1,2,6,2,2,0,0,1,0,0,1,1,"799277,6289","5816273,905",13.40131325,52.41463747,4623.0
216760,11,2,2100102.0,2021,10,20,5,3,5,3,2,0,1,0,0,0,0,0,"798367,4582","5826334,185",13.39696249,52.50531291,4550.0
216759,11,2,2400625.0,2021,10,13,3,3,1,5,0,1,1,0,0,0,0,0,"801311,1747","5826466,869",13.44032249,52.50488452,5250.0
216758,11,1,1200520.0,2021,11,19,6,3,1,5,2,0,1,0,0,0,1,0,"794583,3443","5828565,359",13.34334765,52.52737023,3756.0
216757,11,3,3501038.0,2021,11,13,2,3,5,3,0,1,1,0,0,0,0,0,"803407,2083","5831677,995",13.47586414,52.55042898,5763.0
216756,11,10,10300733.0,2021,10,7,4,3,0,1,0,1,0,0,0,0,0,0,"809003,675","5826683,035",13.55350079,52.50251989,6849.0
216755,11,11,11501340.0,2021,10,12,1,3,2,6,0,0,1,0,0,0,0,0,"807990,2326","5823866,093",13.53601411,52.47784738,6642.0
216754,11,7,7400721.0,2021,11,17,7,3,6,4,2,0,0,1,0,0,1,1,"797835,007","5823840,055",13.38691116,52.48324688,4443.0
216753,11,12,12100102.0,2021,11,15,7,3,1,5,0,1,1,0,0,0,0,0,"796116,499","5833292,703",13.37009652,52.56891547,4168.0
216752,11,6,6300524.0,2021,11,21,3,3,0,2,2,0,1,0,1,0,0,0,"788747,7948","5817002,2",13.24755555,52.42682355,2327.0
216751,11,3,3400619.0,2021,11,6,6,2,5,2,2,1,0,0,0,0,1,1,"795961,8571","5835565,521",13.36985077,52.58937295,4174.0
216750,11,5,5100209.0,2021,10,15,6,1,6,4,0,0,0,1,1,0,0,0,"783575,2","5830201,053",13.1829182,52.54787408,1362.0
216749,11,10,10100315.0,2021,10,13,7,3,2,6,0,0,1,0,0,0,0,0,"809499,5315","5831431,297",13.56520116,52.54479108,7061.0
216748,11,12,12200412.0,2021,10,12,7,3,2,6,0,0,1,0,0,0,1,0,"790646,5996","5833703,343",13.28997981,52.57554501,2970.0
216747,11,7,7300516.0,2021,11,15,4,3,6,7,0,1,0,1,0,0,0,0,"793960,9836","5821818,031",13.32824523,52.46721977,3539.0
216746,11,1,1300733.0,2021,11,19,5,2,6,2,2,0,1,1,0,0,0,1,"797177,2889","5831924,824",13.38447685,52.55607608,4365.0
216745,11,10,10300734.0,2021,10,13,7,3,2,2,0,0,1,0,1,0,0,0,"809627,0015","5825731,996",13.56177053,52.49364367,7046.0
216744,11,3,3100103.0,2021,10,11,6,3,6,4,0,0,1,1,0,0,0,0,"803982,8218","5841302,519",13.49316029,52.63636739,5988.0
216743,11,2,2500835.0,2021,10,16,4,3,2,6,0,0,0,0,1,0,1,1,"803259,5883","5826318,016",13.46880546,52.50247095,5649.0
216742,11,1,1100416.0,2021,10,14,4,2,1,5,0,1,0,0,0,0,1,0,"798562,8706","5829228,789",13.40243074,52.53115218,4657.0
216741,11,4,4500937.0,2021,10,13,3,3,2,6,0,1,0,0,0,0,0,0,"791392,526","5825036,44",13.29335649,52.49744872,3047.0
216740,11,4,4100102.0,2021,11,15,4,2,5,3,0,0,1,0,0,0,0,1,"791195,9022","5829044,268",13.29397589,52.53348357,3058.0
216739,11,11,11501340.0,2021,11,14,3,2,3,6,0,1,0,0,0,1,0,1,"807347,0071","5825133,567",13.52774151,52.489569,6545.0
216738,11,6,6300634.0,2021,10,10,4,2,5,2,0,1,1,0,0,0,0,0,"791690,8589","5818804,158",13.29228978,52.44141714,3031.0
216737,11,9,9200715.0,2021,10,17,4,3,5,2,1,1,0,0,0,0,1,0,"807882,9003","5818476,61",13.52947007,52.42960666,6528.0
216736,11,5,5100105.0,2021,10,8,2,3,1,5,0,0,0,0,0,0,1,0,"784996,8761","5831734,042",13.20514375,52.56087677,1766.0
216735,11,6,6200314.0,2021,11,23,6,2,0,1,2,0,0,0,0,0,1,1,"795066,8315","5818143,628",13.34123085,52.43368472,3729.0
216734,11,1,1200628.0,2021,11,13,7,3,2,2,0,0,1,0,0,0,0,0,"796266,52","5828505,217",13.36803271,52.52591902,4156.0
216733,11,3,3601451.0,2021,11,7,4,3,1,5,0,1,1,0,0,0,0,0,"800890,6203","5829942,04",13.4372886,52.53626528,5159.0
216732,11,11,11200514.0,2021,11,10,1,2,0,6,0,0,1,0,0,0,1,0,"803523,3769","5829768,035",13.47582724,52.53324591,5758.0
216731,11,1,1401046.0,2021,10,14,7,3,0,6,0,0,1,0,0,0,1,0,"795081,932","5830338,074",13.35224978,52.54299156,3861.0
216730,11,12,12200307.0,2021,10,13,5,3,0,6,0,1,1,0,0,0,0,0,"793506,0966","5833965,537",13.3322879,52.57636079,3571.0
216729,11,2,2400625.0,2021,10,9,2,3,8,1,0,0,1,0,0,0,0,1,"801133,3632","5826596,158",13.43782762,52.50614152,5150.0
216728,11,2,2500830.0,2021,11,13,2,3,0,1,0,1,0,0,1,0,0,1,"802475,8278","5827408,817",13.45828519,52.51268276,5452.0
216727,11,5,5200423.0,2021,11,13,5,3,5,3,0,0,1,0,0,0,0,0,"780879,6893","5828331,401",13.14169045,52.5325062,758.0
216726,11,12,12500825.0,2021,11,14,6,3,5,2,0,1,1,0,0,0,0,0,"792277,6702","5835009,213",13.31513214,52.58637805,3374.0
216725,11,1,1300733.0,2021,10,17,7,3,5,2,0,1,1,0,0,0,0,0,"797707,1837","5831731,061",13.39209606,52.55404984,4464.0
216724,11,1,1100312.0,2021,10,9,5,3,0,7,0,1,0,0,0,0,0,0,"799703,3891","5827271,027",13.41742984,52.51297807,4852.0
216723,11,3,3601452.0,2021,11,15,6,3,2,6,0,0,1,0,0,0,0,0,"802220,5052","5829149,763",13.45611601,52.52842833,5457.0
216722,11,1,1100102.0,2021,11,16,4,3,2,6,2,0,1,0,0,0,0,1,"795567,9576","5826665,45",13.35613128,52.50980622,3951.0
216721,11,1,1100312.0,2021,10,16,4,3,0,1,0,1,1,0,0,0,0,0,"799238,2336","5827184,51",13.41051805,52.51245795,4752.0
216720,11,2,2500727.0,2021,10,8,5,3,0,7,0,0,0,0,1,0,1,1,"802255,118","5827998,067",13.45557803,52.51808654,5454.0
216719,11,9,9200510.0,2021,10,12,6,3,5,2,0,1,1,0,0,0,0,0,"806607,2126","5822049,731",13.51404492,52.46234673,6237.0
216718,11,3,3501037.0,2021,11,7,2,3,5,2,0,1,1,0,0,0,0,1,"802207,9477","5832985,692",13.45942158,52.56281635,5467.0
216717,11,1,1100310.0,2021,11,16,5,3,5,2,1,1,0,0,0,0,1,1,"799109,5697","5828466,018",13.40977994,52.52401536,4755.0
216716,11,11,11400927.0,2021,11,7,3,3,5,3,0,1,1,0,0,0,0,0,"803619,6314","5826582,287",13.47433443,52.50463933,5750.0
216715,11,1,1100102.0,2021,10,22,7,3,2,6,2,0,1,0,0,0,0,0,"796429,7975","5826616,921",13.36874994,52.50890357,4151.0
216714,11,5,5100209.0,2021,10,14,5,3,4,6,0,1,0,0,0,0,1,0,"783626,6873","5830180,311",13.18365776,52.5476613,1362.0
216713,11,12,12500824.0,2021,10,15,2,3,3,6,0,0,0,0,1,0,1,0,"790453,9109","5835950,285",13.28911397,52.59579144,2976.0
216712,11,12,12500930.0,2021,11,12,2,3,0,7,0,0,0,1,0,0,1,0,"793599,4529","5834642,449",13.33426115,52.58237851,3672.0
216711,11,1,1100310.0,2021,11,17,5,3,5,3,2,0,0,0,0,0,1,1,"799142,9934","5828910,134",13.41067065,52.52797787,4756.0
216710,11,2,2500836.0,2021,11,15,1,3,6,4,0,0,1,1,0,0,0,1,"803221,9129","5825577,538",13.46757797,52.49585509,5647.0
216709,11,3,3400830.0,2021,10,15,2,3,4,6,0,1,0,0,0,0,0,0,"800014,8695","5833422,202",13.42756038,52.56794173,5068.0
216708,11,12,12200309.0,2021,10,17,1,3,2,6,0,0,1,0,0,0,0,0,"793501,3947","5832403,154",13.33083615,52.56235753,3566.0
216707,11,4,4300517.0,2021,11,21,7,3,1,5,2,0,1,0,0,0,1,1,"791441,7278","5828497,999",13.29711083,52.52845497,3057.0
216706,11,12,12400722.0,2021,10,7,6,3,2,6,0,0,1,0,0,0,0,0,"790586,8428","5837296,152",13.29225239,52.60778586,3080.0
216705,11,6,6100209.0,2021,10,14,7,3,5,2,0,0,1,0,0,0,1,0,"794772,612","5820910,217",13.33935659,52.45864442,3736.0
216704,11,8,8100104.0,2021,10,21,6,3,3,6,2,1,1,0,0,0,0,1,"800900,9467","5822401,95",13.43062699,52.46867582,5039.0
216703,11,6,6400838.0,2021,10,18,6,3,1,5,2,0,1,0,0,0,0,0,"788216,1962","5818867,424",13.24136702,52.44382681,2232.0
216702,11,4,4501041.0,2021,11,11,3,3,2,6,0,1,1,0,0,0,0,0,"793014,0169","5825575,151",13.3176479,52.50140992,3349.0
216701,11,5,5100104.0,2021,11,18,5,3,5,7,1,1,1,0,0,0,0,1,"785216,7949","5831829,623",13.20846131,52.56161857,1766.0
216700,11,1,1300835.0,2021,10,9,7,3,1,6,0,1,1,0,0,0,1,0,"797121,6921","5829928,1",13.38187285,52.53820816,4359.0
216699,11,1,1200623.0,2021,10,5,3,3,6,2,2,0,0,1,0,0,1,0,"795488,5981","5829571,781",13.35754749,52.53590203,3959.0
216698,11,4,4500936.0,2021,10,1,4,3,0,1,2,0,0,0,0,0,1,0,"792158,4317","5825651,85",13.30514661,52.50255628,3149.0
216697,11,7,7200307.0,2021,11,16,1,3,0,6,2,1,0,0,0,0,0,1,"794950,6772","5824641,212",13.34526929,52.49199442,3746.0
216696,11,8,8100416.0,2021,10,8,3,3,0,7,0,0,0,0,0,0,1,0,"801475,3323","5823244,27",13.43981824,52.47590909,5141.0
216695,11,8,8300935.0,2021,10,13,5,3,6,4,0,0,1,1,0,0,0,0,"802845,1191","5817477,526",13.45469658,52.42346367,5426.0
216694,11,12,12500926.0,2021,10,11,3,3,6,4,0,0,1,1,0,0,0,0,"793567,9958","5836121,347",13.33510872,52.5956528,3676.0
216693,11,1,1100101.0,2021,11,18,2,3,5,2,2,1,1,0,0,0,0,1,"795258,3068","5826614,093",13.35153634,52.50951353,3851.0
216692,11,4,4300624.0,2021,11,14,5,3,2,6,0,1,1,0,0,0,0,0,"792931,0804","5826747,175",13.31746088,52.51196124,3352.0
216691,11,8,8401241.0,2021,11,13,7,3,5,3,0,0,1,0,0,0,0,0,"803955,9498","5819035,235",13.47239822,52.43680941,5630.0
216690,11,6,6100209.0,2021,10,18,3,3,2,6,1,0,1,0,0,0,0,0,"794366,0237","5820851,343",13.33333789,52.45833579,3636.0