ObjectID,State,District,LOR_ab_2021,AccidentYear,AccidentMonth,AccidentHour,DayOfWeek,AccidentCategory,AccidentType,AccidentTypeDetail,LightingCondition,InvolvingBike,InvolvingCar,InvolvingPedestrian,InvolvingMotorcycle,InvolvingHGV,InvolvingOther,RoadCondition,GraphicCoord1,GraphicCoord2,LongitudeWGS84,LatitudeWGS84,quadrant
216136,11,8,8100102.0,2021,9,21,5,3,5,3,2,0,1,0,0,0,1,1,"800440,9823","5823172,114",13.42456981,52.47583227,4941.0
216135,11,3,3601449.0,2021,9,15,3,3,2,3,0,0,1,0,1,0,0,0,"801907,3075","5830328,501",13.45258386,52.53916689,5360.0
216134,11,11,11200513.0,2021,9,2,1,2,0,1,2,0,0,0,0,0,1,0,"804645,6681","5831111,365",13.49355319,52.54465939,5961.0
216133,11,12,12400722.0,2021,9,16,4,2,5,2,0,0,1,0,1,0,0,0,"790658,7813","5837395,205",13.29339875,52.60863538,3080.0
216132,11,5,5200528.0,2021,9,12,1,3,2,6,0,0,1,0,0,0,0,0,"783376,5867","5826753,035",13.17705732,52.51706174,1253.0
216131,11,3,3200204.0,2021,8,19,7,3,2,2,0,0,1,0,0,0,0,0,"798057,7643","5837198,798",13.40216771,52.60286846,4678.0
216130,11,4,4400831.0,2021,9,12,5,3,5,3,0,0,1,0,0,0,0,0,"790838,0956","5822517,94",13.28301469,52.47516595,2841.0
216129,11,1,1100310.0,2021,9,18,5,3,2,6,0,1,0,0,0,0,0,0,"799539,3081","5828217,565",13.41587139,52.52155245,4855.0
216128,11,10,10100313.0,2021,9,7,4,3,5,3,0,0,1,0,0,0,0,0,"807803,9318","5830768,261",13.53966188,52.53980955,6660.0
216127,11,1,1100415.0,2021,9,19,4,3,1,5,1,1,1,0,0,0,0,1,"798457,0761","5829126,076",13.40078355,52.53028943,4657.0
216126,11,2,2200208.0,2021,8,6,6,3,5,2,0,1,1,0,0,0,0,1,"797847,0431","5824925,485",13.38805794,52.49296994,4446.0
216125,11,8,8100417.0,2021,8,21,4,2,6,4,2,0,1,1,0,0,0,1,"802573,6481","5823097,778",13.45580718,52.47398875,5441.0
216124,11,8,8100312.0,2021,9,15,7,3,6,4,0,0,1,1,0,0,0,0,"800996,9588","5824224,473",13.43368104,52.48495877,5144.0
216123,11,4,4501042.0,2021,9,16,5,3,5,3,0,0,1,0,0,0,0,0,"794369,1512","5825672,585",13.3376403,52.501554,3649.0
216122,11,6,6400841.0,2021,9,14,3,3,2,6,0,1,1,0,0,0,0,0,"789688,6477","5818446,898",13.262606,52.43927852,2530.0
216121,11,7,7300517.0,2021,9,14,2,3,3,5,0,1,1,0,0,0,0,0,"794318,4868","5822317,164",13.33393304,52.47150179,3640.0
216120,11,12,12200412.0,2021,9,8,4,2,6,4,0,0,1,1,0,0,0,0,"790658,7217","5833703,736",13.29015853,52.57554207,2970.0
216119,11,1,1100311.0,2021,9,18,2,2,5,3,0,1,0,0,0,0,1,0,"799661,7439","5827617,169",13.41712972,52.51610358,4853.0
216118,11,3,3601245.0,2021,9,16,2,3,5,3,0,1,1,0,0,0,0,0,"801160,8655","5831110,539",13.44232016,52.54658939,5262.0
216117,11,9,9401329.0,2021,8,12,2,2,6,4,0,0,0,1,0,0,1,1,"811765,1006","5818261,193",13.58618551,52.42547788,7326.0
216116,11,10,10200524.0,2021,9,7,6,3,5,3,0,0,1,0,0,0,1,0,"813606,4046","5830022,031",13.62423572,52.5298147,7957.0
216115,11,4,4300622.0,2021,9,7,3,3,5,2,0,0,1,0,1,0,0,0,"793769,2676","5826574,909",13.32962445,52.50996618,3551.0
216114,11,3,3200310.0,2021,9,11,6,3,6,7,0,0,1,1,0,0,0,0,"799606,8401","5837865,847",13.42557659,52.60799596,4980.0
216113,11,1,1100309.0,2021,9,7,4,3,1,5,0,1,1,0,0,0,0,0,"797857,6497","5828537,31",13.39144575,52.52533976,4456.0
216112,11,1,1100310.0,2021,9,11,1,3,5,2,0,1,1,0,0,0,0,0,"799223,5735","5828466,357",13.4114556,52.52395585,4755.0
216111,11,3,3300516.0,2021,8,11,7,3,5,3,0,1,1,0,0,0,0,0,"801110,1926","5834987,746",13.44509383,52.58136901,5272.0
216110,11,2,2100104.0,2021,9,14,5,3,5,3,0,0,1,0,0,0,0,0,"799227,691","5825994,657",13.40929366,52.50179845,4749.0
216109,11,10,10300732.0,2021,9,18,5,2,0,7,1,0,1,0,0,0,0,0,"809629,3886","5828544,552",13.56442126,52.51884748,7054.0
216108,11,1,1100312.0,2021,9,10,4,3,2,6,0,0,1,0,0,0,1,0,"799206,9456","5826996,052",13.40988895,52.51078587,4751.0
216107,11,7,7100102.0,2021,9,16,4,3,0,5,0,0,1,0,1,0,0,1,"795000,5234","5825230,311",13.346523,52.49724836,3847.0
216106,11,1,1100308.0,2021,8,6,6,2,0,1,0,0,1,0,1,0,0,1,"796703,6116","5828773,811",13.37469629,52.528089,4256.0
216105,11,11,11300721.0,2021,8,20,4,2,0,1,2,0,0,0,1,0,0,1,"805181,566","5829626,157",13.50006729,52.53104848,6057.0
216104,11,8,8100209.0,2021,9,19,6,3,5,3,0,0,1,0,0,0,0,0,"801569,6284","5822310,197",13.44035801,52.46748473,5239.0
216103,11,6,6400839.0,2021,9,17,4,3,6,7,0,1,0,1,0,0,0,0,"789380,6342","5818128,605",13.25781178,52.43658795,2430.0
216102,11,1,1200520.0,2021,9,10,3,3,5,2,0,1,1,0,0,0,0,0,"794440,9161","5829321,684",13.34192413,52.53422712,3758.0
216101,11,4,4501040.0,2021,9,16,7,3,0,2,0,1,1,0,0,0,0,1,"792718,9983","5825391,082",13.3131523,52.49991813,3348.0
216100,11,2,2100104.0,2021,9,20,4,3,0,4,2,0,0,1,1,0,0,0,"799217,3242","5825992,297",13.40913927,52.50178298,4749.0
216099,11,11,11300620.0,2021,9,15,2,3,5,3,0,1,1,0,0,0,0,0,"803973,5827","5829085,377",13.48181985,52.52687663,5856.0
216098,11,6,6100103.0,2021,9,9,2,3,6,2,0,0,1,1,0,0,0,0,"794004,3897","5821375,715",13.32849267,52.46323124,3537.0
216097,11,3,3501038.0,2021,8,13,1,3,0,5,0,0,1,0,0,0,1,1,"804097,0856","5832379,234",13.48664964,52.55632919,5865.0
216096,11,1,1100309.0,2021,9,1,6,3,5,3,2,1,1,0,0,0,0,0,"797943,4495","5828779,418",13.39292362,52.52746306,4456.0
216095,11,11,11501341.0,2021,9,10,7,3,5,2,0,1,1,0,0,0,0,1,"807202,9908","5823907,448",13.5244972,52.47866138,6442.0
216094,11,9,9200819.0,2021,9,12,5,3,3,6,0,0,1,0,0,0,0,0,"810112,3432","5820419,849",13.5639591,52.44576242,7032.0
216093,11,6,6300633.0,2021,9,16,5,3,5,3,0,0,1,0,0,0,0,0,"793278,2193","5818926,075",13.31568335,52.4416611,3331.0
216092,11,11,11501341.0,2021,8,21,7,3,3,6,2,0,1,0,0,0,0,1,"807146,7899","5823740,019",13.52351807,52.47719245,6442.0
216091,11,1,1200519.0,2021,8,18,4,3,6,7,0,0,1,1,0,0,0,1,"793811,4083","5828491,86",13.33193665,52.52712793,3556.0
216090,11,4,4300412.0,2021,9,15,7,3,2,6,0,0,1,0,0,0,0,0,"791385,7084","5827474,884",13.29539094,52.51931281,3054.0
216089,11,10,10100311.0,2021,9,14,5,2,5,3,0,1,1,0,0,0,0,0,"807001,2525","5830429,675",13.52755094,52.53722791,6459.0
216088,11,2,2200210.0,2021,9,23,4,3,0,7,2,0,1,0,0,0,0,0,"799013,1928","5825071,03",13.40531391,52.49363699,4646.0
216087,11,2,2300316.0,2021,9,21,2,3,0,1,2,0,0,0,1,0,0,0,"801440,8258","5826056,282",13.44185519,52.50113275,5249.0
216086,11,5,5200629.0,2021,9,15,3,3,0,1,0,0,0,0,1,0,1,0,"784656,7786","5828624,976",13.19747531,52.53317888,1558.0
216085,11,11,11200515.0,2021,9,15,3,3,5,3,0,1,1,0,0,0,0,0,"806106,803","5830164,905",13.5141606,52.5353581,6359.0
216084,11,7,7100205.0,2021,8,16,3,2,6,4,0,1,0,1,0,0,0,0,"796428,8465","5824892,037",13.36720057,52.49344213,4146.0
216083,11,2,2400521.0,2021,9,13,6,3,6,2,0,0,1,1,0,0,0,0,"801137,0368","5828581,401",13.43967823,52.52393359,5155.0
216082,11,9,9100408.0,2021,9,17,4,3,0,2,0,1,1,0,0,0,0,0,"806497,7268","5820066,651",13.51061844,52.44463503,6232.0
216081,11,1,1100206.0,2021,8,12,2,3,6,7,0,0,0,1,0,0,1,1,"797674,2832","5827977,396",13.38824978,52.52042096,4454.0
216080,11,10,10400940.0,2021,8,16,5,2,5,2,0,0,1,0,0,0,1,0,"812385,1544","5824271,746",13.6008965,52.47898666,7542.0
216079,11,5,5300735.0,2021,9,10,2,3,5,2,0,0,1,0,0,0,0,0,"786566,138","5830552,707",13.22721011,52.54946172,2063.0
216078,11,7,7100206.0,2021,9,16,7,3,1,5,1,1,1,0,0,0,0,1,"796616,735","5824313,856",13.36944526,52.48815722,4145.0
216077,11,9,9200715.0,2021,8,16,3,3,5,2,0,0,1,0,1,0,0,0,"807713,4145","5818121,082",13.52665801,52.42651568,6427.0
216076,11,8,8100312.0,2021,9,14,1,3,2,6,0,0,1,0,1,0,0,0,"800883,6035","5824282,004",13.43206868,52.48553692,5044.0
216075,11,7,7300619.0,2021,8,21,6,3,5,3,2,0,1,0,0,0,1,0,"795354,3035","5822247,515",13.34907646,52.47031836,3840.0
216074,11,2,2100102.0,2021,9,9,5,3,1,5,0,1,1,0,0,0,0,0,"797934,1829","5826382,82",13.39064133,52.50598564,4450.0
216073,11,4,4501042.0,2021,9,16,5,3,6,2,0,0,1,1,0,0,0,0,"793992,0427","5826148,892",13.3325213,52.50602716,3650.0
216072,11,3,3400828.0,2021,9,15,4,3,5,3,0,1,1,0,0,0,0,1,"799827,6528","5832098,665",13.42361052,52.55618163,4965.0
216071,11,1,1200519.0,2021,9,8,3,3,5,3,0,1,0,0,0,0,1,0,"794013,591","5829169,067",13.33550727,52.53308969,3658.0
216070,11,9,9300920.0,2021,8,6,5,3,5,3,0,0,1,0,0,0,0,1,"808097,3099","5816927,914",13.53118753,52.41560628,6524.0
216069,11,9,9200510.0,2021,8,13,3,3,0,2,0,1,1,0,0,0,0,0,"806413,0312","5822980,694",13.51205052,52.47079927,6240.0
216068,11,4,4300412.0,2021,9,14,6,3,5,2,0,1,0,0,0,0,1,0,"790794,2534","5827391,504",13.28662581,52.51888103,2954.0
216067,11,6,6100206.0,2021,9,17,5,3,0,7,0,1,0,0,0,0,0,0,"795099,914","5819450,369",13.34286986,52.4453811,3732.0
216066,11,3,3701658.0,2021,9,11,2,3,6,7,0,1,0,1,0,0,0,0,"799943,0858","5829971,726",13.42338726,52.53705367,4959.0
216065,11,1,1400938.0,2021,9,17,7,3,6,7,0,1,0,1,0,0,0,0,"794668,7989","5831155,104",13.34690033,52.5505392,3863.0
216064,11,8,8100310.0,2021,8,12,3,2,5,2,0,1,1,0,0,0,0,0,"800982,8862","5824768,888",13.43396607,52.48984627,5145.0
216063,11,10,10200524.0,2021,9,9,2,3,5,3,0,1,1,0,0,0,0,0,"813262,2283","5830369,392",13.61950597,52.53312524,7858.0
216062,11,8,8200730.0,2021,9,15,1,3,2,6,0,0,1,0,1,0,0,0,"801403,5673","5819275,812",13.43518216,52.44037825,5131.0
216061,11,9,9501939.0,2021,8,17,7,3,6,4,0,0,1,1,0,0,0,0,"810582,2315","5821339,089",13.5717053,52.45373363,7135.0
216060,11,5,5100104.0,2021,9,8,6,3,5,3,0,0,0,0,0,1,1,0,"785212,488","5831830,399",13.20839861,52.56162779,1766.0
216059,11,8,8100206.0,2021,9,4,7,3,6,2,2,0,1,1,0,0,0,0,"800613,6084","5823773,759",13.4276462,52.48113005,5043.0
216058,11,5,5100314.0,2021,9,20,4,3,3,6,2,0,1,0,0,0,0,1,"785299,538","5830007,701",13.20811286,52.54524015,1761.0
216057,11,5,5100210.0,2021,9,15,4,2,5,3,0,0,1,0,0,0,1,1,"783976,8741","5830077,319",13.18872015,52.54655543,1462.0
216056,11,3,3400828.0,2021,8,13,6,3,5,3,0,0,1,0,0,0,0,1,"800030,5203","5832028,863",13.4265308,52.55544427,4964.0
216055,11,1,1100101.0,2021,9,12,6,3,0,1,0,0,0,0,1,0,0,0,"794662,8463","5826050,07",13.34228857,52.5047794,3750.0
216054,11,1,1400938.0,2021,8,23,4,3,2,6,2,0,1,0,0,0,0,1,"794492,7166","5830636,198",13.34385076,52.54598281,3762.0
216053,11,1,1100103.0,2021,9,12,7,3,3,2,0,0,1,0,0,0,1,0,"795321,3107","5826141,991",13.35204316,52.5052474,3850.0
216052,11,12,12200412.0,2021,9,14,6,2,5,7,0,0,1,0,1,0,0,0,"790940,9033","5834310,945",13.29484377,52.5808348,3072.0
216051,11,6,6200317.0,2021,9,14,4,3,5,3,0,1,1,0,0,0,0,0,"796783,526","5817868,054",13.36616408,52.43028573,4128.0
216050,11,4,4501153.0,2021,9,8,3,3,5,3,0,1,0,0,0,0,0,0,"794185,3095","5823228,407",13.33278185,52.47974237,3642.0
216049,11,7,7501029.0,2021,9,12,5,3,5,3,0,0,1,0,0,0,0,0,"797590,2438","5818738,614",13.37876951,52.43765123,4230.0
216048,11,4,4501045.0,2021,9,10,3,3,1,5,0,1,1,0,0,0,0,0,"793474,5909","5824856,861",13.3237807,52.49472324,3447.0
216047,11,2,2300316.0,2021,9,10,3,3,4,6,0,1,0,0,0,0,0,0,"800698,5333","5826439,767",13.43129909,52.50497957,5050.0
216046,11,5,5200630.0,2021,8,19,2,3,5,3,1,0,1,0,1,0,0,0,"784752,3081","5827199,555",13.1976591,52.52034865,1554.0
216045,11,5,5300735.0,2021,9,16,6,3,0,1,0,0,0,0,1,0,0,1,"786929,5727","5830853,365",13.23281516,52.55196598,2163.0
216044,11,9,9200510.0,2021,9,19,1,3,1,5,1,1,1,0,0,0,0,0,"806586,0048","5822155,444",13.51383083,52.46330606,6238.0
216043,11,7,7601238.0,2021,9,14,5,3,5,2,0,0,1,0,0,0,1,0,"798677,099","5816001,681",13.39226688,52.41252529,4423.0
216042,11,9,9501940.0,2021,9,17,5,2,6,4,0,0,1,1,0,0,0,0,"811724,3448","5821610,291",13.58871168,52.45551391,7435.0
216041,11,12,12100101.0,2021,8,12,7,3,5,2,0,1,1,0,0,0,0,0,"795770,041","5832572,284",13.36435733,52.562646,4067.0
216040,11,8,8301036.0,2021,9,5,1,3,1,5,1,0,1,0,0,0,0,0,"803707,3527","5817991,836",13.46780475,52.42759557,5627.0
216039,11,12,12200412.0,2021,9,15,1,3,5,3,0,1,1,0,0,0,0,0,"790676,4586","5834314,547",13.29095513,52.58100842,2972.0
216038,11,11,11200514.0,2021,8,6,3,3,6,7,0,0,1,1,0,0,0,1,"803362,5246","5830084,92",13.47375237,52.53617561,5759.0
216037,11,5,5200629.0,2021,9,9,7,2,0,1,0,0,0,0,1,0,0,1,"784636,7555","5828433,03",13.19701655,52.53146835,1557.0
216036,11,4,4400728.0,2021,9,15,3,3,0,1,0,0,1,0,1,0,0,0,"790369,0993","5823532,227",13.27701228,52.48450873,2744.0
216035,11,1,1300731.0,2021,9,7,4,3,6,2,1,0,1,1,0,0,0,1,"796852,9448","5832377,332",13.3801115,52.56030916,4366.0
216034,11,1,1100102.0,2021,9,8,4,3,3,6,0,0,1,0,1,0,0,0,"795235,6914","5826697,897",13.35127841,52.51027701,3851.0
216033,11,7,7400927.0,2021,8,15,2,3,5,2,0,0,1,0,1,0,0,0,"799129,116","5821712,391",13.40400344,52.46346785,4638.0
216032,11,12,12601133.0,2021,9,18,6,3,5,3,0,0,1,0,0,0,0,0,"795732,9278","5837041,997",13.36779987,52.60273247,4178.0
216031,11,12,12500825.0,2021,8,14,2,3,2,6,0,0,1,0,0,0,0,1,"792549,4024","5835165,005",13.31926911,52.58762859,3474.0
216030,11,1,1100207.0,2021,8,3,6,2,0,1,2,1,0,0,0,0,0,1,"798309,232","5826981,135",13.39668694,52.51114382,4552.0
216029,11,2,2500833.0,2021,9,19,2,3,0,1,0,1,0,0,0,0,0,0,"802386,3775","5827080,926",13.45667318,52.50979348,5451.0
216028,11,9,9200613.0,2021,9,8,7,2,5,3,0,1,1,0,0,0,0,1,"805794,606","5821825,33",13.50191585,52.46079086,6137.0
216027,11,2,2100105.0,2021,9,16,6,3,5,3,0,1,0,0,1,0,0,0,"799814,8809","5825748,444",13.41769667,52.49926921,4848.0
216026,11,3,3200308.0,2021,9,21,4,3,2,6,2,0,1,0,0,0,0,1,"800043,7182","5837236,681",13.43143852,52.60211571,5078.0
216025,11,9,9301228.0,2021,9,11,5,3,4,7,0,0,0,0,0,1,1,0,"816966,5563","5812344,293",13.65683161,52.36947087,8410.0
216024,11,12,12100102.0,2021,8,11,7,3,5,3,0,0,1,0,0,0,0,0,"796724,4433","5833270,855",13.37902058,52.56838859,4268.0
216023,11,12,12400722.0,2021,8,10,4,3,0,3,0,0,1,0,1,0,0,0,"791632,9786","5837857,014",13.30815176,52.61225352,3281.0
216022,11,4,4100101.0,2021,9,8,2,3,5,2,0,0,1,0,0,0,0,0,"791663,7428","5830679,279",13.30228892,52.54789094,3162.0
216021,11,7,7601340.0,2021,9,15,7,3,0,1,0,0,0,0,1,0,0,0,"796539,8998","5815877,306",13.36082679,52.41257227,4023.0
216020,11,4,4300619.0,2021,9,16,3,2,6,7,0,0,1,1,0,0,0,0,"792259,6282","5827273,348",13.30805705,52.51703842,3253.0
216019,11,9,9301228.0,2021,9,6,3,3,5,3,1,0,1,0,0,0,0,0,"816000,7967","5813252,322",13.64354857,52.37816502,8213.0
216018,11,1,1300733.0,2021,9,10,3,3,1,5,1,0,1,0,1,0,0,1,"797632,9834","5831885,853",13.39114366,52.5554779,4464.0
216017,11,9,9502043.0,2021,8,6,2,3,2,6,1,1,1,0,0,0,0,1,"810583,0167","5822176,11",13.57249541,52.46123425,7137.0
216016,11,12,12200309.0,2021,9,9,6,3,6,4,0,0,1,1,0,0,0,0,"793217,9693","5832480,422",13.32673524,52.5632029,3567.0
216015,11,3,3400724.0,2021,9,9,4,3,1,7,0,0,1,0,0,0,0,0,"798751,7237","5834117,796",13.40960587,52.57487133,4770.0
216014,11,1,1100311.0,2021,8,8,2,3,0,6,0,0,1,0,1,0,0,1,"799618,996","5828264,804",13.41708493,52.5219321,4855.0
216013,11,7,7300517.0,2021,8,16,6,3,5,3,0,0,1,0,0,0,0,0,"794776,904","5822868,581",13.34114967,52.47619773,3741.0
216012,11,7,7601341.0,2021,9,18,2,3,2,6,0,1,1,0,0,0,0,0,"796542,1285","5814369,881",13.35952461,52.39905806,4019.0
216011,11,1,1100101.0,2021,9,16,7,3,2,6,0,0,1,0,0,0,0,1,"795209,5382","5826603,85",13.35081075,52.5094481,3851.0
216010,11,5,5200527.0,2021,9,12,4,3,3,6,0,0,1,0,0,0,0,0,"782335,2775","5827298,243",13.16221497,52.52249042,1055.0
216009,11,3,3701660.0,2021,9,21,7,3,0,4,1,0,0,1,0,0,1,0,"800134,793","5828994,605",13.42532302,52.52818989,4956.0
216008,11,1,1100103.0,2021,8,8,6,3,0,1,0,0,0,0,1,0,0,1,"795283,7559","5826060,101",13.35141884,52.50453364,3850.0
216007,11,9,9100409.0,2021,9,17,5,3,2,6,0,0,1,0,0,0,0,0,"805704,9195","5818766,3",13.49780074,52.43342435,6029.0
216006,11,4,4300414.0,2021,9,11,6,3,1,5,0,1,1,0,0,0,1,0,"791550,856","5826698,052",13.29713727,52.51226035,3052.0
216005,11,12,12100204.0,2021,9,15,4,3,2,1,0,0,1,0,1,0,0,1,"794328,0495","5832562,848",13.34313768,52.56334284,3767.0
216004,11,2,2500835.0,2021,9,21,3,3,0,1,2,0,0,0,1,0,0,0,"801906,0633","5826424,863",13.44902239,52.50417918,5349.0
216003,11,12,12100204.0,2021,8,13,5,3,2,6,0,0,0,0,0,0,1,1,"794219,3812","5832592,342",13.34156532,52.56366595,3767.0
216002,11,1,1100308.0,2021,8,9,3,3,2,6,0,1,1,0,0,0,0,0,"797598,4638","5828437,143",13.387547,52.52458342,4455.0
216001,11,5,5300839.0,2021,9,18,6,3,0,1,0,1,0,0,0,0,0,0,"788720,3624","5830528,368",13.25887139,52.54810598,2562.0
216000,11,10,10300731.0,2021,9,7,5,3,5,2,0,1,1,0,0,0,0,0,"809655,0861","5830269,153",13.56640471,52.53428807,7058.0
215999,11,3,3200310.0,2021,9,0,2,3,6,6,2,0,1,1,0,0,0,0,"799855,9752","5838496,027",13.42981578,52.613507,5081.0
215998,11,7,7300517.0,2021,9,17,2,2,5,3,0,1,1,0,0,0,0,0,"794247,2716","5822046,585",13.33264897,52.46911454,3639.0
215997,11,3,3400831.0,2021,9,15,5,3,5,7,0,0,1,0,1,0,0,0,"800074,6997","5833884,49",13.42885872,52.57205235,5069.0
215996,11,5,5100316.0,2021,9,20,2,3,6,2,2,0,1,1,0,0,0,0,"784595,532","5829197,301",13.19706496,52.53834234,1559.0
215995,11,6,6400735.0,2021,9,14,1,3,3,6,0,1,1,0,0,0,0,0,"779479,4458","5815580,909",13.11041554,52.41889208,225.0
215994,11,1,1200517.0,2021,8,15,7,3,2,6,0,0,1,0,1,0,0,0,"793648,736","5828121,19",13.32921833,52.52389272,3555.0
215993,11,9,9502043.0,2021,9,7,6,3,5,3,0,1,0,0,0,0,0,0,"810855,5168","5822503,436",13.57679818,52.46401266,7238.0
215992,11,4,4300517.0,2021,9,12,7,3,5,3,0,0,1,0,0,0,0,0,"791911,8384","5828206,076",13.30376477,52.52558641,3156.0
215991,11,6,6100103.0,2021,9,21,4,3,0,1,2,0,1,0,0,0,0,1,"793766,0708","5821150,623",13.32479675,52.46134155,3437.0
215990,11,5,5100316.0,2021,9,14,6,2,5,3,0,1,1,0,0,0,0,0,"784966,0055","5829500,898",13.20277294,52.54087076,1660.0
215989,11,5,5300840.0,2021,9,15,5,3,5,2,0,1,1,0,0,0,0,0,"789214,0861","5829280,646",13.26504603,52.536658,2559.0
215988,11,6,6400838.0,2021,8,10,6,3,0,1,0,0,0,0,1,0,0,1,"788483,0479","5821526,106",13.2475794,52.46752265,2339.0
215987,11,10,10300734.0,2021,8,17,4,3,6,4,0,0,1,1,0,0,0,0,"809790,6682","5827263,234",13.56559785,52.50727322,7050.0
215986,11,1,1100416.0,2021,9,7,1,2,1,5,0,0,1,0,1,0,0,0,"798922,0754","5829590,844",13.40803593,52.5342006,4758.0
215985,11,5,5100316.0,2021,9,6,6,3,5,2,2,0,1,0,0,0,0,0,"784845,1668","5829238,91",13.20077136,52.53858498,1660.0
215984,11,11,11200411.0,2021,9,11,4,3,0,4,0,0,0,1,1,0,0,0,"804920,7732",5831377,13.49784129,52.54688623,6062.0
215983,11,1,1100205.0,2021,9,9,2,3,5,2,0,1,1,0,0,0,0,0,"797152,151","5826447,791",13.37921118,52.50699452,4250.0
215982,11,11,11400931.0,2021,8,9,2,3,3,6,0,0,1,0,0,0,1,0,"806696,6075","5826908,119",13.51982635,52.50583871,6350.0
215981,11,12,12400720.0,2021,9,6,3,3,5,3,2,0,1,0,1,0,0,0,"789631,3596","5839732,341",13.2803155,52.63013606,2886.0
215980,11,1,1100206.0,2021,9,13,2,3,6,4,0,0,1,1,0,0,0,0,"797390,7417","5827736,1",13.38386746,52.51841273,4354.0
215979,11,7,7400823.0,2021,8,13,2,3,5,3,0,1,1,0,0,0,0,1,"797358,934","5821918,607",13.37820812,52.46628256,4238.0
215978,11,3,3500934.0,2021,9,12,6,3,5,3,0,1,1,0,0,0,0,0,"800688,4116","5831584,178",13.43580274,52.55109566,5163.0
215977,11,4,4100101.0,2021,9,13,1,3,5,2,0,0,1,0,0,0,0,0,"793340,975","5829718,481",13.32610463,52.53837732,3559.0
215976,11,1,1300835.0,2021,9,6,5,3,5,2,0,1,1,0,0,0,0,1,"797636,4572","5829558,167",13.38910896,52.53461128,4458.0
215975,11,9,9401433.0,2021,8,17,2,3,5,7,0,0,1,0,0,0,0,1,"812717,4843","5819918,169",13.60169609,52.43978311,7631.0
215974,11,1,1100205.0,2021,10,19,6,3,5,2,2,1,1,0,0,0,0,0,"796970,1737","5826731,366",13.37679083,52.50963555,4251.0
215973,11,4,4300620.0,2021,8,23,7,3,5,3,2,0,1,0,0,0,0,1,"793189,7338","5827892,09",13.32227031,52.52208595,3455.0
215972,11,4,4300414.0,2021,9,14,2,3,6,7,0,0,1,1,0,0,0,0,"791594,5383","5827341,098",13.29834268,52.51800182,3054.0
215971,11,11,11501238.0,2021,9,16,7,3,6,7,0,1,0,1,0,0,0,1,"803809,8967","5826178,903",13.47676097,52.500918,5749.0
215970,11,1,1100416.0,2021,9,17,5,3,0,1,0,1,0,0,0,0,0,0,"798787,7051","5829682,631",13.40614333,52.53509702,4659.0
215969,11,2,2100101.0,2021,9,16,6,3,5,3,0,1,0,0,0,0,1,0,"797588,4115","5825938,605",13.38516491,52.50219247,4349.0
215968,11,1,1100308.0,2021,10,11,6,3,0,2,0,0,1,0,1,0,0,0,"797102,5446","5828833,92",13.38061333,52.52841053,4357.0
215967,11,9,9501737.0,2021,9,15,3,3,5,3,0,0,1,0,0,0,0,0,"813761,909","5821737,227",13.61871926,52.45548564,7835.0
215966,11,3,3500936.0,2021,9,12,3,2,6,4,0,0,1,1,0,0,0,0,"802704,1781","5831821,254",13.46565792,52.5521041,5563.0
215965,11,12,12601236.0,2021,9,10,4,2,5,3,0,1,1,0,0,0,0,1,"794421,8442","5836081,869",13.34764295,52.59483732,3876.0
215964,11,1,1100205.0,2021,8,7,3,3,0,5,0,1,0,0,0,0,0,0,"797469,137","5826804,17",13.38418632,52.5100163,4351.0
215963,11,1,1100206.0,2021,9,14,6,3,0,1,0,1,0,0,0,0,0,0,"797998,2365","5827858,711",13.39290386,52.51918017,4454.0
215962,11,8,8100313.0,2021,9,18,3,3,5,3,0,1,1,0,0,0,0,0,"801400,4962","5824764,401",13.44009403,52.48957565,5145.0
215961,11,7,7400826.0,2021,9,20,6,3,2,6,2,0,1,0,1,0,0,1,"797045,3475","5820430,581",13.37228151,52.4531144,4135.0
215960,11,12,12400722.0,2021,9,14,4,3,6,4,0,0,1,1,0,0,0,0,"790806,0503","5838847,178",13.29684397,52.62157317,3084.0
215959,11,6,6100206.0,2021,9,21,7,3,5,3,2,1,1,0,0,0,0,0,"794553,8898","5820101,498",13.3354334,52.45151258,3634.0
215958,11,12,12500928.0,2021,8,13,1,3,1,5,0,0,1,0,0,0,0,0,"791832,0478","5836924,901",13.31026144,52.60379068,3279.0
215957,11,8,8200726.0,2021,9,15,5,3,5,3,0,0,1,0,0,0,0,0,"802363,121","5819912,373",13.44983191,52.44555419,5332.0
215956,11,12,12100204.0,2021,9,14,6,3,2,3,0,0,1,0,0,0,0,0,"795512,8586","5832474,362",13.36048712,52.56190787,4066.0
215955,11,6,6200312.0,2021,9,15,4,3,5,3,0,1,1,0,0,0,0,1,"794825,3299","5819323,626",13.33872966,52.44439304,3632.0
215954,11,3,3200309.0,2021,9,7,4,3,5,3,0,1,1,0,0,0,0,1,"800169,3355","5837955,587",13.43393973,52.60849,5180.0
215953,11,1,1100205.0,2021,8,17,5,3,3,6,0,0,1,0,0,0,0,1,"797468,0504","5826806,786",13.38417269,52.51004034,4351.0
215952,11,1,1200628.0,2021,8,12,3,3,5,2,0,1,1,0,0,0,0,0,"795702,3048","5828178,286",13.35944965,52.52329469,4055.0