ObjectID,State,District,LOR_ab_2021,AccidentYear,AccidentMonth,AccidentHour,DayOfWeek,AccidentCategory,AccidentType,AccidentTypeDetail,LightingCondition,InvolvingBike,InvolvingCar,InvolvingPedestrian,InvolvingMotorcycle,InvolvingHGV,InvolvingOther,RoadCondition,GraphicCoord1,GraphicCoord2,LongitudeWGS84,LatitudeWGS84,quadrant
215766,11,1,1300834.0,2021,8,9,7,2,3,6,0,0,1,0,0,0,1,0,"797782,133","5830741,711",13.39231106,52.54514065,4461.0
215765,11,1,1100102.0,2021,9,9,6,3,2,2,0,0,1,0,0,0,0,0,"796575,0093","5827962,356",13.37208248,52.52088512,4154.0
215764,11,8,8100415.0,2021,9,18,6,3,5,7,1,0,1,0,0,0,0,0,"801235,3433","5823671,487",13.43668135,52.47987076,5142.0
215763,11,4,4300414.0,2021,9,10,5,3,2,2,0,0,1,0,1,0,0,0,"790946,4876","5826751,56",13.28830347,52.51306275,2952.0
215762,11,4,4100101.0,2021,9,13,4,3,5,7,0,0,1,0,0,1,0,1,"792671,1008","5830661,262",13.31708666,52.54718916,3362.0
215761,11,10,10200524.0,2021,8,13,6,3,2,6,0,0,1,0,0,0,0,1,"812270,998","5830678,575",13.60523071,52.53646461,7659.0
215760,11,9,9200819.0,2021,8,20,4,3,0,1,1,1,0,0,0,0,0,1,"810193,6351","5820396,801",13.56512996,52.44550976,7032.0
215759,11,1,1100101.0,2021,9,19,7,3,5,3,0,0,1,0,0,0,0,0,"795130,8517","5826505,389",13.3495674,52.50860805,3851.0
215758,11,6,6400843.0,2021,9,13,3,3,6,4,0,0,0,1,1,0,0,0,"791573,7409","5820652,497",13.29218512,52.45805004,3036.0
215757,11,5,5100316.0,2021,9,7,4,3,5,3,0,1,0,0,0,0,1,0,"784041,7452","5829678,071",13.1893328,52.54294191,1461.0
215756,11,8,8200624.0,2021,9,13,3,3,0,3,0,0,1,0,1,0,0,0,"801294,9496","5820449,049",13.43464706,52.45095423,5134.0
215755,11,2,2500835.0,2021,8,12,5,3,1,5,0,1,1,0,0,0,0,1,"803105,6156","5826268,331",13.4664988,52.50211117,5549.0
215754,11,11,11100204.0,2021,8,15,3,3,5,2,0,0,1,0,0,0,0,0,"806543,3235","5833565,608",13.52371553,52.56559022,6467.0
215753,11,4,4501041.0,2021,9,19,6,3,0,1,1,0,0,0,1,0,0,0,"792957,6075","5825568,952",13.3168138,52.50138464,3349.0
215752,11,2,2500726.0,2021,9,16,4,3,6,4,0,0,1,1,0,0,0,0,"802153,8604","5828647,579",13.45468028,52.52396422,5455.0
215751,11,4,4300414.0,2021,9,15,3,3,5,3,0,0,1,0,0,0,1,0,"791552,2579","5826689,565",13.29715044,52.51218351,3052.0
215750,11,2,2400623.0,2021,9,18,2,2,1,5,0,1,1,0,0,0,0,0,"800526,5663","5826891,541",13.42918093,52.50912371,5051.0
215749,11,2,2200210.0,2021,9,16,4,3,5,7,0,0,1,0,0,0,0,0,"798672,0276","5825128,285",13.40035502,52.49433699,4647.0
215748,11,4,4400729.0,2021,9,13,1,3,3,6,0,1,1,0,0,0,0,0,"790537,5684","5822329,23",13.27843801,52.47363408,2741.0
215747,11,4,4300518.0,2021,8,13,7,3,5,2,0,1,1,0,0,0,0,0,"792082,8941","5828107,967",13.3061928,52.52461527,3255.0
215746,11,3,3300516.0,2021,9,10,5,3,4,6,0,0,1,0,0,0,0,0,"801036,7055","5834745,164",13.44379222,52.5792354,5271.0
215745,11,9,9200818.0,2021,9,18,5,3,1,7,0,0,1,0,0,0,0,0,"810488,4992","5820332,738",13.56939498,52.44476829,7132.0
215744,11,3,3200308.0,2021,9,20,3,2,5,2,2,0,1,0,0,0,0,0,"800177,4483","5836542,834",13.43277816,52.59582286,5076.0
215743,11,6,6300528.0,2021,9,19,4,3,2,6,1,0,1,0,1,0,0,0,"790828,6303","5817456,121",13.2784676,52.42979096,2728.0
215742,11,2,2300316.0,2021,8,8,6,3,5,2,0,1,1,0,0,0,0,1,"800805,4978","5826158,115",13.43261582,52.50239609,5049.0
215741,11,4,4501043.0,2021,8,21,4,3,0,2,2,0,1,0,1,0,0,1,"792947,2382","5825260,845",13.31639045,52.49862812,3348.0
215740,11,8,8100419.0,2021,9,7,6,3,0,3,0,1,1,0,0,0,0,0,"802531,9637","5824214,906",13.45620886,52.48402469,5444.0
215739,11,3,3500936.0,2021,8,15,3,3,5,3,0,0,1,0,0,0,1,0,"801686,0834","5831179,934",13.45010513,52.5469208,5362.0
215738,11,7,7200307.0,2021,9,15,5,3,5,7,0,0,1,0,0,0,1,0,"794944,5998","5824319,949",13.34489567,52.4891178,3745.0
215737,11,1,1100309.0,2021,9,7,6,3,5,3,0,1,1,0,0,0,0,0,"798289,4723","5828776,949",13.3980069,52.52725172,4556.0
215736,11,6,6200312.0,2021,9,14,3,3,2,6,0,0,1,0,0,0,1,0,"795023,6929","5819104,56",13.34144631,52.44232223,3731.0
215735,11,10,10200418.0,2021,9,8,3,2,6,4,0,0,1,1,0,0,0,0,"810808,5597","5830936,55",13.58397981,52.53961235,7360.0
215734,11,10,10100210.0,2021,9,17,4,3,5,3,0,0,1,0,1,1,0,0,"808595,7148","5831892,944",13.55234436,52.54944089,6863.0
215733,11,8,8100102.0,2021,9,2,2,2,2,6,2,0,1,0,1,0,0,0,"800583,2571","5823231,129",13.42671148,52.47628296,5041.0
215732,11,5,5100316.0,2021,9,18,1,3,0,2,0,0,1,0,1,0,0,0,"784988,9457","5829498,649",13.20310835,52.5408386,1660.0
215731,11,4,4300415.0,2021,8,17,1,3,5,2,0,1,1,0,0,0,0,0,"790670,2885","5825991,934",13.28358151,52.50639994,2850.0
215730,11,4,4500939.0,2021,9,8,5,3,5,3,0,0,1,0,1,0,0,0,"791820,9196","5824311,886",13.29901444,52.49072428,3146.0
215729,11,2,2200212.0,2021,9,10,7,3,5,2,0,1,1,0,0,0,0,0,"799655,0612","5824508,486",13.41423411,52.48824263,4845.0
215728,11,1,1100308.0,2021,9,13,4,3,5,3,0,1,1,0,0,0,0,0,"796675,7268","5828757,288",13.37427171,52.52795606,4256.0
215727,11,9,9200510.0,2021,9,14,5,3,5,2,0,1,1,0,0,0,0,0,"806444,043","5822259,434",13.51184327,52.46431769,6238.0
215726,11,2,2100102.0,2021,8,13,7,3,5,3,0,0,1,0,0,0,1,0,"798185,6749","5826507,406",13.39444731,52.506965,4550.0
215725,11,9,9502043.0,2021,8,10,4,3,0,7,0,0,1,1,0,0,0,0,"810369,3773","5822926,976",13.57005928,52.46808462,7139.0
215724,11,1,1300834.0,2021,9,8,2,3,1,2,0,0,1,0,1,0,0,0,"798251,9613","5830679,16",13.39916272,52.54432297,4561.0
215723,11,1,1200520.0,2021,9,16,7,3,5,2,0,1,0,0,0,0,1,0,"794596,508","5828438,937",13.34342912,52.52622983,3756.0
215722,11,2,2200210.0,2021,9,16,7,3,5,3,0,0,1,0,0,0,0,0,"798951,1469","5824797,247",13.40415708,52.49121689,4646.0
215721,11,1,1200624.0,2021,9,13,3,3,2,6,0,0,1,0,1,0,0,0,"795560,3759","5829648,09",13.35867053,52.53654716,3959.0
215720,11,6,6200313.0,2021,9,9,4,2,5,3,0,1,1,0,0,0,0,0,"795399,1332","5818197,674",13.3461524,52.43398986,3829.0
215719,11,8,8401241.0,2021,9,7,4,3,0,7,0,0,1,0,0,0,0,0,"805003,5098","5818772,215",13.48752078,52.43386889,5929.0
215718,11,6,6100210.0,2021,8,11,2,3,5,2,0,1,1,0,0,0,0,1,"795120,6569","5821249,254",13.34476392,52.46149585,3737.0
215717,11,7,7601341.0,2021,9,23,6,2,5,3,2,0,1,0,1,0,0,0,"797891,597","5815241,524",13.38007586,52.40613922,4321.0
215716,11,2,2200212.0,2021,9,15,4,3,2,2,0,0,1,0,0,0,0,0,"799081,2837","5824615,171",13.40590468,52.48951355,4645.0
215715,11,5,5300737.0,2021,8,11,2,2,5,2,0,0,1,0,0,1,0,0,"788032,6375","5829369,873",13.24775267,52.53808367,2359.0
215714,11,2,2500835.0,2021,8,6,6,3,5,2,0,1,0,0,1,0,0,1,"803094,4675","5826040,346",13.46612757,52.50007396,5548.0
215713,11,7,7501134.0,2021,9,18,2,3,2,6,0,0,1,0,0,0,0,0,"799695,0855","5819022,909",13.409896,52.43905026,4730.0
215712,11,9,9200715.0,2021,9,21,6,3,6,7,2,0,1,1,0,0,0,0,"808928,5692","5818886,395",13.54517971,52.43268973,6729.0
215711,11,7,7300516.0,2021,8,15,3,3,6,4,0,1,0,1,0,0,0,0,"794040,0063","5821644,198",13.32925196,52.46561891,3538.0
215710,11,4,4100101.0,2021,9,17,7,2,6,4,0,0,1,1,0,0,0,0,"792475,9253","5830085,319",13.31370943,52.54213086,3361.0
215709,11,4,4200308.0,2021,8,19,6,3,5,2,0,0,1,0,0,0,0,0,"790223,8333","5827314,054",13.27817512,52.51849057,2754.0
215708,11,2,2500836.0,2021,9,14,5,3,5,2,0,1,1,0,0,0,0,0,"803505,399","5825370,999",13.4715528,52.49384635,5646.0
215707,11,8,8100417.0,2021,9,16,5,3,2,6,0,0,1,0,0,0,0,0,"802456,8956","5822851,416",13.4538701,52.47184525,5440.0
215706,11,1,1200628.0,2021,9,15,4,3,2,6,0,0,1,0,1,0,0,1,"795442,2383","5827628,489",13.35513927,52.5185072,3954.0
215705,11,6,6300631.0,2021,9,13,4,2,2,6,0,0,1,0,1,0,0,1,"792461,111","5816500,643",13.30157483,52.42035487,3125.0
215704,11,2,2500830.0,2021,8,11,5,3,0,1,0,0,0,0,1,0,0,1,"802262,7339","5827503,475",13.45524063,52.5136493,5452.0
215703,11,1,1100102.0,2021,8,15,3,3,2,6,0,0,1,0,0,0,1,0,"795410,2359","5826308,009",13.35349683,52.50668748,3950.0
215702,11,3,3501038.0,2021,9,11,6,3,5,2,0,0,1,0,1,0,0,0,"803600,3168","5831996,693",13.47899483,52.55317776,5764.0
215701,11,11,11200513.0,2021,9,12,5,3,5,7,0,0,1,0,0,0,0,0,"804764,4141","5830825,317",13.49503643,52.5420293,6061.0
215700,11,3,3500936.0,2021,9,9,3,3,4,5,0,1,0,0,0,1,0,0,"802335,1675","5831466,426",13.45990894,52.54912878,5463.0
215699,11,1,1401045.0,2021,9,14,2,3,5,2,0,1,0,0,0,0,1,0,"796671,4229","5831918,789",13.37703173,52.55629778,4265.0
215698,11,7,7601236.0,2021,9,14,5,3,5,3,0,1,1,0,0,0,0,0,"795880,9394","5816209,662",13.35146048,52.4159082,3824.0
215697,11,11,11300721.0,2021,9,10,2,2,0,2,0,0,1,0,1,0,0,0,"805131,5857","5829992,992",13.49966951,52.53436419,6058.0
215696,11,1,1100101.0,2021,9,18,1,3,1,5,0,0,1,0,0,0,1,0,"794973,68","5826624,055",13.34736345,52.50975681,3851.0
215695,11,11,11501340.0,2021,8,22,7,3,2,6,2,1,1,0,0,0,0,0,"807249,9459","5824254,302",13.52550602,52.48174353,6443.0
215694,11,1,1200628.0,2021,9,9,5,3,2,6,0,0,1,0,1,0,0,0,"796197,866","5828465,476",13.3669883,52.52560009,4156.0
215693,11,1,1200628.0,2021,9,9,6,3,5,3,0,1,1,0,0,0,0,0,"795687,442","5828074,518",13.35913896,52.52237256,3955.0
215692,11,7,7400826.0,2021,9,9,5,3,5,3,0,0,1,0,1,0,0,0,"797023,8001","5820693,726",13.37219942,52.45548495,4135.0
215691,11,8,8200726.0,2021,9,14,5,3,5,3,0,1,1,0,0,0,0,0,"801910,8346","5820631,091",13.44384702,52.45224614,5234.0
215690,11,3,3701660.0,2021,8,9,6,3,6,4,0,0,1,1,0,0,0,1,"800664,1191","5829356,235",13.43342932,52.53113959,5157.0
215689,11,2,2300316.0,2021,8,7,3,2,0,5,0,1,1,0,0,0,0,0,"800889,6001","5826435,543",13.4341018,52.50483638,5150.0
215688,11,2,2500834.0,2021,9,18,1,3,6,7,0,1,0,1,0,0,0,0,"803147,0123","5826717,864",13.46751607,52.50611727,5650.0
215687,11,3,3400723.0,2021,9,13,6,3,5,3,0,0,1,0,0,0,1,0,"799551,4551","5834224,881",13.42146857,52.57539159,4970.0
215686,11,12,12400723.0,2021,9,10,4,3,9,1,0,0,1,0,0,0,0,0,"792528,4681","5839292,971",13.32260966,52.62464481,3485.0
215685,11,6,6400841.0,2021,9,18,3,3,5,3,0,1,1,0,0,0,0,0,"789578,9527","5818883,219",13.26137484,52.44324841,2532.0
215684,11,4,4300622.0,2021,8,20,1,2,5,3,2,0,1,0,0,0,1,1,"792916,931","5826772,084",13.31727491,52.51219213,3352.0
215683,11,12,12200414.0,2021,9,20,3,3,0,7,1,0,1,0,0,0,0,0,"791220,0262","5830830,655",13.29589649,52.54948539,3063.0
215682,11,3,3601244.0,2021,9,15,3,3,6,4,0,0,1,1,0,0,0,0,"800108,365","5831706,069",13.42738377,52.55250809,5064.0
215681,11,12,12100204.0,2021,8,14,2,3,6,4,0,0,1,1,0,0,0,0,"795146,2545","5832548,097",13.35516022,52.56276768,3967.0
215680,11,2,2300314.0,2021,9,18,6,3,1,5,0,1,1,0,0,0,0,1,"799863,3358","5825996,111",13.41863134,52.50146255,4849.0
215679,11,7,7300516.0,2021,9,16,1,3,1,5,0,1,1,0,0,0,0,0,"793808,4505","5821795,793",13.32598672,52.46710247,3539.0
215678,11,5,5100210.0,2021,9,5,5,3,2,6,1,0,1,0,1,0,0,1,"783732,6369","5830596,405",13.18557159,52.55133687,1463.0
215677,11,4,4501042.0,2021,8,19,2,3,5,2,0,0,1,0,1,0,0,1,"794480,315","5825856,114",13.33943554,52.50313925,3749.0
215676,11,2,2300316.0,2021,9,6,5,3,6,4,0,0,1,1,0,0,0,0,"801476,5343","5826027,656",13.44235373,52.50085645,5248.0
215675,11,9,9301228.0,2021,8,1,7,3,9,1,2,0,1,0,0,0,0,1,"819150,8037","5812672,827",13.68911851,52.37114768,8911.0
215674,11,4,4400726.0,2021,9,8,2,3,2,6,0,0,0,0,1,0,1,0,"790858,5882","5824639,174",13.28516654,52.49417204,2847.0
215673,11,4,4300416.0,2021,9,13,1,3,1,5,0,0,1,0,1,0,0,0,"791846,0431","5826236,46",13.30106994,52.50796438,3151.0
215672,11,6,6400841.0,2021,8,11,3,3,1,1,0,1,1,0,0,0,0,0,"789619,0827","5818159,081",13.26133607,52.43673497,2530.0
215671,11,3,3400721.0,2021,9,20,6,3,0,2,2,1,1,0,0,0,0,0,"798218,1897","5833454,14",13.40115935,52.56921523,4668.0
215670,11,8,8100419.0,2021,10,18,6,3,5,3,0,1,0,0,0,0,1,0,"802212,7021","5824182,058",13.45149188,52.48390706,5344.0
215669,11,9,9100407.0,2021,9,15,3,2,5,2,0,1,1,0,0,0,0,0,"805987,4038","5821178,632",13.50415202,52.45488695,6135.0
215668,11,12,12500825.0,2021,9,16,5,3,6,7,0,0,1,1,0,0,0,0,"791749,8147","5834365,902",13.30679659,52.58089434,3272.0
215667,11,2,2100105.0,2021,9,18,3,3,5,3,0,0,0,0,1,0,1,0,"799729,8802","5825782,531",13.41647893,52.49962144,4848.0
215666,11,7,7400720.0,2021,9,15,2,3,0,4,0,0,0,1,1,0,0,0,"797241,9896","5823814,17",13.37818106,52.48333799,4243.0
215665,11,6,6200422.0,2021,9,13,5,3,2,6,0,0,1,0,0,0,0,0,"794958,1015","5816237,522",13.33795533,52.41665604,3624.0
215664,11,7,7400823.0,2021,9,18,3,3,5,2,1,0,1,0,1,0,0,0,"797326,5167","5822178,649",13.37796405,52.46863122,4239.0
215663,11,8,8100314.0,2021,9,17,3,3,6,4,0,0,0,1,0,0,1,0,"800364,9201","5824350,995",13.42451532,52.4864409,4944.0
215662,11,11,11300721.0,2021,8,7,2,2,0,1,0,0,0,0,0,0,1,1,"805097,7119","5829101,794",13.49835379,52.52639586,6056.0
215661,11,1,1100102.0,2021,9,11,6,3,5,2,0,0,1,0,1,0,0,0,"795188,661","5827210,532",13.35104215,52.51489785,3853.0
215660,11,7,7601544.0,2021,9,17,7,3,1,5,2,1,1,0,0,0,0,1,"799818,488","5813100,075",13.4064013,52.38589214,4615.0
215659,11,7,7400927.0,2021,9,14,5,3,3,6,0,0,1,0,1,1,0,0,"798108,8951","5820900,061",13.38830549,52.45674379,4436.0
215658,11,6,6300524.0,2021,9,14,4,3,5,3,0,1,1,0,0,0,0,1,"787550,8324","5817300,933",13.23025699,52.43013234,2028.0
215657,11,11,11300616.0,2021,8,14,7,3,2,6,0,0,1,0,0,0,0,0,"802972,9257","5829827,57",13.46779127,52.53408575,5658.0
215656,11,2,2300419.0,2021,9,22,7,3,5,7,2,1,1,0,0,0,0,0,"801588,4958","5825947,476",13.44392552,52.50007591,5248.0
215655,11,5,5100209.0,2021,9,18,1,2,5,3,0,0,1,0,0,0,0,0,"783702,607","5830170,01",13.18476557,52.5475294,1462.0
215654,11,2,2300417.0,2021,8,10,3,3,1,5,0,0,1,0,0,1,0,0,"800141,4037","5825615,392",13.42237244,52.49789714,4948.0
215653,11,5,5100208.0,2021,9,16,5,3,0,2,0,0,0,0,1,0,1,0,"782397,8547","5830616,219",13.1659547,52.55220823,1164.0
215652,11,3,3300516.0,2021,9,16,6,3,2,6,0,0,1,0,1,0,0,0,"800991,022","5833245,171",13.44175863,52.56581616,5267.0
215651,11,2,2200212.0,2021,10,21,6,3,0,1,2,1,0,0,0,0,0,0,"800163,0505","5824427,578",13.42162027,52.48723836,4945.0
215650,11,2,2200210.0,2021,9,18,3,3,2,6,1,1,1,0,0,1,0,0,"798446,0088","5825240,039",13.39713584,52.49546236,4547.0
215649,11,4,4300623.0,2021,9,20,4,3,0,1,1,0,0,0,0,0,1,0,"792738,9854","5826094,461",13.3140643,52.50621299,3350.0
215648,11,3,3701556.0,2021,9,12,3,3,0,1,0,1,0,0,0,0,0,1,"799275,1943","5829032,456",13.41272369,52.52900174,4757.0
215647,11,10,10100311.0,2021,8,15,2,2,5,2,0,0,1,0,0,0,1,0,"806567,4793","5828096,719",13.51902461,52.51656376,6353.0
215646,11,7,7100204.0,2021,9,8,6,3,1,5,0,1,1,0,0,0,0,0,"795181,949","5824475,553",13.34851902,52.49038439,3845.0
215645,11,3,3100103.0,2021,8,14,2,3,5,3,0,0,1,0,0,0,0,1,"804148,9849","5841046,401",13.49537236,52.63397895,6087.0
215644,11,10,10400941.0,2021,9,13,2,3,5,3,0,1,1,0,0,0,0,0,"813469,0202","5824907,02",13.61740103,52.48405837,7844.0
215643,11,1,1200522.0,2021,9,20,7,3,5,3,2,1,1,0,0,0,0,1,"793977,8726","5828199,666",13.33412504,52.52441884,3655.0
215642,11,8,8100310.0,2021,8,15,3,3,3,6,0,1,1,0,0,0,0,0,"800640,7882","5825109,042",13.42924969,52.49308369,5046.0
215641,11,2,2300418.0,2021,9,15,5,3,6,7,0,0,0,1,0,0,1,0,"800790,2265","5825348,987",13.4316608,52.49515206,5047.0
215640,11,4,4400726.0,2021,9,21,7,3,2,6,2,0,1,0,0,0,0,0,"790889,548","5824747,595",13.28571595,52.49512754,2947.0
215639,11,8,8100419.0,2021,8,11,6,3,1,5,0,1,1,0,0,0,0,0,"801952,5535","5824356,908",13.44783091,52.48561819,5344.0
215638,11,1,1300836.0,2021,9,18,5,3,5,3,0,1,0,0,0,0,0,0,"795886,9642","5830604,113",13.36432302,52.54493977,4061.0
215637,11,9,9300920.0,2021,9,11,6,3,5,3,0,0,1,0,0,0,0,0,"809036,9201","5816419,171",13.54448962,52.41051724,6722.0
215636,11,7,7100102.0,2021,9,11,4,3,0,3,0,0,1,0,1,0,0,0,"795439,8206","5825668,805",13.35336428,52.50094149,3949.0
215635,11,5,5100210.0,2021,9,19,4,3,6,4,1,1,0,1,0,0,0,1,"783800,3349","5830587,674",13.1865599,52.55122332,1463.0
215634,11,4,4501153.0,2021,8,16,5,3,5,2,0,0,1,0,0,0,0,0,"793891,2385","5823091,402",13.32834343,52.47867252,3542.0
215633,11,1,1200626.0,2021,8,12,3,3,5,3,0,1,1,0,0,0,0,0,"794996,0065","5828280,005",13.34915977,52.52458911,3855.0
215632,11,5,5300737.0,2021,9,15,7,3,0,6,0,0,1,0,0,0,1,0,"787496,7025","5829889,938",13.24032258,52.54302933,2261.0
215631,11,1,1400938.0,2021,9,18,4,2,1,5,0,0,1,0,0,0,0,0,"794265,8461","5830932,104",13.34077699,52.548758,3763.0
215630,11,1,1200521.0,2021,9,11,3,3,0,1,0,0,0,0,0,0,1,0,"793712,9315","5828451,377",13.33045346,52.52681809,3556.0
215629,11,1,1100309.0,2021,9,9,7,3,1,5,0,1,1,0,0,0,0,1,"798953,564","5828442,329",13.40746605,52.52388858,4755.0
215628,11,9,9200510.0,2021,9,20,4,2,4,6,2,0,1,0,0,0,0,0,"806606,8516","5822766,172",13.51469784,52.46876792,6339.0
215627,11,11,11401137.0,2021,9,13,2,3,2,2,0,1,1,0,0,0,0,0,"806769,8482","5825585,814",13.51968411,52.49394677,6346.0
215626,11,1,1100312.0,2021,9,9,5,3,5,2,0,1,1,0,0,0,0,0,"799003,1296","5827242,828",13.40711636,52.51310962,4752.0
215625,11,10,10100312.0,2021,9,10,2,3,9,1,0,0,1,0,0,0,0,0,"808324,6802","5830160,83",13.54675235,52.5340715,6758.0
215624,11,10,10100312.0,2021,8,19,2,2,5,2,0,0,1,0,0,0,0,0,"807834,3936","5829074,915",13.53854153,52.52461672,6655.0
215623,11,7,7501134.0,2021,9,7,5,3,1,5,0,1,1,0,0,0,0,0,"799130,4277","5817238,32",13.40001749,52.42336276,4626.0
215622,11,11,11300725.0,2021,9,18,6,3,1,5,1,0,1,0,0,0,1,0,"804916,6351","5827613,28",13.49432856,52.51315637,6052.0
215621,11,1,1300733.0,2021,9,13,5,2,1,5,0,1,1,0,0,0,0,0,"797099,4895","5831419,317",13.38288028,52.55158726,4363.0
215620,11,2,2400625.0,2021,9,18,5,2,5,3,0,0,0,0,1,0,0,0,"801464,5226","5827268,85",13.44330125,52.51198808,5252.0
215619,11,7,7100101.0,2021,8,18,6,3,2,6,1,0,1,0,0,0,0,1,"794666,793","5825764,154",13.34209352,52.50221422,3749.0
215618,11,1,1100311.0,2021,8,13,4,3,5,3,0,0,0,0,0,0,1,0,"799920,8123","5827922,131",13.42121105,52.51869466,4954.0
215617,11,6,6300631.0,2021,9,4,1,3,0,7,2,0,1,0,0,0,0,0,"790801,3999","5815550,277",13.2764117,52.41271907,2723.0
215616,11,8,8100209.0,2021,9,16,5,3,5,2,0,0,1,0,1,0,0,0,"801750,9625","5822053,976",13.4427876,52.46508804,5238.0
215615,11,3,3500936.0,2021,9,9,4,3,0,7,0,1,0,0,0,0,0,0,"802279,3153","5831443,248",13.45906665,52.54895203,5463.0
215614,11,3,3100103.0,2021,9,18,2,2,5,3,0,0,1,0,0,0,0,0,"804239,9045","5840165,329",13.49590062,52.62603159,6085.0
215613,11,12,12200309.0,2021,8,7,1,3,5,3,0,0,1,0,0,0,1,1,"793158,526","5832633,984",13.3259965,52.56461151,3567.0
215612,11,5,5100316.0,2021,9,13,3,3,2,6,0,0,1,0,0,0,0,0,"784793,7163","5828859,365",13.19968952,52.53520888,1659.0
215611,11,2,2400624.0,2021,9,18,3,3,0,1,0,0,0,0,1,0,0,0,"801806,407","5827211,169",13.4482715,52.51128204,5352.0
215610,11,8,8100209.0,2021,8,16,3,3,2,3,0,1,1,0,0,0,0,0,"801569,3496","5822310,614",13.44035429,52.46748862,5239.0
215609,11,7,7601546.0,2021,9,14,6,2,0,1,0,0,1,0,0,0,0,0,"798837,7667","5812857,959",13.39181798,52.38425757,4414.0
215608,11,4,4300622.0,2021,9,8,5,3,5,2,0,1,1,0,0,0,0,0,"792997,698","5826961,114",13.31862808,52.51384334,3352.0
215607,11,7,7501029.0,2021,8,7,2,3,5,3,0,0,1,0,0,0,0,1,"797679,7423","5819321,681",13.38060156,52.44282913,4332.0
215606,11,5,5100315.0,2021,8,16,1,3,6,4,0,0,0,1,0,0,1,1,"785034,459","5829550,443",13.20382207,52.54127918,1660.0
215605,11,2,2100102.0,2021,9,14,2,2,1,5,0,1,0,0,0,0,1,0,"797775,2466","5826440,176",13.38835786,52.50658653,4450.0
215604,11,7,7300516.0,2021,9,12,1,3,1,5,0,1,1,0,0,0,0,0,"794078,6982","5822042,602",13.330171,52.4691696,3539.0
215603,11,3,3100103.0,2021,8,7,3,2,5,3,0,1,1,0,0,0,0,1,"804436,8459","5840691,497",13.49928577,52.63063692,6086.0
215602,11,4,4300620.0,2021,9,22,6,2,6,4,2,0,0,1,1,0,0,0,"793182,2601","5827778,583",13.32206042,52.52107243,3454.0
215601,11,11,11300724.0,2021,10,14,6,3,0,3,0,0,1,0,0,0,1,0,"804841,3825","5827755,497",13.49335336,52.51447305,5952.0
215600,11,1,1300835.0,2021,9,16,3,3,5,2,0,1,1,0,0,0,0,0,"797157,8218","5829878,553",13.38235968,52.53774433,4359.0
215599,11,1,1100416.0,2021,9,13,3,3,0,5,0,0,1,0,1,0,0,0,"798696,6588","5829216,591",13.40438621,52.53096955,4657.0
215598,11,4,4501042.0,2021,9,12,3,3,0,5,0,0,1,0,1,0,0,1,"794577,6671","5826053,037",13.34103987,52.504852,3750.0
215597,11,11,11401137.0,2021,8,16,5,3,5,3,0,1,1,0,0,0,0,0,"806829,6444","5826249,948",13.52117385,52.49986526,6448.0
215596,11,5,5100314.0,2021,8,17,3,3,1,5,0,1,1,0,0,0,0,0,"785318,1595","5830260,397",13.20860381,52.54749604,1762.0
215595,11,12,12100205.0,2021,9,17,6,3,2,6,0,0,1,0,1,0,0,0,"794226,6017","5835427,573",13.34418768,52.58907775,3774.0
215594,11,8,8200832.0,2021,9,15,4,3,2,6,0,0,1,0,0,0,0,0,"801509,1549","5817662,418",13.43527594,52.42585866,5127.0
215593,11,5,5100208.0,2021,9,5,3,3,5,3,1,1,1,0,0,0,0,0,"781263,8775","5830777,911",13.14941096,52.55424483,864.0
215592,11,2,2100104.0,2021,9,21,6,3,2,6,2,0,1,0,0,0,0,0,"799211,0373","5826245,952",13.40927486,52.50406007,4749.0
215591,11,1,1401043.0,2021,9,14,4,3,5,2,0,0,1,0,1,0,0,0,"795684,3351","5830922,949",13.36162752,52.54790785,4062.0
215590,11,7,7400823.0,2021,9,16,5,2,2,6,0,0,1,0,1,0,0,0,"796831,1342","5822168,314",13.3706837,52.46880796,4139.0
215589,11,6,6400844.0,2021,9,11,7,3,5,7,0,0,1,0,1,0,0,0,"791289,575","5821860,182",13.28906878,52.46902853,2939.0
215588,11,1,1100312.0,2021,8,21,7,3,5,2,2,1,1,0,0,0,0,0,"798859,618","5826649,156",13.40447481,52.50786683,4651.0
215587,11,3,3300413.0,2021,9,15,5,3,2,6,0,0,1,0,0,0,0,0,"803369,3463","5838258,66",13.48132999,52.60942993,5880.0
215586,11,2,2300419.0,2021,9,17,5,3,4,6,0,1,0,0,0,0,0,0,"801614,4788","5826002,796",13.44435723,52.50055739,5248.0
215585,11,1,1100308.0,2021,9,8,4,3,3,2,0,1,1,0,0,0,0,1,"796956,2731","5828907,607",13.3785293,52.52915075,4257.0
215584,11,9,9401329.0,2021,9,12,4,3,5,3,0,1,1,0,0,0,0,1,"812185,3578","5818669,319",13.59272702,52.42889567,7427.0
215583,11,2,2400521.0,2021,8,6,6,2,0,1,0,1,0,0,0,0,0,1,"800743,123","5828488,466",13.43380561,52.523318,5155.0
215582,11,2,2300314.0,2021,8,17,4,3,5,3,0,0,1,0,1,0,0,0,"799902,356","5825980,976",13.41919083,52.50130544,4849.0