ObjectID,State,District,LOR_ab_2021,AccidentYear,AccidentMonth,AccidentHour,DayOfWeek,AccidentCategory,AccidentType,AccidentTypeDetail,LightingCondition,InvolvingBike,InvolvingCar,InvolvingPedestrian,InvolvingMotorcycle,InvolvingHGV,InvolvingOther,RoadCondition,GraphicCoord1,GraphicCoord2,LongitudeWGS84,LatitudeWGS84,quadrant
215211,11,10,10100311.0,2021,9,18,6,3,5,2,0,1,1,0,0,0,0,0,"806569,3767","5829131,269",13.52000596,52.52583451,6356.0
215210,11,8,8100417.0,2021,9,12,3,3,5,7,0,0,1,0,1,0,0,0,"802579,9269","5823082,983",13.45588592,52.47385267,5441.0
215209,11,11,11300618.0,2021,9,16,3,3,6,2,0,0,1,1,0,0,0,0,"802434,0196","5828906,212",13.45903231,52.526127,5456.0
215208,11,1,1200623.0,2021,9,21,7,3,6,7,2,0,1,1,0,0,0,0,"795524,2898","5829510,73",13.35801789,52.53533541,3959.0
215207,11,5,5300736.0,2021,9,14,4,3,5,2,0,0,1,0,0,0,0,0,"786753,3995","5829276,351",13.22886241,52.53791985,2059.0
215206,11,1,2400623.0,2021,9,23,5,2,5,3,2,1,1,0,0,0,0,0,"800274,8756","5827632,203",13.42615181,52.51590111,4953.0
215205,11,8,8100521.0,2021,9,11,1,3,3,6,0,0,1,0,1,0,0,0,"803790,5373","5822146,925",13.47280256,52.464791,5638.0
215204,11,10,10200629.0,2021,8,13,7,3,5,2,0,1,1,0,0,0,0,0,"810911,9057","5829241,003",13.58391293,52.52435901,7355.0
215203,11,3,3400722.0,2021,9,17,5,3,0,3,0,1,1,0,0,0,0,0,"798626,3551","5834002,885",13.40765788,52.57391013,4770.0
215202,11,3,3601347.0,2021,9,23,5,3,1,7,2,1,1,0,0,0,0,0,"799547,5541","5830763,452",13.41828686,52.54436777,4861.0
215201,11,9,9100304.0,2021,9,10,4,3,5,3,0,1,1,0,0,0,0,0,"804562,6487","5822021,658",13.48401852,52.46323846,5837.0
215200,11,1,1100309.0,2021,9,17,4,3,5,2,0,1,1,0,0,0,0,1,"797944,5066","5828783,909",13.39294318,52.52750274,4456.0
215199,11,2,2400623.0,2021,8,0,6,2,0,1,2,0,0,0,0,0,1,1,"800498,2246","5827828,209",13.42961039,52.51753496,5053.0
215198,11,2,2300419.0,2021,8,16,4,3,5,3,0,0,1,0,0,0,1,0,"801590,7696","5825952,317",13.4439633,52.50011805,5248.0
215197,11,2,2500833.0,2021,9,15,7,3,5,7,0,0,1,0,1,0,0,0,"802350,3629","5827092,125",13.45615431,52.50991382,5451.0
215196,11,6,6200314.0,2021,9,9,5,3,3,2,0,1,1,0,0,0,0,0,"794563,5597","5817695,544",13.33345463,52.42993908,3628.0
215195,11,6,6200421.0,2021,9,13,3,3,2,6,0,0,1,0,0,0,0,0,"793670,9177","5817642,995",13.32031703,52.4299479,3428.0
215194,11,9,9200819.0,2021,9,14,1,2,0,6,0,0,1,0,1,0,0,0,"809824,9538","5820019,529",13.55937293,52.44233774,6931.0
215193,11,11,11100204.0,2021,9,21,4,2,0,4,2,0,0,1,0,0,1,0,"806479,6842","5833637,508",13.52284599,52.56627042,6468.0
215192,11,9,9100202.0,2021,9,14,2,2,5,2,0,0,0,0,1,0,0,0,"803080,8949","5824008,248",13.46407995,52.48186802,5543.0
215191,11,1,1100102.0,2021,9,8,2,2,5,3,0,1,0,0,0,1,0,0,"794947,9644","5827265,85",13.34755446,52.51552395,3853.0
215190,11,3,3601141.0,2021,8,7,2,3,0,7,0,0,0,1,0,0,1,1,"798973,4371","5831536,181",13.41054166,52.55160944,4763.0
215189,11,12,12500824.0,2021,9,7,6,3,1,5,0,0,1,0,0,0,0,0,"791099,3522","5836304,983",13.29892784,52.59862609,3177.0
215188,11,1,1100313.0,2021,9,7,6,3,5,3,0,0,1,0,1,0,0,0,"800085,4503","5826454,525",13.42230685,52.50544939,4950.0
215187,11,4,4200203.0,2021,9,17,4,3,5,3,0,0,1,0,0,0,0,1,"787712,8124","5826433,164",13.24050922,52.51192355,2252.0
215186,11,8,8100417.0,2021,9,19,5,2,5,2,2,0,1,0,1,0,0,0,"802580,7821","5823082,376",13.45589792,52.47384675,5441.0
215185,11,5,5100101.0,2021,8,14,7,2,5,2,0,0,1,0,1,0,0,0,"782911,9942","5831541,948",13.17430652,52.56024172,1266.0
215184,11,4,4200311.0,2021,8,15,4,3,4,6,0,1,0,0,0,0,1,0,"790275,9597","5826014,598",13.27780769,52.50681307,2750.0
215183,11,4,4400728.0,2021,9,23,7,3,8,1,2,0,1,0,0,0,0,0,"790673,554","5823382,015",13.28135219,52.48300007,2843.0
215182,11,2,2400623.0,2021,9,16,5,3,5,3,0,1,1,0,0,0,0,0,"800595,108","5827146,449",13.43041803,52.51137076,5052.0
215181,11,6,6200317.0,2021,9,10,7,3,2,6,0,0,1,0,0,0,0,0,"796704,4385","5817645,546",13.36480683,52.42833401,4027.0
215180,11,7,7100102.0,2021,9,17,4,2,0,7,0,1,0,0,0,0,0,0,"794984,5462","5825698,064",13.34670263,52.50145008,3849.0
215179,11,9,9200819.0,2021,9,18,3,3,2,6,0,1,0,0,0,0,1,0,"810365,3919","5820352,879",13.5676082,52.44501868,7032.0
215178,11,11,11501238.0,2021,9,15,3,3,5,3,0,1,0,0,1,0,0,0,"803804,8029","5826182,181",13.47668915,52.50095021,5749.0
215177,11,2,2100102.0,2021,9,22,2,3,1,5,2,0,1,0,0,0,1,0,"797896,4011","5826211,225",13.38993278,52.50446812,4450.0
215176,11,11,11200513.0,2021,8,7,3,3,3,6,1,0,1,0,1,0,0,0,"803691,4804","5830288,456",13.47877345,52.53781664,5759.0
215175,11,1,1100101.0,2021,9,15,6,3,6,4,0,0,1,1,0,0,0,1,"794714,5156","5826060,13",13.34305652,52.50484167,3750.0
215174,11,11,11300724.0,2021,9,16,4,3,4,6,0,1,0,0,0,0,0,0,"804603,699","5827475,729",13.48960553,52.5120984,5952.0
215173,11,3,3601348.0,2021,8,14,2,3,2,6,0,0,1,0,0,0,0,1,"799706,7812","5830520,868",13.42040899,52.54210583,4961.0
215172,11,10,10200417.0,2021,8,11,6,3,5,2,0,1,1,0,0,0,0,0,"811301,7778","5831643,282",13.59189092,52.54566404,7462.0
215171,11,8,8100313.0,2021,9,12,2,3,1,5,0,1,1,0,0,0,0,0,"801740,0556","5824514,004",13.44485321,52.48714374,5244.0
215170,11,2,2100104.0,2021,9,21,7,3,0,3,2,1,1,0,0,0,0,0,"798909,288","5826303,24",13.40489389,52.50473896,4650.0
215169,11,5,5200632.0,2021,8,7,3,3,6,7,0,0,0,1,0,0,1,0,"786136,6617","5827825,726",13.21854525,52.52523809,1956.0
215168,11,2,2300418.0,2021,9,16,5,2,5,2,0,1,0,0,0,0,0,0,"801086,0597","5824978,972",13.43567086,52.49167242,5146.0
215167,11,11,11300721.0,2021,9,14,1,3,1,5,0,1,0,0,0,0,1,0,"804548,5106","5829086,629",13.49026954,52.526567,5956.0
215166,11,5,5200420.0,2021,8,6,5,3,5,3,1,0,1,0,0,0,1,0,"783480,5041","5828650,154",13.18020203,52.53401772,1358.0
215165,11,6,6100209.0,2021,9,16,4,3,5,2,0,1,1,0,0,0,0,0,"794708,16","5821562,259",13.33898646,52.46452439,3638.0
215164,11,10,10200627.0,2021,9,15,6,3,5,2,0,1,1,0,0,0,0,0,"811308,4191","5829845,209",13.59030417,52.52954725,7457.0
215163,11,10,10200627.0,2021,9,15,4,3,6,4,0,0,0,1,0,1,0,1,"811372,1091","5830051,609",13.59143332,52.53136047,7457.0
215162,11,3,3100102.0,2021,9,11,4,1,0,7,0,1,0,0,0,0,0,1,"804591,6408","5841473,57",13.50228673,52.63755925,6188.0
215161,11,7,7501029.0,2021,8,17,5,3,5,3,0,1,0,0,0,1,0,1,"797455,7999","5820330,204",13.37821452,52.45199142,4234.0
215160,11,3,3400724.0,2021,8,19,3,2,3,6,0,1,0,0,0,0,1,0,"800022,2182","5834693,528",13.42881873,52.57933285,5071.0
215159,11,1,1100104.0,2021,9,16,6,3,6,7,0,1,0,1,0,0,0,0,"796236,6251","5825547,796",13.36496074,52.49942478,4048.0
215158,11,8,8100209.0,2021,9,21,5,3,1,5,2,1,1,0,0,0,0,1,"801813,9054","5821962,258",13.44362836,52.46423119,5238.0
215157,11,4,4300619.0,2021,9,16,3,2,6,4,0,0,1,1,0,0,0,0,"792521,4518","5827374,907",13.31199389,52.5178085,3253.0
215156,11,2,2300315.0,2021,9,18,7,3,3,2,0,0,1,0,1,0,0,1,"800686,1182","5825801,147",13.43054008,52.49926228,5048.0
215155,11,12,12200307.0,2021,8,15,3,2,6,4,0,1,0,1,0,0,0,0,"793512,4176","5834012,51",13.3324225,52.57677846,3571.0
215154,11,8,8100209.0,2021,9,16,2,3,5,2,0,0,1,0,0,0,1,0,"801345,6528","5822037,203",13.43682438,52.46516139,5138.0
215153,11,8,8401244.0,2021,9,18,1,3,5,3,0,0,1,0,0,0,0,0,"805917,4915","5816208,899",13.49857952,52.41038462,6022.0
215152,11,1,1100102.0,2021,8,15,1,3,5,7,0,0,1,0,1,0,0,1,"795421,0914","5827463,946",13.35468241,52.51704365,3953.0
215151,11,10,10200418.0,2021,9,6,6,3,2,2,0,0,1,0,1,0,0,0,"811133,4644","5830925,106",13.58874428,52.53932441,7460.0
215150,11,5,5100103.0,2021,9,14,7,3,1,5,0,0,1,0,0,0,1,0,"785227,1911","5831924,802",13.20869608,52.56246649,1767.0
215149,11,12,12200309.0,2021,9,8,5,3,5,7,0,1,1,0,0,0,0,0,"792533,1974","5833079,839",13.31719052,52.56894477,3368.0
215148,11,4,4100101.0,2021,9,17,4,3,2,2,0,0,1,0,0,0,0,1,"790179,4974","5829492,004",13.27942445,52.53803964,2859.0
215147,11,11,11200411.0,2021,8,15,6,2,0,1,0,0,0,0,1,0,0,1,"805077,2606","5831529,547",13.500282,52.54816581,6062.0
215146,11,4,4501041.0,2021,8,17,4,3,1,5,0,0,1,0,0,0,1,0,"793496,551","5825728,438",13.32487129,52.50252474,3449.0
215145,11,12,12200309.0,2021,9,12,6,3,2,6,0,0,1,0,0,0,0,0,"792206,0149","5832945,691",13.31225868,52.56791791,3268.0
215144,11,7,7300619.0,2021,9,8,5,3,0,1,0,0,0,0,0,0,1,0,"794966,81","5822317,61",13.34345043,52.47115609,3740.0
215143,11,2,2200208.0,2021,9,15,6,3,5,2,0,1,1,0,0,0,0,0,"797562,1051","5825158,059",13.38408115,52.49521011,4347.0
215142,11,10,10200417.0,2021,9,13,4,3,6,4,0,0,1,1,0,0,0,0,"810941,5846","5831989,389",13.58692039,52.54897129,7363.0
215141,11,2,2500835.0,2021,9,8,2,2,2,6,0,0,1,0,0,1,0,0,"803116,359","5826155,384",13.46655378,52.50109288,5549.0
215140,11,10,10200417.0,2021,9,12,5,3,5,2,0,1,1,0,0,0,0,0,"811305,0629","5831663,736",13.59195838,52.54584546,7462.0
215139,11,8,8200831.0,2021,9,8,3,3,5,3,0,1,1,0,0,0,0,0,"799666,8082","5816422,358",13.40715125,52.41575524,4724.0
215138,11,7,7100206.0,2021,9,17,3,3,6,4,0,0,1,1,0,0,0,0,"796730,6153","5824808,591",13.37155807,52.49253016,4146.0
215137,11,8,8200623.0,2021,8,19,2,3,5,2,0,0,1,0,0,0,0,0,"801547,1339","5820647,309",13.43852578,52.45259225,5134.0
215136,11,6,6400844.0,2021,9,17,6,3,5,2,0,1,1,0,0,0,0,1,"791416,8739","5820644,813",13.28987624,52.45806482,2936.0
215135,11,7,7400928.0,2021,9,11,1,3,1,2,0,0,1,0,0,0,1,0,"800234,7647","5821380,262",13.41993039,52.45988445,4837.0
215134,11,10,10200629.0,2021,9,14,5,3,5,2,0,1,1,0,0,0,0,0,"810538,8894","5827966,974",13.57724327,52.51315442,7252.0
215133,11,9,9200715.0,2021,9,7,5,3,5,2,1,1,1,0,0,0,0,0,"809399,3081","5818451,094",13.55167911,52.42852256,6827.0
215132,11,9,9100304.0,2021,8,11,7,3,6,4,0,0,1,1,0,0,0,0,"804910,5583","5822538,694",13.48959605,52.46767845,5939.0
215131,11,11,11100205.0,2021,9,15,1,3,6,4,0,0,1,1,0,0,0,0,"806106,1188","5834209,249",13.5178794,52.5716046,6369.0
215130,11,1,1300834.0,2021,9,17,1,3,2,6,0,1,1,0,0,0,0,0,"798045,2836","5830043,26",13.39555353,52.53873608,4560.0
215129,11,11,11200512.0,2021,9,12,5,3,2,2,0,0,1,0,1,0,0,0,"803161,6642","5830395,952",13.47108379,52.53907508,5660.0
215128,11,12,12400722.0,2021,9,8,4,3,5,3,0,0,1,0,0,0,0,0,"790554,1454","5837103,034",13.29160134,52.60607208,2979.0
215127,11,1,1100312.0,2021,9,18,4,2,5,3,0,1,1,0,0,0,0,0,"799636,7683","5827052,485",13.4162543,52.51105578,4851.0
215126,11,2,2500833.0,2021,8,9,6,3,5,3,0,1,1,0,0,0,0,1,"802478,9677","5827048,911",13.45800423,52.5094552,5451.0
215125,11,1,1100310.0,2021,8,22,4,2,6,4,2,0,1,1,0,0,0,1,"799330,2016","5827566,472",13.4122128,52.51583122,4753.0
215124,11,1,1100207.0,2021,9,17,7,3,5,2,0,1,1,0,0,0,0,0,"797984,6106","5826882,693",13.39182959,52.51043883,4451.0
215123,11,12,12500926.0,2021,9,21,5,3,6,2,2,0,1,1,0,0,0,1,"793531,5483","5835457,421",13.33398379,52.58972083,3674.0
215122,11,4,4400834.0,2021,9,7,3,3,5,2,0,1,1,0,0,0,0,0,"792642,762","5823046,236",13.30997322,52.47893806,3242.0
215121,11,1,1300834.0,2021,9,9,2,3,2,6,0,0,1,0,0,0,0,0,"797698,0076","5830698,313",13.39103527,52.54479761,4461.0
215120,11,5,5300736.0,2021,9,18,4,3,5,2,0,1,1,0,0,0,0,0,"785980,4417","5829215,19",13.21744428,52.53777769,1859.0
215119,11,4,4501042.0,2021,9,11,2,3,5,2,0,1,1,0,0,0,1,0,"793987,7892","5826151,75",13.33246134,52.50605507,3550.0
215118,11,8,8100415.0,2021,9,17,2,3,2,6,0,0,1,0,1,0,0,0,"801923,7585","5823546,921",13.44667461,52.47837409,5242.0
215117,11,2,2100101.0,2021,8,9,1,3,5,3,0,0,1,0,0,0,0,0,"797621,028","5825569,312",13.38531398,52.49886439,4348.0
215116,11,6,6200311.0,2021,9,8,6,3,5,2,0,1,1,0,0,0,0,0,"796556,864","5818356,333",13.36327309,52.43478567,4029.0
215115,11,2,2500726.0,2021,9,12,7,3,1,5,0,1,1,0,0,0,0,1,"802145,4249","5828424,091",13.4543533,52.52196577,5455.0
215114,11,3,3501038.0,2021,9,21,4,3,5,2,2,0,1,0,0,0,0,1,"803654,4963","5832012,078",13.47980555,52.55328545,5764.0
215113,11,1,1200628.0,2021,9,18,5,3,5,2,0,1,1,0,0,0,0,0,"796130,4926","5828414,3",13.36595255,52.52517794,4056.0
215112,11,1,1401048.0,2021,8,17,7,3,6,4,0,0,1,1,0,0,0,0,"795200,579","5831328,483",13.35487459,52.55180547,3963.0
215111,11,1,1300733.0,2021,8,7,4,3,5,2,0,1,1,0,0,0,0,0,"797576,5529","5831889,956",13.39031744,52.55554551,4464.0
215110,11,11,11400929.0,2021,9,15,2,3,2,6,0,1,0,0,0,1,0,0,"805115,8953","5826974,32",13.49667002,52.50731828,6050.0
215109,11,3,3601348.0,2021,8,9,3,3,1,5,0,1,0,0,0,0,1,1,"799991,7978","5830712,269",13.42477195,52.54366458,4961.0
215108,11,1,1200628.0,2021,9,13,7,3,5,2,0,0,1,0,0,1,0,0,"795537,5699","5828196,938",13.35704522,52.5235512,3955.0
215107,11,1,1100308.0,2021,9,12,3,3,6,7,0,0,0,0,0,0,1,0,"797061,0762","5829308,081",13.38042755,52.53268345,4358.0
215106,11,2,2200211.0,2021,9,7,3,3,5,2,0,0,1,0,0,0,0,0,"798165,5303","5824250,814",13.39213145,52.48674846,4444.0
215105,11,4,4400728.0,2021,9,13,2,3,0,7,0,0,1,0,0,0,0,0,"789703,2463","5823409,963",13.26712787,52.48376632,2643.0
215104,11,4,4100102.0,2021,8,8,2,3,0,6,0,0,1,0,0,0,0,1,"791215,7708","5828999,846",13.29422906,52.53307472,3058.0
215103,11,7,7400927.0,2021,9,15,6,3,5,2,0,0,1,0,0,0,0,1,"798894,9731","5821215,242",13.40012209,52.45913967,4636.0
215102,11,5,5100210.0,2021,9,15,4,3,3,6,0,0,0,0,0,0,1,0,"783752,7107","5830149,154",13.18548466,52.54731631,1462.0
215101,11,7,7501032.0,2021,8,11,2,3,5,3,0,0,1,0,0,0,0,1,"799718,1212","5819657,976",13.41080345,52.44473015,4732.0
215100,11,5,5300737.0,2021,8,6,6,3,5,3,1,0,1,0,0,0,0,1,"787686,8302","5829986,431",13.24320201,52.54379408,2261.0
215099,11,12,12400617.0,2021,9,13,2,2,0,1,0,0,0,0,1,0,0,0,"785513,8019","5837388,798",13.21762133,52.61130492,1881.0
215098,11,4,4501151.0,2021,9,13,6,3,2,7,0,0,1,0,1,0,0,0,"793760,465","5823089,502",13.32642172,52.47872585,3542.0
215097,11,2,2100104.0,2021,8,13,3,3,5,3,0,0,1,0,0,0,1,0,"799282,1211","5826219,519",13.41029524,52.50378415,4749.0
215096,11,3,3200308.0,2021,9,15,5,3,5,2,0,0,1,0,1,0,0,0,"799052,2318","5837551,706",13.41712696,52.60548561,4879.0
215095,11,1,1100311.0,2021,9,9,1,3,5,2,0,1,1,0,0,0,0,0,"799739,2697","5827544,377",13.41820321,52.51540851,4853.0
215094,11,12,12200412.0,2021,8,7,6,3,3,6,1,0,1,0,0,1,0,1,"791390,3203","5833121,019",13.30041193,52.56992693,3169.0
215093,11,7,7400720.0,2021,9,15,5,3,5,2,0,0,1,0,0,0,0,0,"797200,423","5823674,011",13.3774458,52.48210424,4243.0
215092,11,2,2100104.0,2021,9,23,5,2,5,2,2,1,1,0,0,0,0,0,"799292,2673","5826221,528",13.41044608,52.5037966,4749.0
215091,11,4,4200308.0,2021,9,10,4,3,3,6,0,0,1,0,0,0,1,0,"788157,0266","5827828,444",13.2482454,52.52419836,2355.0
215090,11,2,2400625.0,2021,9,9,4,3,3,6,0,0,1,0,1,0,0,0,"801688,9173","5826134,034",13.4455694,52.50169255,5249.0
215089,11,12,12200515.0,2021,8,9,5,3,0,1,0,1,1,0,0,0,0,0,"790404,5422","5835314,248",13.28782949,52.59011582,2975.0
215088,11,1,1100308.0,2021,8,14,3,3,6,4,0,0,0,1,0,0,1,0,"797223,6504","5829069,439",13.38260385,52.53045568,4357.0
215087,11,4,4500937.0,2021,9,17,6,3,0,2,0,1,1,0,0,0,0,0,"791254,1563","5824992,608",13.29128565,52.49712963,2947.0
215086,11,7,7400824.0,2021,9,23,5,2,6,2,2,0,1,1,0,0,0,1,"797876,6516","5821888,308",13.38577953,52.46572896,4338.0
215085,11,9,9200715.0,2021,9,7,3,3,2,2,0,1,1,0,0,0,0,0,"808626,3249","5819182,653",13.54102151,52.43551539,6729.0
215084,11,11,11400927.0,2021,9,22,7,3,0,1,2,0,0,0,1,0,0,1,"803713,1941","5826367,549",13.47551279,52.50266261,5749.0
215083,11,11,11501340.0,2021,9,12,5,3,5,2,0,0,1,0,0,0,0,0,"807314,6234","5824798,225",13.52695686,52.48658186,6444.0
215082,11,10,10100102.0,2021,9,20,1,3,5,2,2,0,1,0,0,0,0,0,"809348,1137","5834283,242",13.56563334,52.57043496,7069.0
215081,11,1,1100101.0,2021,9,14,2,3,0,1,0,0,0,0,1,0,0,0,"795239,6677","5826618,713",13.3512666,52.50956504,3851.0
215080,11,4,4501041.0,2021,8,14,7,3,1,5,0,1,1,0,0,0,0,0,"793356,4666","5825423,971",13.32254522,52.49987065,3448.0
215079,11,1,1400942.0,2021,9,20,5,3,6,4,2,1,0,1,0,0,0,0,"794956,876","5831087,985",13.35107706,52.54978162,3863.0
215078,11,1,1200624.0,2021,9,21,6,3,5,7,2,0,1,0,0,0,0,0,"795595,9229","5829678,807",13.35922042,52.53680323,3959.0
215077,11,4,4501042.0,2021,9,0,4,3,5,2,2,0,1,0,0,0,1,0,"793970,053","5826148,091",13.33219754,52.50603182,3550.0
215076,11,3,3601245.0,2021,9,18,5,3,5,2,0,1,1,0,0,0,0,0,"800562,0716","5831406,247",13.43378396,52.54957056,5163.0
215075,11,9,9401534.0,2021,8,17,6,2,0,1,0,1,0,0,0,0,0,1,"810875,8149","5820660,766",13.57538052,52.4474879,7233.0
215074,11,2,2300315.0,2021,8,21,4,3,5,3,2,1,1,0,0,0,0,1,"800678,5307","5825794,086",13.43042227,52.49920317,5048.0
215073,11,10,10300731.0,2021,9,15,1,3,5,2,0,1,1,0,0,0,0,0,"809102,6148","5829464,436",13.5575374,52.52739003,6956.0
215072,11,7,7400824.0,2021,9,9,6,2,6,2,0,0,1,1,0,0,0,0,"797833,076","5821172,878",13.38450159,52.45933966,4336.0
215071,11,12,12400722.0,2021,9,11,4,2,5,3,0,0,1,0,1,0,0,0,"791134,6866","5838301,555",13.30120456,52.61650585,3182.0
215070,11,4,4200310.0,2021,9,12,2,3,5,3,0,0,1,0,1,0,0,0,"789139,4364","5826088,845",13.26117363,52.50808226,2551.0
215069,11,2,2500830.0,2021,8,4,1,2,0,1,2,1,0,0,0,0,0,1,"802602,0634","5827381,222",13.4601146,52.51236542,5452.0
215068,11,5,5100316.0,2021,9,17,3,2,0,1,1,0,0,0,0,0,1,1,"784937,8763","5828794,37",13.20175343,52.53455078,1658.0
215067,11,1,1200624.0,2021,9,6,3,3,4,6,2,1,0,0,0,0,0,0,"795555,0943","5829643,522",13.35858882,52.53650907,3959.0
215066,11,8,8100206.0,2021,8,13,2,3,5,2,0,0,1,0,1,0,0,0,"800515,2834","5823750,344",13.42618159,52.48097429,4943.0
215065,11,3,3200206.0,2021,9,9,6,3,5,2,0,1,1,0,0,0,0,0,"798346,168","5834831,038",13.40428096,52.58148695,4672.0
215064,11,9,9200510.0,2021,9,15,7,3,3,6,0,0,1,0,1,0,0,0,"806360,838","5822231,723",13.51059691,52.46411599,6238.0
215063,11,4,4501045.0,2021,9,11,5,3,5,3,0,1,1,0,0,0,0,0,"793967,5361","5824934,109",13.33108894,52.49515045,3547.0
215062,11,7,7501134.0,2021,8,6,2,2,5,3,0,0,1,0,0,0,0,1,"798957,4995","5817281,906",13.39752091,52.42384795,4526.0
215061,11,1,1100310.0,2021,10,10,6,3,5,3,0,1,0,0,0,1,0,0,"798754,073","5828193,145",13.40431057,52.52176434,4655.0
215060,11,1,1300733.0,2021,8,10,7,3,6,2,0,0,1,1,0,0,0,0,"797519,5392","5831860,299",13.38945239,52.55531083,4464.0
215059,11,5,5100101.0,2021,9,16,2,3,5,3,0,1,0,0,1,0,0,0,"782790,2538","5831583,23",13.17255063,52.56067511,1266.0
215058,11,8,8100103.0,2021,9,15,7,3,1,5,0,0,1,0,0,0,0,0,"800676,8175","5822975,465",13.4278544,52.47393985,5041.0
215057,11,4,4400835.0,2021,8,13,3,3,2,6,0,0,1,0,1,0,0,1,"793358,1983","5822279,89",13.31980343,52.47168419,3440.0
215056,11,1,1100101.0,2021,9,10,6,3,5,2,0,1,0,0,0,0,1,0,"795231,8624","5826626,236",13.35115859,52.5096367,3851.0
215055,11,2,2100104.0,2021,10,8,6,3,5,3,0,0,1,0,1,0,0,0,"799024,604","5826070,775",13.40637903,52.50259206,4649.0
215054,11,1,1401045.0,2021,9,19,3,3,0,6,2,0,1,0,1,0,0,0,"797048,6114","5831893,248",13.38255616,52.55586323,4365.0
215053,11,2,2200212.0,2021,9,7,3,3,5,2,0,1,1,0,0,0,0,0,"799079,7007","5824615,114",13.40588139,52.4895139,4645.0
215052,11,4,4501044.0,2021,9,10,4,3,6,2,0,0,0,1,0,0,1,1,"793363,2249","5824941,261",13.32221934,52.49553972,3447.0
215051,11,4,4300412.0,2021,8,14,3,3,5,7,0,1,1,0,0,0,0,0,"791404,9084","5827495,745",13.29569138,52.51948956,3054.0
215050,11,2,2500835.0,2021,9,15,6,3,5,7,0,1,1,0,0,0,0,0,"803100,9842","5825692,732",13.46590694,52.49695473,5547.0
215049,11,2,2300316.0,2021,9,19,3,3,2,7,2,0,1,0,1,0,0,0,"801450,5616","5826070,025",13.44201062,52.50125055,5249.0
215048,11,5,5300736.0,2021,9,10,7,3,2,2,0,0,1,0,0,0,0,1,"786281,7714","5829136,483",13.22180717,52.53691381,1959.0
215047,11,11,11401032.0,2021,9,15,4,2,6,2,0,0,0,1,0,0,1,0,"806600,5042","5827768,672",13.51920751,52.51360517,6352.0
215046,11,6,6200313.0,2021,9,19,5,3,0,6,0,0,1,0,0,0,1,0,"795321,8533","5818499,647",13.34528571,52.43673861,3730.0
215045,11,4,4200207.0,2021,9,10,7,3,1,7,0,0,1,0,0,0,0,0,"789572,3728","5824958,074",13.26655139,52.49771499,2648.0
215044,11,5,5200423.0,2021,8,12,7,3,0,7,0,0,0,0,1,0,0,1,"781973,2412","5828453,685",13.15787303,52.53303802,1058.0
215043,11,4,4300623.0,2021,9,18,5,3,5,2,0,1,1,0,0,0,0,0,"792636,7331","5826112,626",13.31257802,52.50643069,3350.0
215042,11,5,5100211.0,2021,9,13,6,3,5,3,0,0,1,0,0,0,0,0,"783157,398","5830296,67",13.1768547,52.54894874,1263.0
215041,11,2,2400625.0,2021,9,15,4,3,5,3,0,1,1,0,0,0,0,1,"801176,7761","5827298,212",13.43910054,52.51241021,5152.0
215040,11,10,10100311.0,2021,8,9,3,3,5,2,0,0,1,0,0,0,1,0,"806311,6408","5830190,924",13.51719512,52.53547621,6359.0
215039,11,2,2400625.0,2021,9,23,6,2,2,6,2,0,1,0,0,0,0,0,"801424,348","5826406,163",13.44192989,52.50427789,5249.0
215038,11,4,4501042.0,2021,10,0,6,3,5,2,2,0,1,0,0,1,0,0,"794480,0593","5825855,663",13.33943139,52.50313535,3749.0
215037,11,7,7300516.0,2021,9,18,3,3,6,7,0,0,0,1,1,0,0,0,"794005,6472","5821605,68",13.32871372,52.4652921,3538.0
215036,11,9,9200510.0,2021,9,9,4,3,5,3,0,1,1,0,0,0,0,0,"806129,6525","5822119,665",13.50710179,52.46324125,6137.0
215035,11,9,9200715.0,2021,9,10,4,3,2,6,0,0,1,0,0,0,0,0,"809078,4387","5818203,839",13.54674635,52.42648802,6727.0
215034,11,1,1100310.0,2021,8,15,2,3,6,2,0,0,1,1,0,0,0,0,"799236,5282","5828467,839",13.41164731,52.52396202,4755.0
215033,11,1,1300835.0,2021,9,8,6,3,5,3,0,0,1,0,0,0,0,0,"797403,7388","5830013,41",13.38609552,52.53881901,4360.0
215032,11,10,10400836.0,2021,8,11,2,3,5,3,0,0,1,0,0,0,0,1,"811406,1105","5827578,791",13.58961814,52.50918141,7451.0
215031,11,10,10400941.0,2021,8,16,5,3,5,2,0,1,1,0,0,0,0,0,"812575,5261","5824278,059",13.60369644,52.47893431,7642.0
215030,11,2,2500835.0,2021,9,20,2,3,0,3,2,1,0,0,1,0,0,0,"802608,5125","5826135,187",13.45907673,52.50119371,5449.0
215029,11,9,9200716.0,2021,9,17,6,3,5,3,0,0,1,0,0,0,0,1,"809455,5843","5819067,056",13.55307418,52.43401092,6829.0
215028,11,10,10300734.0,2021,8,14,3,3,2,7,0,1,1,0,0,0,0,0,"809722,4895","5826858,319",13.56421985,52.50368322,7049.0
215027,11,4,4500939.0,2021,9,18,7,2,5,2,0,0,1,0,1,0,0,0,"792438,0992","5824112,558",13.30790372,52.48860706,3245.0