ObjectID,State,District,LOR_ab_2021,AccidentYear,AccidentMonth,AccidentHour,DayOfWeek,AccidentCategory,AccidentType,AccidentTypeDetail,LightingCondition,InvolvingBike,InvolvingCar,InvolvingPedestrian,InvolvingMotorcycle,InvolvingHGV,InvolvingOther,RoadCondition,GraphicCoord1,GraphicCoord2,LongitudeWGS84,LatitudeWGS84,quadrant
214841,11,5,5100313.0,2021,7,15,3,3,2,6,0,0,1,0,0,0,0,0,"785395,6018","5830543,584",13.20998616,52.54999449,1763.0
214840,11,8,8200624.0,2021,8,17,3,3,4,6,0,0,1,0,0,0,0,0,"800751,7749","5821324,497",13.4274667,52.45910033,5036.0
214839,11,3,3400725.0,2021,8,8,7,3,0,7,0,0,1,0,0,0,0,0,"798561,0221","5834880,988",13.4074875,52.58181683,4772.0
214838,11,4,4400833.0,2021,7,18,6,3,0,5,0,0,0,0,1,0,0,0,"792591,1368","5821941,098",13.30824577,52.46905839,3239.0
214837,11,11,11401034.0,2021,7,15,5,3,4,6,0,0,1,0,0,0,1,0,"806783,1686","5826963,391",13.52114863,52.5062854,6450.0
214836,11,7,7400823.0,2021,8,11,6,3,5,2,0,0,1,0,0,1,0,0,"796922,4814","5822282,776",13.37212635,52.46978436,4139.0
214835,11,3,3501037.0,2021,8,12,2,3,0,7,0,0,1,0,0,0,1,0,"802624,0844","5832968,603",13.4655263,52.56243207,5566.0
214834,11,3,3601243.0,2021,8,20,6,2,9,1,1,0,1,1,0,0,0,1,"799882,5164","5831727,081",13.42408169,52.55282082,4964.0
214833,11,11,11401032.0,2021,8,11,3,2,6,7,0,1,0,1,0,0,0,0,"806600,4583","5827769,559",13.51920765,52.51361314,6352.0
214832,11,12,12500930.0,2021,8,9,2,2,2,6,0,0,1,0,1,0,0,0,"793302,4772","5835187,92",13.33037348,52.58742848,3574.0
214831,11,9,9301025.0,2021,7,8,5,3,5,2,0,0,0,0,1,0,1,0,"809104,026","5815179,113",13.54432859,52.39936591,6719.0
214830,11,4,4100101.0,2021,7,22,5,3,5,2,2,0,1,0,0,0,0,0,"793340,975","5829718,481",13.32610463,52.53837732,3559.0
214829,11,4,4400832.0,2021,8,11,3,3,1,5,0,1,1,0,0,0,0,0,"791351,4385","5822468,686",13.29050839,52.47445079,2941.0
214828,11,1,1300836.0,2021,7,14,3,3,5,2,0,1,1,0,0,0,0,0,"796634,7004","5831062,69",13.37572677,52.54864381,4262.0
214827,11,2,2500835.0,2021,7,12,7,3,2,6,0,0,1,0,0,0,0,0,"802963,4107","5826072,872",13.46423239,52.50043826,5548.0
214826,11,5,5100104.0,2021,8,14,6,3,2,6,0,0,1,0,0,0,0,0,"785217,2239","5831693,916",13.20835098,52.56040163,1766.0
214825,11,2,2200208.0,2021,8,15,2,3,1,5,0,1,1,0,0,0,0,0,"797606,4449","5825468,817",13.38500999,52.49797153,4348.0
214824,11,7,7400720.0,2021,7,8,3,3,5,3,0,0,1,0,0,0,0,0,"797027,4848","5823564,218",13.37480886,52.48121415,4243.0
214823,11,3,3100103.0,2021,8,10,6,3,5,3,0,0,1,0,1,0,0,0,"804032,8217","5841261,513",13.49385913,52.63597189,5988.0
214822,11,9,9200613.0,2021,7,18,3,3,5,2,0,1,1,0,0,0,0,0,"807019,3687","5821152,938",13.51926775,52.45407803,6335.0
214821,11,8,8200832.0,2021,8,16,4,2,2,2,0,1,1,0,0,0,0,0,"800304,2035","5816752,992",13.4167918,52.41836959,4824.0
214820,11,10,10100311.0,2021,7,22,5,3,5,3,2,1,1,0,0,0,0,0,"806466,7141","5830187,254",13.51947088,52.53535614,6359.0
214819,11,6,6300631.0,2021,7,19,6,3,2,7,0,0,1,0,1,0,0,0,"792557,2729","5816965,021",13.30339096,52.4244666,3126.0
214818,11,12,12400619.0,2021,8,11,4,3,5,3,0,0,1,0,0,0,0,0,"786947,237","5836345,141",13.23782833,52.60119319,2178.0
214817,11,1,1100206.0,2021,8,9,4,3,5,3,0,1,1,0,0,0,0,0,"797146,9243","5827764,823",13.38031039,52.5188031,4354.0
214816,11,8,8100102.0,2021,7,15,4,3,5,2,0,1,1,0,0,0,0,0,"800485,6611","5823552,391",13.42556831,52.47921627,4942.0
214815,11,11,11200410.0,2021,8,14,4,2,5,3,0,0,1,0,1,0,0,0,"805109,243","5832643,36",13.50177577,52.55813029,6165.0
214814,11,9,9501941.0,2021,8,13,4,3,2,3,0,1,1,0,0,0,0,0,"812053,7818","5821340,552",13.59329217,52.45290871,7434.0
214813,11,12,12100101.0,2021,8,13,2,3,6,2,0,0,0,1,0,0,1,0,"796379,9224","5832783,61",13.37351699,52.56420867,4267.0
214812,11,9,9502043.0,2021,8,13,7,3,2,6,0,0,1,0,1,0,1,0,"809221,8288","5822867,88",13.5531654,52.46820568,6839.0
214811,11,11,11300725.0,2021,7,17,3,3,5,3,0,1,1,0,0,0,0,0,"805770,5876","5827900,358",13.50713695,52.51525125,6153.0
214810,11,1,1401045.0,2021,8,8,3,3,2,6,0,0,1,0,0,0,0,0,"796496,3713","5831965,246",13.37449874,52.55680954,4265.0
214809,11,1,1300733.0,2021,8,22,1,3,6,2,2,0,1,1,0,0,0,1,"796984,4965","5831506,948",13.38126765,52.55243548,4364.0
214808,11,3,3601244.0,2021,7,17,7,3,5,3,0,0,1,0,1,0,0,0,"800119,6248","5831394,776",13.42726797,52.54971168,5063.0
214807,11,4,4300622.0,2021,7,20,7,2,3,6,0,0,1,0,1,0,0,0,"793162,061","5826887,028",13.32097795,52.51309087,3452.0
214806,11,8,8100415.0,2021,8,13,5,3,2,6,0,0,1,0,1,0,0,0,"801863,7619","5823608,012",13.44584919,52.47895483,5242.0
214805,11,4,4500937.0,2021,7,14,6,3,5,2,0,1,1,0,0,0,0,0,"791455,5803","5825075,093",13.29431652,52.49776158,3048.0
214804,11,11,11200410.0,2021,7,5,6,3,5,3,0,1,1,0,0,0,0,0,"805138,8363","5832559,169",13.50213355,52.55735916,6165.0
214803,11,8,8100313.0,2021,8,18,5,3,6,7,0,0,0,1,0,0,1,0,"801799,3524","5824371,778",13.44559506,52.48583617,5244.0
214802,11,4,4300518.0,2021,8,18,4,2,5,7,0,0,1,0,1,0,0,0,"792056,6002","5828689,146",13.30631683,52.52983948,3257.0
214801,11,8,8100310.0,2021,8,12,3,3,5,2,0,1,0,0,0,0,1,0,"800982,3482","5824769,19",13.43395844,52.48984928,5145.0
214800,11,1,1100313.0,2021,8,14,1,3,0,1,0,0,0,0,1,0,0,0,"799974,5795","5826920,745",13.42109837,52.50968928,4951.0
214799,11,7,7400824.0,2021,7,14,4,2,0,2,0,0,1,0,0,0,1,0,"797633,2155","5821349,71",13.38172639,52.46103366,4337.0
214798,11,5,5100104.0,2021,8,18,1,2,5,3,0,0,1,0,0,0,0,0,"785812,3965","5831736,012",13.21714311,52.56046696,1866.0
214797,11,5,5300736.0,2021,7,9,3,2,2,6,0,0,1,0,0,0,1,0,"785994,1468","5829208,049",13.21763965,52.53770648,1859.0
214796,11,5,5100103.0,2021,7,13,1,3,2,5,0,0,1,0,0,0,0,0,"785631,7344","5832198,092",13.21488309,52.56470466,1867.0
214795,11,1,1100103.0,2021,8,21,3,2,5,3,1,1,1,0,0,0,0,0,"795408,2282","5825817,631",13.35303224,52.50229271,3949.0
214794,11,1,1100416.0,2021,8,22,7,3,5,2,2,1,1,0,0,0,0,1,"798586,4258","5829511,122",13.40303057,52.53366999,4658.0
214793,11,4,4300622.0,2021,7,21,5,3,7,7,1,0,0,0,1,0,0,0,"793802,3693","5826075,027",13.3296696,52.50546717,3550.0
214792,11,8,8100102.0,2021,7,21,6,3,5,2,2,1,1,0,0,0,0,0,"800392,0847","5823330,056",13.4239943,52.47727486,4942.0
214791,11,9,9200715.0,2021,8,13,4,3,0,2,0,1,1,0,0,0,0,0,"809337,736","5818509,287",13.55083023,52.42907889,6828.0
214790,11,12,12100103.0,2021,7,5,4,3,5,3,1,1,1,0,0,0,0,0,"795574,0225","5833235,859",13.36206523,52.56870076,4068.0
214789,11,4,4300415.0,2021,7,18,6,3,5,3,0,1,1,0,0,0,0,0,"791187,2685","5826044,288",13.29122279,52.5065936,2950.0
214788,11,4,4200311.0,2021,8,18,5,3,5,2,0,0,1,0,0,0,1,0,"790164,1868","5825420,246",13.27564749,52.50154409,2749.0
214787,11,2,2200209.0,2021,8,15,5,3,5,2,0,0,1,0,0,0,1,0,"797518,931","5824029,373",13.38243935,52.48511623,4344.0
214786,11,12,12200309.0,2021,8,9,3,3,2,6,0,0,1,0,0,0,0,0,"793296,5749","5832608,966",13.32800519,52.56431289,3567.0
214785,11,9,9501940.0,2021,8,12,1,2,3,6,0,1,1,0,0,0,0,0,"811993,4113","5821531,453",13.59258499,52.4546539,7435.0
214784,11,2,2100101.0,2021,7,10,4,3,5,3,0,1,0,0,1,0,0,0,"797353,0618","5825743,723",13.38153388,52.50057387,4348.0
214783,11,11,11501341.0,2021,8,15,2,2,5,2,0,1,1,0,0,0,0,0,"807180,0434","5823769,567",13.52403337,52.47743857,6442.0
214782,11,8,8100206.0,2021,7,0,6,2,1,6,2,1,1,1,0,0,0,0,"800373,783","5824153,99",13.42446792,52.48467019,4944.0
214781,11,11,11400928.0,2021,7,17,6,3,0,2,0,1,1,0,0,0,0,0,"804460,8961","5826383,059",13.48650844,52.50238496,5849.0
214780,11,2,2300314.0,2021,7,19,2,3,1,5,0,1,1,0,0,0,0,0,"799931,1208","5825970,203",13.41960362,52.50119306,4849.0
214779,11,9,9100203.0,2021,8,6,6,3,5,2,1,1,1,0,0,0,0,0,"803786,4292","5823284,969",13.47377849,52.47499338,5741.0
214778,11,8,8401244.0,2021,8,11,2,3,5,3,0,0,1,0,0,0,0,0,"806244,1903","5816361,202",13.50350691,52.411567,6122.0
214777,11,4,4100101.0,2021,7,17,3,3,1,5,0,0,1,0,0,1,0,0,"791581,2906","5830689,292",13.30108519,52.54802485,3162.0
214776,11,1,1100309.0,2021,8,19,6,3,0,3,0,1,1,0,0,0,0,0,"798651,3968","5828813,734",13.40335907,52.5273833,4656.0
214775,11,4,4300622.0,2021,7,4,2,3,1,5,0,0,1,0,1,0,0,0,"793438,8942","5827293,208",13.32540383,52.51658322,3453.0
214774,11,4,4501045.0,2021,8,16,4,3,2,6,0,0,1,0,0,0,0,0,"794178,4094","5825442,434",13.33463508,52.49959369,3648.0
214773,11,3,3300412.0,2021,7,16,4,3,0,3,0,1,1,0,0,0,0,0,"802758,3297","5839056,652",13.47306435,52.61692268,5682.0
214772,11,1,1100102.0,2021,7,17,6,3,0,1,0,0,0,0,0,0,1,0,"796702,4336","5827823,952",13.37383156,52.51957514,4254.0
214771,11,3,3601450.0,2021,8,10,3,3,3,6,0,0,1,0,1,0,0,0,"801744,4265","5830054,654",13.44994087,52.53680261,5359.0
214770,11,1,1401045.0,2021,7,23,3,3,6,7,2,0,1,1,0,0,0,0,"796846,5576",5831561,13.3792875,52.55299519,4264.0
214769,11,4,4300621.0,2021,7,19,7,3,5,3,0,1,1,0,0,0,0,0,"792382,7152","5826902,768",13.30954019,52.5136503,3252.0
214768,11,1,1100310.0,2021,8,21,6,3,0,1,2,1,0,0,0,0,0,0,"799202,5751","5828255,35",13.41095719,52.52207601,4755.0
214767,11,5,5200632.0,2021,8,7,2,3,4,6,1,0,1,0,1,0,0,0,"786162,1362","5827762,9",13.21886565,52.52466143,1955.0
214766,11,4,4501042.0,2021,8,8,6,3,0,6,0,0,0,0,1,0,1,0,"793986,9281","5826152,329",13.3324492,52.50606072,3550.0
214765,11,1,1100308.0,2021,7,17,2,3,1,5,0,1,1,0,0,0,0,0,"797534,5084","5828334,467",13.38651523,52.52369796,4455.0
214764,11,11,11300620.0,2021,7,16,5,3,5,2,0,1,1,0,0,0,0,1,"803556,2679","5829757,193",13.47630075,52.53313042,5758.0
214763,11,11,2500729.0,2021,7,12,7,3,2,6,0,0,1,0,0,0,0,0,"803768,8878","5827709,515",13.47755539,52.51465929,5753.0
214762,11,1,1400942.0,2021,8,21,4,2,1,5,2,1,1,0,0,0,0,0,"794693,229","5830792,712",13.346938,52.54727743,3862.0
214761,11,1,1100309.0,2021,8,17,3,3,6,4,0,0,0,1,0,0,1,0,"798694,6447","5828339,634",13.40356883,52.52310998,4655.0
214760,11,8,8100313.0,2021,7,20,4,3,1,5,0,1,1,0,0,0,0,0,"801834,6903","5824422,394",13.44615973,52.48627032,5244.0
214759,11,6,6300633.0,2021,8,16,5,3,0,1,0,0,1,0,1,0,0,0,"792723,6184","5818228,134",13.30693602,52.43570131,3229.0
214758,11,2,2400625.0,2021,8,12,4,3,3,6,0,1,0,0,0,0,0,0,"801530,7417","5827226,335",13.44423554,52.51157041,5252.0
214757,11,11,11100204.0,2021,8,7,2,3,3,6,0,1,1,0,0,0,0,0,"806883,7981","5832600,773",13.52783069,52.55675155,6565.0
214756,11,12,12100102.0,2021,8,10,7,3,2,7,0,0,1,0,1,0,0,0,"796492,3744","5833299,165",13.3756319,52.5687688,4268.0
214755,11,1,1200520.0,2021,7,13,3,2,5,3,0,0,1,0,1,0,0,0,"794347,7034","5828631,398",13.33994265,52.52808951,3756.0
214754,11,8,8401243.0,2021,8,8,3,3,1,5,0,0,1,0,0,0,0,0,"806453,5906","5818000,038",13.50807671,52.42613787,6227.0
214753,11,9,9200819.0,2021,8,20,1,3,5,3,0,0,1,0,0,0,0,0,"810304,46","5819728,742",13.56613503,52.43945993,7031.0
214752,11,9,9401329.0,2021,7,10,6,3,5,3,0,0,1,0,0,0,1,0,"816420,1844","5817596,669",13.65379177,52.41685151,8324.0
214751,11,6,6300527.0,2021,7,20,7,3,1,5,0,0,1,0,1,0,0,0,"790861,0291","5818171,543",13.27956518,52.43618764,2830.0
214750,11,4,4400728.0,2021,8,13,5,3,5,3,0,0,1,0,0,0,0,0,"790030,6216","5823219,601",13.27176971,52.48188588,2643.0
214749,11,8,8200622.0,2021,7,17,5,3,5,7,0,0,1,0,1,0,0,0,"801285,2321","5821453,533",13.43541082,52.4599631,5137.0
214748,11,6,6300528.0,2021,8,11,6,3,2,2,0,0,1,0,0,0,0,0,"790157,9492","5815456,087",13.26689623,52.41221606,2623.0
214747,11,9,9200510.0,2021,7,15,3,3,5,2,0,1,1,0,0,0,0,0,"806229,3141","5822177,306",13.50861704,52.463702,6238.0
214746,11,5,5200630.0,2021,8,13,5,3,5,2,0,1,1,0,0,0,0,0,"783351,623","5827673,65",13.17747471,52.52532918,1256.0
214745,11,6,6200313.0,2021,8,13,3,3,5,2,0,0,1,0,1,0,0,1,"795190,949","5818762,052",13.34359737,52.43916158,3730.0
214744,11,2,2500833.0,2021,8,19,2,2,0,1,0,1,0,0,0,0,0,1,"802385,0489","5827081,402",13.4566541,52.50979849,5451.0
214743,11,7,7100206.0,2021,7,1,5,3,0,1,2,0,0,0,0,0,1,0,"796494,3385","5824318,799",13.36765233,52.48826801,4145.0
214742,11,12,12400617.0,2021,8,14,1,3,5,2,0,0,1,0,1,0,0,0,"785040,5175","5836438,763",13.20983219,52.60303556,1778.0
214741,11,3,3501037.0,2021,7,9,3,3,5,2,0,0,1,0,0,0,1,0,"802826,021","5832948,798",13.46847816,52.56214228,5666.0
214740,11,1,1200628.0,2021,7,15,2,3,0,1,0,1,0,0,0,0,0,0,"796322,2394","5828075,798",13.368469,52.52203943,4155.0
214739,11,1,1100308.0,2021,7,11,2,3,2,6,0,1,1,0,0,0,0,0,"797574,1935","5828584,204",13.38732191,52.52591489,4456.0
214738,11,9,9200614.0,2021,8,17,6,3,7,7,0,1,0,0,0,0,0,0,"807396,8215","5820682,829",13.52437232,52.44965267,6434.0
214737,11,12,12200411.0,2021,8,17,1,2,0,7,0,1,0,0,0,0,0,1,"793044,6888","5832193,79",13.32393309,52.56072668,3466.0
214736,11,9,9300920.0,2021,8,15,5,3,5,2,0,0,1,0,0,0,0,0,"807685,7156","5817728,977",13.52589128,52.42301711,6426.0
214735,11,4,4300622.0,2021,8,14,3,3,3,6,0,0,1,0,0,0,0,0,"793331,8257","5826657,961",13.32327051,52.51094611,3451.0
214734,11,10,10200420.0,2021,7,12,4,2,8,1,0,0,1,0,0,0,1,0,"811398,8818","5830686,479",13.59242151,52.53703441,7459.0
214733,11,10,10400940.0,2021,7,11,5,2,5,3,0,0,1,0,1,0,0,0,"811995,8325","5826854,346",13.59760045,52.50235257,7549.0
214732,11,8,8100314.0,2021,8,23,3,3,5,3,2,0,1,0,0,0,0,0,"801081,7988","5823993,529",13.43471808,52.48284198,5143.0
214731,11,2,2400625.0,2021,8,16,2,3,0,1,0,0,0,0,1,0,0,0,"801266,0743","5827425,264",13.44052745,52.51349968,5252.0
214730,11,1,1100313.0,2021,7,22,4,2,5,2,2,1,1,0,0,0,0,0,"799884,1766","5826481,38",13.41937449,52.50580077,4850.0
214729,11,8,8401244.0,2021,7,12,6,1,5,2,0,0,0,0,1,0,1,0,"806240,7892","5816372,873",13.50346773,52.4116735,6122.0
214728,11,5,5100104.0,2021,7,16,2,3,2,6,0,0,1,0,1,0,0,0,"785196,4927","5831543,843",13.20791701,52.55906695,1766.0
214727,11,12,12200412.0,2021,8,23,2,3,1,1,2,0,1,0,0,0,0,0,"791076,9592","5833586,377",13.29620988,52.57426643,3070.0
214726,11,1,1300834.0,2021,8,18,7,3,5,3,0,0,1,0,0,0,0,0,"797835,9966","5830459,337",13.39284984,52.5425801,4461.0
214725,11,7,7200409.0,2021,8,15,3,2,6,4,0,0,1,1,0,0,0,0,"795160,984","5823907,931",13.34770842,52.48530739,3844.0
214724,11,8,8200726.0,2021,8,22,6,2,5,3,2,1,0,0,0,0,1,1,"801403,0868","5820237,134",13.43604229,52.44899516,5133.0
214723,11,12,12601032.0,2021,7,11,2,2,2,6,0,0,1,0,1,0,0,0,"792976,2593","5837569,068",13.32767899,52.60894984,3580.0
214722,11,2,2200210.0,2021,8,9,6,3,5,3,0,1,1,0,0,0,0,0,"798538,0411","5825351,279",13.39858715,52.49640915,4547.0
214721,11,5,5300736.0,2021,8,7,2,3,2,6,0,0,1,0,0,0,0,0,"785457,2455","5829266,716",13.20979546,52.53851399,1760.0
214720,11,8,8401246.0,2021,8,9,6,3,5,3,0,0,1,0,1,0,0,0,"807340,167","5816536,62",13.51973062,52.412525,6323.0
214719,11,4,4300622.0,2021,7,15,2,3,2,6,0,0,1,0,0,0,0,0,"793834,6215","5826258,087",13.33030499,52.50709083,3550.0
214718,11,3,3701554.0,2021,8,19,4,3,5,3,0,0,1,0,0,0,1,0,"798829,8516","5830177,351",13.40720773,52.53950835,4760.0
214717,11,8,8401244.0,2021,7,12,4,3,3,2,0,0,1,0,0,0,1,0,"805757,3043","5816789,902",13.49676248,52.41568142,6024.0
214716,11,8,8100102.0,2021,7,17,5,3,2,1,0,0,1,0,0,0,1,0,"799917,6958","5823635,933",13.41730546,52.4802773,4842.0
214715,11,9,9401432.0,2021,8,11,2,3,0,3,0,1,1,0,0,0,0,0,"812357,3913","5820086,344",13.59657295,52.44149595,7531.0
214714,11,9,9200715.0,2021,7,15,2,3,5,2,0,0,1,0,0,0,0,0,"808643,2432","5819165,427",13.54125369,52.43535147,6729.0
214713,11,1,1100309.0,2021,8,14,6,3,5,3,0,1,1,0,0,0,0,0,"798252,4922","5829020,169",13.39768158,52.52945209,4557.0
214712,11,12,12400722.0,2021,8,19,3,3,5,2,0,0,1,0,0,0,0,0,"790411,071","5839296,422",13.29142034,52.62581181,2985.0
214711,11,1,1400937.0,2021,8,18,6,3,3,6,0,1,0,0,0,0,0,0,"792149,0993","5831134,843",13.30982716,52.55171485,3263.0
214710,11,6,6400844.0,2021,7,13,5,3,2,6,0,0,1,0,0,0,0,0,"792378,5798","5821172,98",13.30445258,52.46228612,3137.0
214709,11,12,12100101.0,2021,7,17,6,3,5,3,0,1,1,0,0,0,0,0,"796683,4053","5833002,302",13.37817668,52.56600369,4268.0
214708,11,2,2500833.0,2021,8,9,4,2,5,2,0,1,1,0,0,0,0,0,"802469,1577","5827053,415",13.45786422,52.50950102,5451.0
214707,11,2,2100102.0,2021,7,15,4,3,5,2,0,0,1,0,0,0,1,0,"798346,9791","5825558,204",13.39596643,52.49836844,4548.0
214706,11,3,3300516.0,2021,7,15,7,3,6,4,0,1,0,1,0,0,0,0,"800475,1117","5832369,901",13.43337752,52.55825595,5065.0
214705,11,7,7300516.0,2021,8,14,5,3,6,7,0,0,0,1,0,0,1,0,"793976,1161","5821701,911",13.32836504,52.46617066,3538.0
214704,11,12,12200515.0,2021,8,17,3,3,1,5,0,1,1,0,0,0,0,0,"789676,2529","5835211,762",13.27701929,52.58958538,2774.0
214703,11,6,6100208.0,2021,8,11,2,3,1,5,0,0,1,0,1,0,0,0,"794393,5577","5820220,85",13.33318607,52.45266889,3634.0
214702,11,2,2200213.0,2021,8,16,7,3,5,2,0,1,1,0,0,0,0,0,"799514,9924","5824907,613",13.41253614,52.49189708,4746.0
214701,11,6,6100209.0,2021,7,19,3,2,0,1,0,1,0,0,0,0,0,0,"794735,172","5821357,251",13.33920187,52.46267204,3637.0
214700,11,2,2200210.0,2021,8,16,3,3,0,1,0,0,0,0,0,0,1,0,"798102,9311","5824829,094",13.39172957,52.49196622,4446.0
214699,11,6,6400844.0,2021,8,21,7,3,5,2,2,1,1,0,0,0,0,1,"791444,979","5820645,556",13.29028936,52.45805649,2936.0
214698,11,2,2500830.0,2021,7,15,7,3,5,2,0,1,1,0,0,0,0,0,"802145,725","5827550,494",13.45356431,52.51413556,5352.0
214697,11,8,8301036.0,2021,7,19,7,2,2,4,1,0,1,1,0,0,0,0,"803860,0374","5817893,873",13.46995447,52.42663276,5627.0
214696,11,2,2400522.0,2021,8,9,5,3,5,2,0,1,1,0,0,0,0,0,"801632,1305","5827909,542",13.44634432,52.51763801,5253.0
214695,11,2,2100106.0,2021,7,15,5,3,0,7,0,1,0,0,0,0,0,0,"798922,7265","5825587,141",13.4044485,52.49831277,4648.0
214694,11,5,5400942.0,2021,8,12,6,3,5,3,0,1,1,0,0,0,0,0,"782489,483","5820626,738",13.15882492,52.46259064,1037.0
214693,11,10,10200629.0,2021,8,18,4,3,3,6,0,1,0,0,1,0,0,0,"810808,5758","5828827,65",13.58200854,52.5207137,7354.0
214692,11,8,8100206.0,2021,8,18,4,3,5,2,0,1,1,0,0,0,0,0,"800436,4689","5823707,391",13.42498582,52.48063265,4943.0
214691,11,6,6100210.0,2021,7,17,7,3,5,2,0,1,0,0,0,0,1,0,"795063,4096","5821308,554",13.34397618,52.46205835,3737.0
214690,11,3,3500933.0,2021,8,16,2,3,2,1,0,1,1,0,0,0,0,0,"801620,1672","5831816,38",13.44971409,52.55266176,5364.0
214689,11,6,6100209.0,2021,7,18,5,2,3,6,0,1,0,0,0,0,0,0,"794256,4767","5821459,696",13.33226656,52.46384839,3538.0
214688,11,3,3400618.0,2021,8,0,1,3,8,1,2,0,1,0,0,0,0,0,"796324,2622","5836460,774",13.37598564,52.59720054,4277.0
214687,11,12,12200310.0,2021,7,13,7,3,5,2,0,0,1,0,1,0,0,0,"792318,0421","5833773,429",13.31463645,52.5752781,3370.0
214686,11,5,5100206.0,2021,7,12,1,3,5,3,0,1,1,0,0,0,0,0,"781900,4016","5831955,904",13.15977524,52.56447809,1067.0
214685,11,1,1100205.0,2021,8,20,6,3,6,4,1,0,0,1,0,0,1,0,"797465,3648","5826813,251",13.38413901,52.51009976,4351.0
214684,11,11,11400929.0,2021,8,16,2,3,6,4,0,1,0,1,0,0,0,0,"805121,0662","5826992,037",13.49676221,52.50747419,6050.0
214683,11,2,2200209.0,2021,8,14,6,3,5,2,0,1,1,0,0,0,0,0,"797016,7033","5823990,284",13.37503017,52.48503927,4244.0
214682,11,12,12601236.0,2021,7,12,2,2,5,3,0,1,1,0,0,0,0,0,"794169,2838","5836201,028",13.34403097,52.59604216,3776.0
214681,11,4,4300517.0,2021,8,8,5,3,5,3,0,0,1,0,0,0,0,0,"791910,5598","5828199,156",13.3037399,52.52552505,3156.0
214680,11,1,1100205.0,2021,7,11,4,3,5,2,0,1,1,0,0,0,0,0,"796957,709","5826730,693",13.3766071,52.50963631,4251.0
214679,11,4,4300619.0,2021,7,15,5,3,1,5,0,1,1,0,0,0,0,0,"792862,8166","5827403,97",13.31703594,52.51788582,3353.0
214678,11,1,1100309.0,2021,8,13,4,3,3,6,0,1,1,0,0,0,0,0,"797808,7788","5828429,484",13.39063096,52.52439993,4455.0
214677,11,3,3100103.0,2021,8,23,2,2,5,2,2,0,1,0,1,0,0,0,"804450,9924","5840748,543",13.4995467,52.63114025,6087.0
214676,11,5,5300736.0,2021,7,14,3,3,3,6,0,0,1,0,0,0,0,0,"785741,6011","5829269,586",13.21397916,52.53839069,1859.0
214675,11,12,12400618.0,2021,7,9,3,3,0,2,0,0,0,0,0,0,1,0,"786593,9024","5838640,156",13.23461364,52.62195544,2184.0
214674,11,7,7400823.0,2021,8,6,2,3,5,2,0,0,1,0,1,0,0,0,"797273,5778","5822176,321",13.37718495,52.46863916,4239.0
214673,11,4,4501040.0,2021,8,14,7,3,5,2,0,0,1,0,1,0,0,0,"792314,8787","5825780,293",13.30755765,52.50362394,3249.0
214672,11,4,4300619.0,2021,7,18,2,2,5,3,0,0,1,0,0,0,0,0,"792430,3504","5827178,002",13.31048204,52.51609216,3253.0
214671,11,5,5100209.0,2021,8,13,2,2,5,3,0,0,1,0,0,0,1,0,"782817,0023","5830409,292",13.17194393,52.55013538,1263.0
214670,11,12,12500928.0,2021,8,10,7,3,2,6,0,0,1,0,0,0,0,0,"792060,2383","5837093,241",13.3137699,52.60517723,3379.0
214669,11,12,12200310.0,2021,7,11,5,3,0,2,0,1,1,0,0,0,0,0,"792192,4199","5832949,413",13.31206194,52.56795857,3268.0
214668,11,4,4501042.0,2021,7,13,6,2,2,6,0,1,1,0,0,0,0,0,"794148,0592","5825851,471",13.33455058,52.50327685,3649.0
214667,11,3,3400830.0,2021,8,7,4,3,1,5,0,1,1,0,0,0,0,0,"799541,3954","5833247,183",13.42043753,52.56663371,4968.0
214666,11,2,2400521.0,2021,7,12,4,3,5,3,0,1,0,0,0,0,0,0,"800770,0287","5828490,77",13.43420307,52.52332382,5155.0
214665,11,4,4400727.0,2021,8,11,5,3,2,6,0,0,1,0,0,0,0,0,"790956,4464","5823002,247",13.28517485,52.47944476,2842.0
214664,11,6,6400841.0,2021,8,12,4,3,5,3,0,1,1,0,0,0,0,0,"790010,4401","5819155,033",13.26794133,52.44545663,2632.0
214663,11,7,7400721.0,2021,8,8,3,2,0,7,0,0,0,0,1,0,0,1,"798326,4089","5823948,609",13.39422323,52.48395168,4544.0
214662,11,12,12500927.0,2021,8,19,1,2,1,6,1,0,1,0,0,0,0,0,"792686,8444","5835989,498",13.32202058,52.5949458,3476.0
214661,11,1,1100207.0,2021,7,14,3,3,5,3,0,0,1,0,0,0,0,0,"798524,8271","5826770,808",13.39966571,52.50914057,4551.0
214660,11,9,9501941.0,2021,8,8,3,3,2,2,0,0,1,0,0,0,0,0,"812053,6326",5821204,13.5931624,52.4516851,7434.0
214659,11,1,1300733.0,2021,8,16,1,3,5,3,0,1,0,0,0,0,1,0,"797652,551","5831689,994",13.39125581,52.55371159,4464.0
214658,11,1,1300834.0,2021,7,21,6,3,3,6,2,0,0,0,1,0,1,1,"798220,2043","5830068,423",13.39814758,52.53886594,4560.0
214657,11,1,1200517.0,2021,7,14,5,2,6,4,0,0,1,1,0,1,0,0,"793520,45","5829273,704",13.32835042,52.53429349,3558.0