ObjectID,State,District,LOR_ab_2021,AccidentYear,AccidentMonth,AccidentHour,DayOfWeek,AccidentCategory,AccidentType,AccidentTypeDetail,LightingCondition,InvolvingBike,InvolvingCar,InvolvingPedestrian,InvolvingMotorcycle,InvolvingHGV,InvolvingOther,RoadCondition,GraphicCoord1,GraphicCoord2,LongitudeWGS84,LatitudeWGS84,quadrant
214285,11,8,8100312.0,2021,7,19,7,3,2,6,0,0,1,0,0,0,1,0,"800880,7831","5824283,406",13.43202853,52.48555103,5044.0
214284,11,6,6200422.0,2021,8,16,4,3,6,2,0,0,1,1,0,0,0,0,"794728,7739","5816710,047",13.33500928,52.42101556,3625.0
214283,11,9,9200715.0,2021,8,15,4,3,5,2,0,0,1,0,0,0,0,0,"808469,5788","5819056,255",13.53860644,52.43447103,6629.0
214282,11,8,8100207.0,2021,8,14,2,3,2,6,0,0,1,0,0,0,0,0,"801310,4464","5823553,554",13.43767732,52.47877226,5142.0
214281,11,12,12200309.0,2021,8,15,7,2,5,7,0,0,1,0,1,0,0,0,"793110,8436","5832649,867",13.32530909,52.56477957,3467.0
214280,11,4,4400830.0,2021,7,8,3,3,3,6,0,1,1,0,0,1,0,0,"792280,137","5823131,532",13.30472372,52.47989693,3142.0
214279,11,12,12200515.0,2021,8,20,3,3,5,3,1,1,1,0,0,0,0,0,"790460,8144","5834707,677",13.28812605,52.58464795,2973.0
214278,11,2,2200210.0,2021,8,22,7,3,0,1,2,0,0,0,0,0,1,1,"798311,7005","5825333,213",13.39524679,52.49637097,4547.0
214277,11,7,7601545.0,2021,7,9,7,3,5,3,0,0,1,0,0,0,0,0,"800099,6417","5813340,618",13.41073543,52.3878944,4715.0
214276,11,10,10200524.0,2021,7,12,7,3,2,6,0,0,1,0,0,0,0,0,"813626,2085","5830012,896",13.62451808,52.52972144,7957.0
214275,11,1,1100309.0,2021,8,8,5,3,2,6,0,1,1,0,0,0,1,0,"798655,614","5828512,264",13.40315029,52.52467874,4655.0
214274,11,12,12500930.0,2021,7,12,6,3,5,2,0,1,1,0,0,0,0,0,"792847,6517","5835134,047",13.32363154,52.58719058,3474.0
214273,11,11,11100206.0,2021,7,18,6,3,5,2,0,1,1,0,0,0,0,0,"805435,816","5834599,784",13.50837931,52.57548121,6270.0
214272,11,12,12200412.0,2021,8,11,6,3,2,6,0,0,1,0,0,0,0,0,"788358,3296","5832116,949",13.25492712,52.56253986,2467.0
214271,11,1,1100308.0,2021,8,20,4,3,6,4,1,1,1,1,0,0,0,0,"797110,04","5829250,939",13.38109619,52.53214455,4358.0
214270,11,6,6300633.0,2021,8,7,3,3,6,6,0,1,0,1,0,0,0,1,"793255,1308","5819251,504",13.31563025,52.44459088,3332.0
214269,11,9,9401432.0,2021,8,14,7,3,3,6,0,0,1,0,1,0,0,0,"812129,622","5820534,212",13.59365119,52.44563951,7432.0
214268,11,9,9200511.0,2021,7,10,4,3,1,5,0,0,1,0,0,0,1,0,"807760,9319","5822112,585",13.531031,52.46226152,6537.0
214267,11,1,1400938.0,2021,8,22,1,3,5,3,2,0,1,0,0,0,0,0,"794728,2486","5831210,441",13.3478237,52.55100309,3863.0
214266,11,8,8200624.0,2021,7,5,2,2,5,2,0,0,1,0,1,0,0,0,"801354,1997","5820634,716",13.43568383,52.45258576,5134.0
214265,11,10,10300733.0,2021,7,13,2,3,5,3,0,1,1,0,0,0,0,0,"809226,1951","5827213,861",13.55726158,52.50715097,6950.0
214264,11,8,8100418.0,2021,8,7,6,3,5,3,0,1,1,0,0,0,0,0,"802521,7358","5823710,178",13.45560072,52.47950646,5442.0
214263,11,11,11300724.0,2021,8,8,2,3,5,3,0,1,1,0,0,0,0,0,"804634,7026","5827820,665",13.49037673,52.51517259,5953.0
214262,11,1,1100309.0,2021,8,19,6,3,6,4,0,1,0,1,0,0,0,1,"798472,6848","5828386,367",13.40034897,52.52365042,4655.0
214261,11,1,1100207.0,2021,7,8,2,2,3,6,0,0,0,0,1,0,1,1,"798692,6739","5827088,529",13.40241664,52.51189663,4652.0
214260,11,8,8100520.0,2021,8,20,4,3,5,3,1,1,1,0,0,0,0,0,"803157,67","5823054,984",13.46434047,52.47328137,5540.0
214259,11,8,8100209.0,2021,7,15,4,3,1,5,0,0,1,0,0,0,0,0,"801276,6221","5821936,534",13.43572044,52.46429713,5138.0
214258,11,2,2400521.0,2021,7,6,5,3,3,6,0,0,1,0,1,0,0,0,"800425,079","5827970,688",13.42866432,52.51885234,5054.0
214257,11,2,2500833.0,2021,8,17,4,3,5,3,0,1,1,0,0,0,0,0,"802837,0159","5826935,085",13.46316028,52.50823636,5551.0
214256,11,11,11400929.0,2021,8,7,3,3,5,3,0,1,1,0,0,0,0,0,"804467,6141","5826398,957",13.48662164,52.5025237,5849.0
214255,11,2,2500831.0,2021,7,13,3,3,5,3,0,1,1,0,0,0,0,0,"802813,4223","5827294,136",13.46314036,52.51146759,5552.0
214254,11,11,11300722.0,2021,7,15,2,3,5,2,0,1,1,0,0,0,0,0,"804278,7829","5828519,515",13.48578706,52.52163479,5855.0
214253,11,10,10100315.0,2021,8,14,2,3,5,2,0,1,1,0,0,0,0,0,"809893,5119","5831578,572",13.57112979,52.54588695,7162.0
214252,11,2,2500728.0,2021,8,12,7,3,0,1,0,1,0,0,0,0,0,0,"803093,1163","5828294,118",13.46816003,52.52027492,5654.0
214251,11,6,6400735.0,2021,8,19,3,3,0,1,1,1,0,0,0,0,0,0,"784164,4956","5816189,417",13.17963988,52.42193565,1325.0
214250,11,7,7601545.0,2021,8,20,7,3,6,7,1,0,0,1,0,0,1,0,"799849,4969","5813796,788",13.40747878,52.39212034,4717.0
214249,11,1,1200517.0,2021,7,14,5,3,0,1,0,1,0,0,0,0,0,0,"793537,5527","5828160,087",13.32761859,52.52430128,3555.0
214248,11,11,11501340.0,2021,7,17,6,3,6,4,0,1,0,1,0,0,0,0,"807472,0539","5824977,148",13.5294331,52.48809675,6545.0
214247,11,10,10300734.0,2021,8,7,5,3,6,4,0,0,1,1,0,0,0,0,"809586,1254","5824154,253",13.55970497,52.47952755,6942.0
214246,11,11,11400930.0,2021,7,14,5,3,2,6,0,0,1,0,0,0,0,0,"806117,1814","5826681,959",13.51110813,52.50413718,6249.0
214245,11,4,4300623.0,2021,7,17,6,3,5,7,0,0,1,0,1,0,0,0,"792112,4268","5825992,599",13.30476974,52.50563565,3150.0
214244,11,7,7200307.0,2021,8,19,5,3,1,5,0,0,1,0,1,0,0,0,"794459,3912","5824194,425",13.33765931,52.48825447,3645.0
214243,11,12,12200309.0,2021,8,12,4,3,0,1,0,0,0,0,1,0,0,0,"793404,1067","5832502,145",13.32949258,52.56329736,3567.0
214242,11,5,5200420.0,2021,8,17,3,3,5,3,0,0,1,0,0,0,1,0,"783417,6524","5828629,384",13.17926018,52.53386418,1358.0
214241,11,7,7601544.0,2021,8,16,1,3,5,2,0,1,1,0,0,0,0,0,"799796,6288","5813977,808",13.4068661,52.39377189,4717.0
214240,11,4,4501042.0,2021,7,15,3,3,1,5,0,1,1,0,0,0,0,0,"794002,2636","5826056,336",13.33258972,52.50519193,3650.0
214239,11,6,6100207.0,2021,8,17,3,3,3,6,0,1,0,0,0,0,0,0,"793463,0372","5820237,281",13.31954648,52.45331654,3435.0
214238,11,2,2400624.0,2021,8,2,7,3,5,3,1,0,1,0,0,0,0,0,"801614,3807","5827358,899",13.4455844,52.51271236,5252.0
214237,11,11,11100102.0,2021,8,14,6,3,5,2,0,1,1,0,0,0,0,0,"808717,565","5834239,762",13.5563187,52.57040328,6969.0
214236,11,11,11401034.0,2021,8,14,2,3,5,3,0,1,1,0,0,0,0,0,"806861,3519","5827222,298",13.52253559,52.5085618,6451.0
214235,11,11,11300722.0,2021,8,21,6,3,0,1,2,0,0,0,0,0,1,1,"804239,7147","5828690,568",13.48536948,52.52318966,5855.0
214234,11,4,4200207.0,2021,7,18,5,3,3,6,0,1,1,0,0,0,0,0,"789228,5636","5824032,88",13.26069772,52.48960264,2545.0
214233,11,1,1100102.0,2021,7,17,6,2,0,2,0,0,1,0,0,0,1,0,"795124,3067","5827084,541",13.34998481,52.51380326,3852.0
214232,11,1,1200628.0,2021,8,9,3,3,0,2,0,0,1,0,1,0,0,1,"795452,9621","5827761,342",13.35541485,52.5196923,3954.0
214231,11,10,10100311.0,2021,8,5,3,3,5,3,0,1,1,0,0,0,0,0,"806466,5574","5830188,041",13.5194693,52.53536329,6359.0
214230,11,1,1300836.0,2021,7,9,5,3,0,5,0,0,1,0,1,0,0,0,"796449,7523","5830321,119",13.37234533,52.5420971,4161.0
214229,11,7,7100205.0,2021,7,14,7,3,5,2,0,1,1,0,0,0,0,0,"796040,9672","5825375,048",13.36193331,52.49798242,4048.0
214228,11,5,5300735.0,2021,8,13,5,3,5,2,0,0,1,0,0,0,0,0,"786568,5353","5830554,28",13.22724673,52.54947457,2063.0
214227,11,1,1200629.0,2021,8,12,4,3,2,6,0,0,1,0,1,0,0,0,"794515,7438","5827926,421",13.3417882,52.5216791,3755.0
214226,11,5,5100209.0,2021,8,7,2,2,5,3,0,1,1,0,0,0,0,0,"782816,6565","5830408,063",13.17193779,52.55012454,1263.0
214225,11,1,1100309.0,2021,8,19,7,3,0,5,0,1,0,0,0,0,0,0,"798181,1632","5828426,209",13.39610058,52.52416705,4555.0
214224,11,2,2200210.0,2021,7,7,3,3,5,3,0,0,1,0,0,0,1,0,"798295,4536","5825313,233",13.39499028,52.49620075,4547.0
214223,11,5,5100313.0,2021,8,11,3,3,5,2,0,1,1,0,0,0,0,0,"785395,2705","5830309,692",13.20978027,52.54789762,1762.0
214222,11,12,12400619.0,2021,8,21,7,3,9,1,2,0,1,0,0,0,0,1,"787376,8016","5837646,903",13.24528393,52.61263707,2381.0
214221,11,5,5300840.0,2021,7,13,6,2,5,2,0,1,1,0,0,0,0,0,"789209,6915","5829268,977",13.26497126,52.53655571,2559.0
214220,11,2,2300315.0,2021,7,6,7,3,0,1,0,1,0,0,0,0,0,0,"800461,3396","5825792,757",13.42723119,52.49931088,5048.0
214219,11,8,8100314.0,2021,8,12,4,3,1,5,0,0,1,0,0,0,1,0,"801157,408","5823783,08",13.43563803,52.48091397,5143.0
214218,11,2,2300418.0,2021,7,22,5,2,3,6,2,1,1,0,0,0,0,0,"801378,7647","5825248,382",13.44021269,52.49392567,5246.0
214217,11,7,7601443.0,2021,8,16,6,3,5,2,0,1,0,0,0,1,0,0,"799757,0829","5814505,433",13.40675867,52.39852304,4719.0
214216,11,4,4300622.0,2021,8,2,4,2,0,7,2,1,0,0,0,0,0,0,"792854,7004","5827007,451",13.31656766,52.51433553,3352.0
214215,11,1,1100313.0,2021,8,14,3,3,0,2,0,1,0,0,1,0,0,1,"799732,8762","5826579,562",13.41724039,52.50676396,4850.0
214214,11,7,7601442.0,2021,8,20,1,3,5,2,1,0,1,0,0,0,0,0,"799258,5525","5816264,106",13.40102484,52.41456007,4623.0
214213,11,7,7200308.0,2021,7,20,5,2,5,2,0,0,1,0,0,0,1,0,"794986,808","5823817,493",13.3450708,52.4845908,3744.0
214212,11,6,6100209.0,2021,8,13,1,3,5,2,0,1,1,0,0,0,0,0,"794768,0813","5820916,051",13.33929526,52.45869916,3736.0
214211,11,1,1100313.0,2021,7,7,6,2,5,3,0,0,0,0,1,1,0,0,"800064,1422","5826416,747",13.4219598,52.50512249,4950.0
214210,11,5,5200423.0,2021,7,7,7,3,5,3,0,0,1,0,0,0,0,0,"782012,9512","5828344,409",13.15836418,52.53203765,1058.0
214209,11,6,6200311.0,2021,8,12,6,3,1,5,0,1,1,0,0,0,0,0,"796234,3514","5818262,528",13.35845972,52.43411954,3929.0
214208,11,6,6400844.0,2021,8,7,2,3,5,7,0,1,1,0,0,0,0,0,"790316,02","5820303,203",13.27342284,52.4555881,2735.0
214207,11,1,1100102.0,2021,8,17,5,3,2,6,0,0,1,0,0,0,0,1,"795182,0531","5826944,205",13.35070881,52.51251401,3852.0
214206,11,1,1100312.0,2021,7,9,2,3,2,6,0,0,0,0,1,0,1,1,"798922,7108","5826715,969",13.40546166,52.50843115,4651.0
214205,11,12,12200309.0,2021,8,8,5,2,3,6,0,0,1,0,0,0,0,0,"793354,9054","5832953,952",13.32916833,52.56737406,3568.0
214204,11,1,1100309.0,2021,7,12,4,3,5,2,0,1,0,0,0,1,0,0,"798520,163","5829055,719",13.40164761,52.52962423,4657.0
214203,11,1,1100207.0,2021,7,14,5,3,5,2,0,0,0,0,1,0,1,0,"798553,6678","5826816,575",13.40013045,52.50953503,4651.0
214202,11,1,1100308.0,2021,8,10,4,3,5,7,0,1,1,0,0,0,0,0,"797100,2606","5828836,709",13.38058225,52.52843678,4357.0
214201,11,2,2500726.0,2021,8,14,3,3,6,4,0,0,1,1,0,0,0,0,"802055,1668","5828609,209",13.45319516,52.52367499,5355.0
214200,11,8,8200831.0,2021,7,14,3,3,6,7,0,0,1,1,0,0,0,0,"799826,056","5816520,306",13.4095735,52.41654601,4724.0
214199,11,1,1300836.0,2021,7,7,3,3,5,2,0,1,1,0,0,0,0,0,"796638,0989","5829799,978",13.37464919,52.53732314,4259.0
214198,11,2,2100101.0,2021,8,11,2,3,2,6,0,0,0,0,1,0,1,0,"797758,7819","5826056,915",13.38777323,52.50316004,4449.0
214197,11,1,1200517.0,2021,8,20,7,3,5,3,1,1,1,0,0,0,0,0,"792953,4227","5828564,682",13.31938985,52.52824248,3457.0
214196,11,4,4200310.0,2021,7,17,2,3,3,6,0,0,1,0,0,1,0,0,"789814,7973","5826334,683",13.27131075,52.50992788,2651.0
214195,11,3,3300411.0,2021,8,17,2,3,5,3,0,1,1,0,0,0,0,0,"803750,7631","5839280,864",13.487884,52.61837836,5983.0
214194,11,1,1100309.0,2021,8,4,7,2,8,1,2,0,0,0,1,0,0,1,"798590,6986","5828393,435",13.4020896,52.52364915,4655.0
214193,11,7,7501031.0,2021,7,14,6,3,2,6,0,0,1,0,1,0,0,0,"799362,4546","5820325,039",13.40618387,52.45090432,4634.0
214192,11,9,9200717.0,2021,7,12,6,2,4,6,0,0,1,0,0,0,0,0,"809743,6007","5819918,3",13.55808604,52.44147663,6931.0
214191,11,9,9401534.0,2021,8,13,5,3,1,5,0,1,1,0,0,0,0,0,"810880,3913","5820632,398",13.57542124,52.44723107,7233.0
214190,11,2,2100104.0,2021,7,7,5,3,0,2,0,1,0,0,0,0,0,0,"799116,7849","5826272,677",13.4079144,52.5043513,4750.0
214189,11,5,5200420.0,2021,8,15,5,3,3,6,0,0,1,0,0,1,0,0,"783562,6504","5828905,8",13.18162798,52.53626715,1359.0
214188,11,3,3400830.0,2021,8,14,5,3,2,6,0,0,1,0,0,1,0,0,"800053,6732","5833606,558",13.42829794,52.56957277,5069.0
214187,11,2,2200213.0,2021,8,15,3,3,0,3,0,1,0,0,0,0,0,1,"799500,1922","5824932,354",13.41234104,52.49212697,4746.0
214186,11,4,4501152.0,2021,8,16,1,3,2,6,0,0,1,0,1,0,0,0,"793993,2561","5824433,369",13.33102485,52.49064771,3546.0
214185,11,8,8200831.0,2021,7,12,3,3,5,2,0,1,1,0,0,0,0,0,"799998,2518","5816604,159",13.41217302,52.41720329,4724.0
214184,11,11,11300721.0,2021,8,11,3,3,5,3,0,0,1,0,0,0,0,0,"804627,0022","5829088,991",13.49142512,52.52654431,5956.0
214183,11,3,3300516.0,2021,8,13,7,3,0,3,0,0,1,0,1,0,0,0,"800940,6552","5833554,261",13.44129819,52.5686144,5268.0
214182,11,12,12601235.0,2021,7,11,6,2,6,4,0,0,1,1,0,0,0,0,"794833,6165","5836299,782",13.3538984,52.59656763,3976.0
214181,11,3,3601452.0,2021,8,9,5,3,6,7,0,1,0,1,0,0,0,0,"802131,88","5829111,102",13.45477843,52.52813094,5456.0
214180,11,2,2500835.0,2021,7,19,6,3,2,6,0,0,1,0,0,0,0,0,"802564,4058","5825971,022",13.45827979,52.49974676,5448.0
214179,11,1,1400938.0,2021,8,19,6,3,1,5,0,0,1,0,0,0,1,0,"794693,8221","5831185,575",13.34729536,52.55079881,3863.0
214178,11,4,4400727.0,2021,8,8,2,3,6,4,0,0,1,1,0,0,0,0,"791463,695","5824349,29",13.2938007,52.49125046,3046.0
214177,11,8,8100314.0,2021,8,4,5,3,5,3,1,0,1,0,0,0,0,0,"800672,7807","5824167,39",13.42886992,52.48462573,5044.0
214176,11,1,1100207.0,2021,8,14,3,3,5,3,0,1,1,0,0,0,0,0,"798480,228","5826665,996",13.39891653,52.50822548,4551.0
214175,11,5,5200629.0,2021,8,9,2,2,3,6,0,0,1,0,0,1,0,0,"784773,7831","5828714,292",13.19927212,52.53391857,1658.0
214174,11,6,6300525.0,2021,7,20,4,2,5,2,0,1,1,0,0,0,0,0,"788979,8289","5816096,141",13.25017596,52.41857772,2324.0
214173,11,4,4400835.0,2021,8,22,1,3,1,5,2,0,1,0,0,0,0,1,"793004,7658","5822098,227",13.31445549,52.47024531,3340.0
214172,11,6,6400735.0,2021,7,18,2,2,9,1,0,0,1,0,0,0,0,0,"782952,6126","5815942,345",13.16165707,52.42034825,1025.0
214171,11,12,12500824.0,2021,8,15,6,3,5,3,0,1,0,0,1,0,0,0,"790525,204","5835342,286",13.28963023,52.59030275,2975.0
214170,11,4,4501042.0,2021,7,14,6,3,6,4,0,0,0,1,1,0,0,0,"794438,2979","5825792,489",13.33876205,52.50259157,3649.0
214169,11,6,6300632.0,2021,7,13,6,3,5,3,0,0,1,0,0,0,0,0,"791786,661","5817475,713",13.2925357,52.42945647,3028.0
214168,11,7,7100102.0,2021,8,18,5,3,5,2,0,1,1,0,0,0,0,0,"794965,8881","5825571,457",13.34631641,52.50032522,3848.0
214167,11,1,1100207.0,2021,8,17,4,3,5,3,0,0,1,0,0,0,0,0,"797961,1417","5826980,238",13.39157212,52.51132602,4452.0
214166,11,9,9200511.0,2021,8,18,4,2,5,2,0,1,1,0,0,0,0,0,"806814,1949","5821997,972",13.51703437,52.46176668,6337.0
214165,11,2,2100101.0,2021,8,8,2,3,5,2,0,1,0,0,0,0,0,0,"797379,7689","5826176,41",13.38231258,52.50443787,4350.0
214164,11,1,1100308.0,2021,7,2,5,3,1,1,2,0,1,0,0,0,1,0,"796502,0707","5829242,479",13.37215211,52.53239977,4158.0
214163,11,8,8200832.0,2021,8,12,2,3,2,6,0,0,1,0,0,0,0,0,"801493,4911","5817768,641",13.43514201,52.42681941,5127.0
214162,11,11,11300725.0,2021,7,16,1,2,1,5,0,0,1,0,0,0,1,0,"805275,8896","5827776,761",13.49975604,52.51442062,6052.0
214161,11,6,6200313.0,2021,8,12,6,3,2,6,0,0,1,0,0,0,0,0,"795337,0046","5818429,273",13.34544577,52.43609956,3730.0
214160,11,3,3701554.0,2021,8,13,2,3,5,7,0,0,1,0,1,0,0,0,"799075,1598","5830207,372",13.41084097,52.53964286,4760.0
214159,11,11,11300826.0,2021,8,8,5,3,5,3,0,1,0,0,0,0,0,0,"804141,5207","5826811,577",13.48220923,52.50640373,5850.0
214158,11,9,9501939.0,2021,7,15,3,3,5,2,0,1,1,0,0,0,0,0,"809638,3683","5821500,289",13.55800911,52.45571372,6935.0
214157,11,12,12100102.0,2021,8,10,5,3,5,2,0,1,1,0,0,0,0,0,"796723,5319","5833261,719",13.378999,52.56830719,4268.0
214156,11,9,9200715.0,2021,7,9,4,3,0,7,0,1,0,0,0,1,0,0,"808457,457","5819018,06",13.53839345,52.43413555,6629.0
214155,11,1,1300732.0,2021,7,10,5,3,5,2,0,0,1,0,0,0,1,0,"797272,943","5832225,784",13.38615316,52.5587216,4365.0
214154,11,1,1100205.0,2021,8,16,4,3,5,2,0,1,1,0,0,0,0,0,"796968,8041","5826857,684",13.37688341,52.51076861,4251.0
214153,11,6,6300525.0,2021,8,17,2,3,5,2,0,1,1,0,0,0,0,0,"790210,211","5815096,697",13.2673509,52.40896629,2622.0
214152,11,1,1100415.0,2021,7,19,4,3,1,5,0,1,1,0,0,0,0,0,"798354,363","5829301,712",13.39943152,52.53192,4558.0
214151,11,12,12400618.0,2021,8,11,4,3,5,2,0,1,1,0,0,0,0,0,"787205,7466","5837998,731",13.24307003,52.61588175,2282.0
214150,11,6,6400737.0,2021,7,15,2,3,2,2,0,0,1,0,0,0,0,0,"784861,9393","5817653,862",13.19111591,52.4347036,1429.0
214149,11,2,2200212.0,2021,8,19,2,3,0,2,0,1,0,0,0,0,1,0,"799050,9506","5824575,344",13.40542353,52.48917317,4645.0
214148,11,11,11501340.0,2021,8,10,7,2,5,2,0,1,1,0,0,0,0,0,"807323,9619","5824796,993",13.52709282,52.48656555,6444.0
214147,11,11,11300826.0,2021,7,17,2,3,5,3,0,1,1,0,0,0,0,0,"804256,3389","5827060,241",13.48412298,52.50856839,5851.0
214146,11,1,1100310.0,2021,8,18,2,3,1,5,0,1,1,0,0,0,0,0,"799146,6156","5828584,256",13.41043071,52.52505487,4756.0
214145,11,2,2300314.0,2021,8,10,7,3,3,6,0,1,1,0,0,0,0,0,"799955,3243","5826105,077",13.4200806,52.5023887,4949.0
214144,11,11,11300724.0,2021,7,17,5,3,0,7,0,1,1,0,0,0,0,1,"804455,3098","5828170,673",13.48806154,52.51840974,5954.0
214143,11,1,1100308.0,2021,7,14,6,3,5,2,0,1,1,0,0,0,0,0,"797257,9484","5829087,605",13.38312422,52.53059981,4357.0
214142,11,1,1200623.0,2021,8,12,4,3,0,2,0,1,1,0,0,0,0,0,"795476,1379","5829574,914",13.3573671,52.53593687,3959.0
214141,11,8,8401241.0,2021,7,14,4,3,2,6,0,0,1,0,0,0,0,0,"804207,217","5818439,976",13.47554151,52.4313345,5728.0
214140,11,7,7100102.0,2021,8,22,5,3,5,3,2,1,1,0,0,0,0,0,"794929,5799","5825540,796",13.34575593,52.50006999,3748.0
214139,11,11,11501341.0,2021,8,19,5,2,6,4,0,0,1,1,0,0,0,0,"807242,6886","5824134,91",13.52528947,52.4806776,6443.0
214138,11,11,11300620.0,2021,8,15,3,3,1,5,0,0,1,0,0,0,0,0,"804047,7421","5828916,364",13.4827551,52.52532047,5856.0
214137,11,11,11200512.0,2021,8,18,1,3,1,5,0,1,1,0,0,0,0,0,"803893,9559","5831292,932",13.48266841,52.54670649,5862.0
214136,11,11,11200513.0,2021,7,17,4,3,5,3,0,1,1,0,0,0,0,0,"804648,1879","5831123,52",13.49360138,52.54476692,5961.0
214135,11,1,1401044.0,2021,8,4,2,3,8,1,1,0,1,0,0,0,0,0,"796464,4317","5831649,017",13.37374657,52.55399228,4264.0
214134,11,11,11100204.0,2021,8,17,1,2,6,4,0,0,1,1,0,0,0,0,"806402,5824","5833724,561",13.52179242,52.567094,6468.0
214133,11,3,3100101.0,2021,7,15,6,3,5,2,0,0,1,0,1,0,0,0,"800519,205","5841100,966",13.4419497,52.63648871,5288.0
214132,11,2,2300419.0,2021,8,10,5,3,2,6,0,0,1,0,0,0,0,0,"801836,0036","5825746,498",13.4473785,52.49813769,5348.0
214131,11,2,2100101.0,2021,7,14,5,3,1,5,0,1,1,0,0,0,0,0,"797726,7967","5825775,992",13.38705224,52.50065934,4448.0
214130,11,6,6100206.0,2021,8,7,6,3,5,2,0,0,1,0,0,0,0,0,"794734,7812","5820068,143",13.33805815,52.45111607,3634.0
214129,11,9,9100409.0,2021,8,16,2,3,6,7,0,0,1,1,0,0,0,0,"806427,3513","5818737,376",13.50836761,52.43276093,6229.0
214128,11,1,1100310.0,2021,8,17,6,3,6,7,0,0,0,1,0,0,1,0,"799243,625","5828219,486",13.41152815,52.52173202,4755.0
214127,11,7,7100205.0,2021,7,7,7,3,8,1,0,0,1,0,0,0,0,0,"796346,3102","5824888,964",13.36598569,52.49345941,4046.0
214126,11,1,1300733.0,2021,8,21,4,3,5,2,2,1,0,0,0,0,0,0,"797680,8768","5831315,245",13.39133638,52.55033697,4463.0
214125,11,9,,2021,8,10,2,3,0,1,0,0,1,0,0,0,0,0,"808645,9485","5815247,518",13.53768007,52.40023729,6619.0
214124,11,8,8301036.0,2021,7,5,5,2,5,2,0,1,0,0,0,0,1,0,"804102,244","5817517,22",13.47316327,52.4231223,5626.0
214123,11,1,1200520.0,2021,7,17,5,3,4,6,0,0,1,0,0,0,0,0,"794210,4224","5828541,592",13.33784538,52.52735856,3656.0
214122,11,8,8100417.0,2021,8,13,3,2,6,4,0,0,1,1,0,0,0,0,"802409,0644","5823033,72",13.45333334,52.47350574,5340.0
214121,11,8,8100417.0,2021,7,13,4,3,5,3,0,1,1,0,0,0,0,0,"802276,2266","5822845,251",13.45121277,52.47188999,5340.0
214120,11,2,2400625.0,2021,7,21,7,3,0,1,1,0,0,0,1,0,0,0,"801740,7985","5826789,547",13.44692547,52.50753929,5350.0
214119,11,1,1100311.0,2021,8,20,6,2,3,6,1,1,0,0,0,0,0,0,"799723,2902","5827709,321",13.41811702,52.51689576,4853.0
214118,11,1,1100312.0,2021,8,16,3,3,5,3,0,1,1,0,0,0,0,0,"799645,0669","5827049,772",13.41637378,52.5110269,4851.0
214117,11,12,12200309.0,2021,8,22,6,3,8,1,2,0,1,0,0,0,0,1,"793303,1777","5832563,102",13.32806177,52.56389818,3567.0
214116,11,7,7400824.0,2021,7,20,3,2,5,3,1,1,1,0,0,0,0,0,"797844,7457","5822041,914",13.38544836,52.46712326,4339.0
214115,11,7,7200409.0,2021,8,10,4,3,1,5,0,1,1,0,0,0,0,0,"795454,5525","5824070,702",13.35216341,52.48660772,3844.0
214114,11,5,5100316.0,2021,7,14,5,3,5,2,0,0,1,0,0,0,0,0,"783941,4701","5828984,132",13.18726507,52.53677225,1459.0
214113,11,5,5300736.0,2021,7,17,7,3,5,2,0,1,1,0,0,0,0,0,"786086,118","5829145,207",13.21893788,52.53709477,1959.0
214112,11,4,4100102.0,2021,8,18,4,2,6,4,0,0,1,1,0,0,0,0,"791482,4568","5829459,625",13.29855281,52.537054,3059.0
214111,11,4,4300620.0,2021,8,11,4,3,5,7,0,0,1,0,0,0,0,0,"793563,718","5827766,991",13.32765618,52.52076328,3554.0
214110,11,6,6100208.0,2021,7,20,4,3,1,5,1,0,1,0,0,0,1,0,"794326,6847","5820601,035",13.33253992,52.45611308,3635.0
214109,11,2,2500727.0,2021,8,9,4,3,5,3,0,1,1,0,0,0,0,0,"802588,9899","5827779,649",13.46028483,52.51594374,5453.0
214108,11,3,3400826.0,2021,8,16,3,3,5,7,0,1,1,0,0,0,0,0,"798228,5794","5832288,958",13.40026486,52.55876536,4665.0
214107,11,2,2400522.0,2021,8,21,2,3,6,2,2,0,0,1,0,0,1,1,"801626,3374","5828319,585",13.44663099,52.52131646,5254.0
214106,11,5,5300841.0,2021,8,20,7,3,0,1,1,0,0,0,1,0,0,0,"789462,5983","5829340,923",13.2687523,52.53706645,2659.0
214105,11,7,7601442.0,2021,7,11,4,3,5,2,0,1,1,0,0,0,0,0,"799275,186","5816272,853",13.4012765,52.41462937,4623.0
214104,11,12,12200412.0,2021,8,22,3,3,5,2,1,0,1,0,0,0,0,1,"791167,9437","5834020,894",13.29793028,52.5781131,3071.0
214103,11,4,4300619.0,2021,8,9,7,2,5,2,0,1,1,0,0,0,0,0,"791905,1561","5827432,304",13.30298745,52.51865328,3154.0
214102,11,12,12500929.0,2021,7,14,7,3,5,3,0,1,1,0,0,0,0,0,"794029,325","5838135,29",13.34368894,52.61345695,3781.0
214101,11,2,2100102.0,2021,7,10,7,3,1,5,0,1,1,0,0,0,0,0,"797928,8471","5826416,462",13.39059305,52.5062901,4450.0