ObjectID,State,District,LOR_ab_2021,AccidentYear,AccidentMonth,AccidentHour,DayOfWeek,AccidentCategory,AccidentType,AccidentTypeDetail,LightingCondition,InvolvingBike,InvolvingCar,InvolvingPedestrian,InvolvingMotorcycle,InvolvingHGV,InvolvingOther,RoadCondition,GraphicCoord1,GraphicCoord2,LongitudeWGS84,LatitudeWGS84,quadrant
214100,11,6,6300526.0,2021,8,13,5,3,6,4,0,0,0,1,0,0,1,0,"789483,0859","5817610,06",13.25886567,52.43188476,2528.0
214099,11,1,1100416.0,2021,8,15,3,3,0,1,0,0,0,0,1,0,0,0,"798730,1172","5829565,848",13.40519186,52.53408179,4658.0
214098,11,1,1100102.0,2021,8,15,7,3,0,2,0,1,1,0,0,0,0,0,"796635,3528","5826670,841",13.37181786,52.50927518,4151.0
214097,11,4,4501042.0,2021,7,19,3,2,0,1,0,0,0,0,0,0,1,0,"793789,6465","5825826,187",13.32926311,52.50324329,3549.0
214096,11,1,1100416.0,2021,8,7,4,3,5,2,0,1,0,0,0,0,0,0,"798797,3019","5829185,931",13.4058379,52.53063956,4657.0
214095,11,7,7100205.0,2021,7,18,4,3,5,3,0,1,1,0,0,0,0,0,"796414,1173","5824875,605",13.36696963,52.49330284,4146.0
214094,11,7,7601341.0,2021,7,11,5,3,5,7,0,0,1,0,0,0,1,0,"797079,863","5815605,879",13.36850143,52.40984639,4122.0
214093,11,4,4501040.0,2021,8,19,3,3,1,5,0,1,1,0,0,0,0,0,"792550,9886","5825545,066",13.3108196,52.50138866,3249.0
214092,11,11,11200410.0,2021,8,17,2,2,6,4,0,0,1,1,0,0,0,0,"805848,5237","5832345,584",13.51237249,52.55504688,6264.0
214091,11,9,9200715.0,2021,7,8,4,2,5,2,0,0,1,0,1,0,0,0,"809065,9387","5818189,452",13.54654981,52.42636614,6727.0
214090,11,1,1400942.0,2021,8,10,4,3,5,3,0,0,1,0,1,0,0,0,"795260,4665","5830714,677",13.35520954,52.54627077,3962.0
214089,11,8,8200623.0,2021,7,12,3,3,6,2,0,0,1,1,0,0,0,0,"801563,1961","5820649,607",13.4387635,52.45260398,5134.0
214088,11,3,3601346.0,2021,8,13,2,3,1,5,0,1,1,0,0,0,0,0,"799466,8513","5831032,364",13.41734281,52.54682249,4862.0
214087,11,3,3200310.0,2021,8,17,7,2,5,7,0,1,1,0,0,0,0,0,"799222,7674","5838175,452",13.42020169,52.61098258,4981.0
214086,11,11,11300721.0,2021,7,13,3,3,5,2,0,1,1,0,0,0,0,0,"805532,163","5830048,844",13.50560819,52.53464035,6158.0
214085,11,5,5100211.0,2021,8,16,3,2,5,2,0,0,1,0,1,0,0,0,"783247,0673","5830290,215",13.17816808,52.54884424,1363.0
214084,11,3,3300411.0,2021,8,17,1,3,6,4,0,0,1,1,0,0,0,0,"803902,1006","5839613,801",13.49041848,52.62127766,5984.0
214083,11,1,1200627.0,2021,7,19,5,3,0,2,0,1,1,0,0,0,0,1,"795501,6161","5828373,914",13.35667408,52.52515713,3956.0
214082,11,1,1200521.0,2021,7,1,6,2,0,1,2,1,0,0,0,0,0,0,"793686,4421","5828141,747",13.32979066,52.52405669,3555.0
214081,11,8,8100416.0,2021,8,9,4,3,2,6,0,0,1,0,0,0,0,0,"801996,1559","5823274,566",13.44749074,52.47589291,5341.0
214080,11,1,1100308.0,2021,7,17,6,2,0,1,0,1,0,0,0,0,0,0,"797136,4792","5827820,236",13.38020641,52.51930551,4354.0
214079,11,12,12100102.0,2021,7,13,6,3,5,3,0,1,0,0,1,0,0,0,"796654,968","5833325,511",13.37804741,52.56891638,4268.0
214078,11,3,3500934.0,2021,8,15,5,3,2,6,0,1,1,0,0,0,0,0,"801252,5794","5831813,38",13.4443062,52.5528383,5264.0
214077,11,10,10200423.0,2021,8,9,5,3,2,3,0,1,1,0,0,0,0,0,"813015,8101","5831217,009",13.61668333,52.54086225,7860.0
214076,11,4,4400726.0,2021,8,13,3,3,5,3,0,0,1,0,1,0,0,1,"791220,1559","5824087,093",13.2899947,52.48902984,2945.0
214075,11,1,1401045.0,2021,7,16,7,3,3,6,0,0,1,0,0,0,0,0,"797045,2621","5831893,486",13.38250711,52.55586719,4365.0
214074,11,8,8200831.0,2021,8,12,1,3,5,3,0,0,1,0,0,0,0,0,"799907,8181","5816245,149",13.41052556,52.4140348,4723.0
214073,11,4,4501042.0,2021,7,22,4,3,5,2,2,0,1,0,0,0,0,0,"794480,0413","5825855,631",13.3394311,52.50313507,3749.0
214072,11,8,8300934.0,2021,8,15,1,3,2,6,0,0,1,0,1,0,0,0,"802723,4477","5818752,115",13.45406647,52.4349553,5429.0
214071,11,5,5300736.0,2021,7,15,6,3,5,3,0,0,1,0,0,0,0,0,"786012,6131","5829295,037",13.21798606,52.5384767,1859.0
214070,11,7,7200411.0,2021,8,12,5,3,6,4,0,1,0,1,0,0,0,0,"796206,0614","5824231,807",13.36334179,52.48764469,4045.0
214069,11,12,12400723.0,2021,7,18,1,3,6,7,0,0,1,1,0,0,0,1,"791872,2994","5838189,252",13.31196938,52.61510342,3282.0
214068,11,7,7100102.0,2021,8,7,6,3,2,2,0,1,1,0,0,0,0,0,"795411,226","5824986,15",13.35233879,52.49483748,3847.0
214067,11,6,6100210.0,2021,8,21,1,3,5,3,2,1,1,0,0,0,0,1,"794713,8148","5821563,387",13.33907045,52.46453145,3638.0
214066,11,2,2400623.0,2021,8,16,6,3,8,1,0,0,0,0,0,0,1,0,"800527,8596","5826894,38",13.42920249,52.50914845,5051.0
214065,11,8,8100314.0,2021,7,7,2,3,6,4,0,0,1,1,0,0,0,1,"801092,1917","5823811,608",13.43470637,52.48120564,5143.0
214064,11,1,1100101.0,2021,8,7,4,3,0,7,0,1,1,0,0,0,0,0,"794676,3537","5826179,417",13.34260148,52.50593162,3750.0
214063,11,11,11501341.0,2021,7,10,5,3,5,3,0,1,1,0,0,0,0,0,"807185,5161","5823813,502",13.52415416,52.47782924,6442.0
214062,11,11,11300725.0,2021,7,15,5,3,6,4,0,0,0,1,0,0,1,0,"805214,5167","5828177,794",13.49922231,52.5180492,6054.0
214061,11,5,5300737.0,2021,8,11,3,3,2,6,0,0,1,0,0,0,0,0,"787788,87","5829403,297",13.24419739,52.53851213,2260.0
214060,11,1,1300733.0,2021,7,7,4,3,5,2,0,1,1,0,0,0,0,0,"797576,6408","5831889,949",13.39031873,52.55554541,4464.0
214059,11,6,6300633.0,2021,7,9,2,3,2,7,0,1,1,0,0,0,0,0,"792446,0689","5818815,296",13.30337861,52.44111364,3131.0
214058,11,3,3200310.0,2021,8,22,6,3,6,4,2,0,1,1,0,0,0,0,"799442,6121","5838263,817",13.42351874,52.61165355,4981.0
214057,11,6,6400736.0,2021,8,10,2,3,5,2,0,1,1,0,0,0,0,0,"787513,0785","5816890,419",13.22935029,52.4264716,2027.0
214056,11,4,4501041.0,2021,8,10,6,3,2,6,0,0,1,0,0,0,0,0,"792931,4997","5825530,487",13.31639644,52.50105383,3349.0
214055,11,4,4501042.0,2021,7,17,5,3,5,7,0,0,1,0,1,0,0,0,"794540,321","5825962,503",13.34041114,52.50406057,3749.0
214054,11,7,7601545.0,2021,7,16,6,3,1,5,0,1,1,0,0,0,0,0,"800060,6259","5813307,16",13.41013389,52.38761585,4715.0
214053,11,11,11501340.0,2021,8,11,4,3,1,5,0,1,1,0,0,0,0,0,"808133,96","5825376,044",13.53951939,52.49129849,6646.0
214052,11,12,12100206.0,2021,8,11,3,3,2,6,0,0,1,0,0,0,1,0,"793958,9328","5833467,404",13.33850955,52.57165097,3669.0
214051,11,5,5100207.0,2021,7,19,5,2,5,3,0,1,1,0,0,0,0,0,"779992,1118","5830307,606",13.13030541,52.55068307,563.0
214050,11,2,2400521.0,2021,7,10,7,3,5,3,0,1,0,0,0,0,1,0,"800480,385","5828223,902",13.42970568,52.5210915,5054.0
214049,11,4,4500939.0,2021,8,11,5,3,5,3,0,0,1,0,0,0,0,0,"792203,8685","5824081,113",13.30443628,52.48845059,3145.0
214048,11,12,12200309.0,2021,8,16,4,3,6,2,0,0,1,1,0,0,0,0,"793353,0243","5832940,497",13.32912876,52.56725446,3568.0
214047,11,1,1200522.0,2021,8,13,2,3,4,5,0,1,0,0,0,0,1,0,"794314,4923","5828157,229",13.33903482,52.52385682,3655.0
214046,11,1,1100310.0,2021,8,6,7,3,0,1,0,1,0,0,0,0,0,0,"799647,2923","5828695,539",13.41788882,52.52577741,4856.0
214045,11,8,8100102.0,2021,7,17,4,3,1,5,0,1,1,0,0,0,0,0,"800464,0737","5823634,33",13.42532524,52.4799626,4942.0
214044,11,1,1100313.0,2021,8,8,3,3,5,3,0,1,0,0,0,0,1,0,"799899,3251","5826525,054",13.41963636,52.50618391,4850.0
214043,11,7,7200414.0,2021,8,0,1,2,0,3,2,1,0,0,1,0,0,1,"796257,079","5823954,758",13.3638447,52.48513351,4044.0
214042,11,7,7601341.0,2021,7,16,6,3,5,3,0,1,1,0,0,0,0,0,"798071,7948","5814227,608",13.38181477,52.39695237,4318.0
214041,11,5,5200418.0,2021,7,17,7,3,0,5,0,0,1,0,0,0,0,0,"780689,6329","5829143,035",13.13958152,52.53988177,760.0
214040,11,5,5300735.0,2021,8,7,4,3,0,1,0,0,1,0,1,0,0,0,"786442,3675","5830474,722",13.22532246,52.54882764,2063.0
214039,11,6,6100101.0,2021,7,17,5,3,1,1,0,0,1,0,1,0,0,1,"792653,5584","5821314,192",13.30861226,52.46340486,3238.0
214038,11,2,2300418.0,2021,8,12,6,3,5,7,0,0,1,0,0,0,1,0,"801131,8076","5825069,786",13.43642471,52.49246117,5146.0
214037,11,4,4300517.0,2021,8,17,5,3,0,6,0,0,1,0,1,0,0,1,"791453,932","5828302,94",13.29711924,52.52669977,3056.0
214036,11,9,9200716.0,2021,8,15,3,3,0,1,0,0,0,0,1,0,0,0,"809049,4155","5819175,753",13.54721907,52.43521468,6729.0
214035,11,6,6100103.0,2021,8,16,1,3,6,7,0,1,0,1,0,0,0,0,"793804,8092","5821022,576",13.32525259,52.46017283,3437.0
214034,11,6,6100101.0,2021,7,10,4,2,1,7,0,0,1,0,0,0,0,0,"793286,4234","5820759,306",13.31741342,52.45809115,3336.0
214033,11,4,4200203.0,2021,8,16,1,2,8,1,0,1,0,0,0,0,0,1,"788286,669","5826920,484",13.24936406,52.51598958,2353.0
214032,11,12,12100204.0,2021,7,11,3,3,5,2,0,0,1,0,0,0,1,0,"795065,4169","5832467,607",13.35389955,52.56208997,3966.0
214031,11,10,10100311.0,2021,7,6,6,3,8,1,0,0,0,0,1,0,0,0,"806736,5248","5830280,929",13.52352277,52.5360439,6459.0
214030,11,5,5200633.0,2021,7,5,2,2,5,2,0,0,1,0,1,0,0,0,"783949,9326","5826591,51",13.18534628,52.51531525,1453.0
214029,11,9,9100304.0,2021,7,11,1,3,5,2,0,0,1,0,0,0,0,0,"804385,7086","5821738,033",13.48116348,52.46079499,5837.0
214028,11,10,10100311.0,2021,8,22,6,2,5,7,2,1,0,0,0,0,1,0,"806792,5108","5830324,581",13.52438591,52.5364036,6459.0
214027,11,8,8401243.0,2021,8,10,2,3,8,1,0,0,0,0,1,0,0,0,"805426,0682","5817272,818",13.492348,52.42019456,5925.0
214026,11,1,1100309.0,2021,8,19,6,3,0,1,0,1,0,0,1,0,0,1,"798987,1716","5828832,112",13.40831039,52.52736399,4756.0
214025,11,1,1200520.0,2021,7,0,1,2,0,7,2,0,0,0,0,0,1,0,"794253,87","5829270,563",13.33912923,52.53386987,3658.0
214024,11,7,7601340.0,2021,7,11,6,3,5,2,0,1,1,0,0,0,0,0,"796134,2938","5815933,292",13.35493031,52.41329371,3923.0
214023,11,2,2500830.0,2021,8,18,5,2,0,7,0,1,0,0,0,0,0,0,"802563,0704","5827389,369",13.45954917,52.51246007,5452.0
214022,11,3,3100103.0,2021,8,8,5,3,0,3,0,1,0,0,1,0,0,0,"804063,3094","5839912,313",13.49306702,52.62386284,5984.0
214021,11,1,1100313.0,2021,8,6,3,3,5,3,0,0,1,0,1,0,0,0,"800473,1898","5826684,246",13.4282097,52.50729506,5050.0
214020,11,10,10100311.0,2021,8,14,7,3,5,2,0,1,1,0,0,0,0,0,"807500,9481","5829177,511",13.53373699,52.52572434,6556.0
214019,11,11,11501340.0,2021,7,11,4,2,5,7,0,0,1,0,0,0,1,0,"807259,2956","5824366,744",13.52574689,52.482746,6443.0
214018,11,1,1100308.0,2021,8,4,1,3,1,5,2,0,1,0,0,0,1,0,"797032,2374","5828919,783",13.37965669,52.52921851,4357.0
214017,11,7,7300619.0,2021,7,8,1,3,5,2,0,1,1,0,0,0,0,0,"795243,269","5822270,82",13.34746722,52.4705873,3840.0
214016,11,5,5200633.0,2021,7,11,2,3,2,6,0,0,1,0,0,0,0,0,"784053,4997","5827184,802",13.187375,52.52058086,1454.0
214015,11,12,12400720.0,2021,8,8,6,3,2,6,0,1,1,0,0,0,0,0,"789100,8885","5840188,662",13.27289891,52.63450958,2788.0
214014,11,9,9501737.0,2021,8,13,2,3,5,2,0,1,1,0,0,0,0,0,"813766,4822","5821746,257",13.61879482,52.45556393,7835.0
214013,11,1,1100205.0,2021,8,13,6,3,3,2,0,0,1,0,0,0,0,0,"796974,044","5827042,638",13.37712543,52.51242367,4252.0
214012,11,7,7100102.0,2021,7,18,2,2,5,7,0,1,1,0,0,0,0,0,"795282,4422","5825402,331",13.35081627,52.49863793,3848.0
214011,11,5,5300737.0,2021,8,1,4,3,0,1,2,0,0,0,0,0,1,1,"786993,1211","5830135,176",13.23312914,52.54549352,2162.0
214010,11,3,3601245.0,2021,7,10,4,3,4,5,0,1,1,0,0,0,0,0,"800655,4435","5831074,772",13.43485678,52.54654797,5162.0
214009,11,7,7200308.0,2021,7,8,5,3,2,2,0,1,1,0,0,0,0,0,"795216,2091","5823199,434",13.34789196,52.47892633,3842.0
214008,11,11,11200514.0,2021,8,17,2,3,5,3,0,1,1,0,0,0,0,0,"805035,3975","5830436,264",13.49866266,52.53839081,6059.0
214007,11,4,4300518.0,2021,7,12,3,3,5,2,0,0,0,0,1,0,1,1,"792208,8334","5828619,337",13.30849322,52.52913208,3257.0
214006,11,11,11200410.0,2021,7,14,2,3,6,4,0,0,0,1,0,0,1,0,"805820,2516","5832299,696",13.51191451,52.55465149,6264.0
214005,11,3,3400831.0,2021,8,23,6,2,9,1,2,0,1,0,0,0,0,0,"799760,4202","5833788,45",13.42414844,52.57136468,4969.0
214004,11,2,2300316.0,2021,8,19,3,3,3,6,0,0,1,0,1,0,0,0,"801453,2412","5826046,53",13.44202871,52.50103848,5249.0
214003,11,1,1100416.0,2021,8,21,6,3,0,1,2,1,0,0,0,0,0,1,"798679,7307","5829463,114",13.40435891,52.53318855,4658.0
214002,11,5,5300737.0,2021,7,15,5,3,5,3,0,0,1,0,0,0,0,0,"787940,4067","5830041,989",13.2469791,52.54415822,2361.0
214001,11,2,2400623.0,2021,7,17,6,3,2,1,0,0,1,0,0,0,0,0,"800560,8188","5827024,98",13.4298046,52.51030089,5051.0
214000,11,2,2100106.0,2021,8,3,5,3,5,2,2,0,1,0,0,0,0,0,"798598,3849","5825578,664",13.39967723,52.49841434,4548.0
213999,11,11,11300722.0,2021,7,12,5,3,1,5,0,1,1,0,0,0,0,0,"803806,5179","5827751,317",13.47814638,52.51501299,5753.0
213998,11,4,4100101.0,2021,7,15,7,3,1,5,0,1,0,0,0,0,1,0,"790183,7014","5829822,631",13.27977502,52.54100149,2860.0
213997,11,1,1100308.0,2021,8,15,5,3,2,6,0,0,1,0,0,0,0,0,"796775,6115","5828816,313",13.37579245,52.52843079,4257.0
213996,11,6,6300528.0,2021,8,16,4,3,5,3,0,0,1,0,0,0,0,0,"789298,2011","5816083,361",13.25483337,52.41829494,2424.0
213995,11,1,1100308.0,2021,8,17,3,3,5,2,0,1,0,0,0,0,1,0,"796939,8385","5828909,033",13.37828902,52.52917249,4257.0
213994,11,3,3400618.0,2021,8,10,1,3,0,1,0,1,1,0,0,0,0,0,"796127,3753","5836570,617",13.37318555,52.59829241,4277.0
213993,11,9,9401534.0,2021,7,12,4,3,3,6,0,0,1,0,1,0,0,0,"811419,3436","5820140,284",13.58286716,52.4425143,7331.0
213992,11,1,1200626.0,2021,8,18,3,3,3,6,0,1,1,0,0,0,0,0,"795498,4946","5828219,487",13.35649098,52.52377451,3955.0
213991,11,12,12100205.0,2021,8,12,1,2,0,1,0,0,0,0,1,0,0,0,"793957,7597","5835301,516",13.34011883,52.58809309,3774.0
213990,11,9,9501737.0,2021,7,12,7,3,6,4,0,0,1,1,0,0,0,0,"814274,7015","5821931,971",13.62642438,52.45693615,7936.0
213989,11,5,5100316.0,2021,7,14,1,2,9,1,0,1,0,0,0,0,0,0,"785082,3084","5829425,398",13.20441841,52.540133,1660.0
213988,11,1,1200629.0,2021,8,14,5,3,5,7,0,0,1,0,0,0,0,0,"794558,2689","5827507,997",13.34204264,52.51790525,3753.0
213987,11,7,7501030.0,2021,7,14,6,2,6,4,0,0,1,1,0,0,0,0,"797980,096","5819783,295",13.38541915,52.44680342,4333.0
213986,11,7,7100101.0,2021,8,19,5,3,0,1,0,0,0,0,1,0,0,0,"794763,2558","5825631,203",13.34339283,52.5009703,3749.0
213985,11,9,9401635.0,2021,8,16,5,3,5,3,0,1,1,0,0,0,0,0,"816646,7761","5817431,712",13.6569564,52.41524237,8423.0
213984,11,2,2200209.0,2021,8,16,4,2,5,2,0,1,1,0,0,0,0,0,"796813,2806","5823979,519",13.37203367,52.48505339,4144.0
213983,11,6,6100206.0,2021,8,20,2,3,2,6,2,0,1,0,0,0,0,1,"794097,9248","5819501,008",13.32821432,52.44637492,3533.0
213982,11,9,9100304.0,2021,7,14,4,2,6,4,0,0,1,1,0,0,0,0,"804554,5438","5822498,96",13.48433517,52.46752089,5839.0
213981,11,2,2300316.0,2021,8,20,1,3,1,7,1,0,1,1,0,0,0,0,"801245,4069","5825972,867",13.43890955,52.50049299,5148.0
213980,11,10,10400940.0,2021,7,15,1,3,4,1,0,1,0,0,0,0,0,0,"812379,3956","5824090,429",13.60064214,52.47736513,7542.0
213979,11,4,4501148.0,2021,8,22,6,3,5,2,2,1,1,0,0,0,0,0,"793346,8252","5823084,35",13.32034405,52.47890201,3442.0
213978,11,4,4300416.0,2021,8,15,2,2,5,2,0,1,1,0,0,0,0,0,"791789,6026","5826098,099",13.30011941,52.5067542,3150.0
213977,11,2,2300316.0,2021,8,15,6,3,5,2,0,1,1,0,0,0,0,0,"801470,7316","5826044,79",13.44228402,52.50101322,5249.0
213976,11,6,6400838.0,2021,7,16,2,3,1,5,0,0,1,0,0,0,1,0,"788743,5143","5820142,69",13.25020626,52.45498204,2335.0
213975,11,6,6100210.0,2021,8,9,5,3,1,5,0,1,1,0,0,0,0,0,"794800,7346","5821009,597",13.33985706,52.45952013,3736.0
213974,11,11,11200513.0,2021,7,22,4,3,5,3,2,0,1,0,0,0,0,0,"804575,1476","5831042,677",13.4924535,52.5440832,5961.0
213973,11,4,1200522.0,2021,7,14,5,2,0,6,0,0,1,0,1,0,0,0,"793642,6589","5827967,82",13.3289936,52.5225211,3555.0
213972,11,1,1100101.0,2021,8,0,4,3,0,1,2,1,0,0,0,0,0,0,"794655,3333","5826066,733",13.34219295,52.50493283,3750.0
213971,11,1,1401045.0,2021,8,17,2,3,6,7,0,1,0,1,0,0,0,0,"796703,4795","5831647,904",13.37726107,52.55385214,4264.0
213970,11,6,6200315.0,2021,7,12,6,3,0,6,0,0,1,0,1,0,0,0,"795251,1361","5817502,282",13.34336773,52.42783595,3727.0
213969,11,4,4300415.0,2021,7,15,2,3,3,6,0,0,1,0,1,0,0,0,"791005,3102","5826324,579",13.28879448,52.5092035,2951.0
213968,11,2,2300314.0,2021,8,8,2,3,5,3,0,0,1,0,0,0,1,0,"800280,9176","5826091,469",13.42485067,52.50208765,4949.0
213967,11,1,1100312.0,2021,8,20,7,3,5,2,1,1,1,0,0,0,0,0,"799651,2417","5827045,792",13.41646091,52.51098784,4851.0
213966,11,10,10200418.0,2021,7,11,2,3,5,2,0,0,1,0,0,0,0,0,"811288,6004","5831560,788",13.59161992,52.54493232,7461.0
213965,11,8,8100105.0,2021,8,18,2,3,5,2,0,1,1,0,0,0,0,0,"800944,4966","5822300,867",13.43117498,52.46774579,5039.0
213964,11,4,4300623.0,2021,8,15,6,3,5,7,0,1,1,0,0,0,0,0,"792725,01","5826102,048",13.31386565,52.5062885,3350.0
213963,11,12,12601031.0,2021,7,0,6,3,8,1,2,0,1,0,0,0,0,0,"793547,4123","5836903,072",13.33549878,52.60267152,3678.0
213962,11,2,2400625.0,2021,7,20,6,3,5,2,1,1,1,0,0,0,0,0,"801765,3262","5826249,693",13.44679646,52.50268697,5249.0
213961,11,6,6200421.0,2021,8,12,5,3,3,6,0,0,1,0,1,0,0,0,"793149,0187","5817665,558",13.31268257,52.43043008,3328.0
213960,11,4,4200308.0,2021,7,17,4,2,1,1,0,0,1,0,1,0,0,0,"788328,3027","5827899,799",13.25082481,52.52474754,2355.0
213959,11,5,5100315.0,2021,8,15,5,3,2,2,0,0,1,0,0,0,1,0,"784560,1971","5829789,936",13.197053,52.54367436,1561.0
213958,11,12,12500824.0,2021,8,14,3,3,5,3,0,1,1,0,0,0,0,0,"790625,4505","5835955,499",13.29164394,52.59574654,2976.0
213957,11,1,1100310.0,2021,7,6,4,3,5,2,0,0,1,0,0,0,0,0,"799246,9565","5828469,031",13.41180163,52.52396699,4755.0
213956,11,3,3300516.0,2021,7,13,5,3,5,2,0,0,1,0,0,0,0,0,"800101,7154","5833875,534",13.42924805,52.57195717,5069.0
213955,11,2,2100102.0,2021,8,20,3,3,5,2,1,1,1,0,0,0,0,1,"797958,5536","5826222,137",13.39085553,52.504532,4450.0
213954,11,1,1100310.0,2021,8,20,2,3,3,6,0,0,1,0,0,0,0,0,"799277,6377","5828512,442",13.41229157,52.52433926,4755.0
213953,11,1,1200628.0,2021,7,8,4,2,5,2,0,1,1,0,0,0,0,0,"795468,3867","5827765,588",13.35564528,52.519722,3954.0
213952,11,8,8100206.0,2021,7,19,6,3,5,3,0,1,1,0,0,0,0,0,"801107,8493","5823533,917",13.43468547,52.47870799,5142.0
213951,11,5,5200423.0,2021,7,18,2,2,5,2,0,0,1,0,0,0,0,0,"780865,8489","5828328,661",13.14148464,52.53248877,758.0
213950,11,1,1100308.0,2021,8,9,2,3,3,6,0,0,1,0,1,0,0,0,"796900,441","5828886,852",13.37769015,52.52899512,4257.0
213949,11,12,12400619.0,2021,8,15,7,3,0,2,0,0,1,0,1,0,0,0,"787914,1391","5836258,344",13.25199,52.59990388,2477.0
213948,11,12,12500929.0,2021,8,19,2,3,8,1,0,0,1,0,0,0,0,0,"794957,4637","5839058,364",13.35818044,52.62122847,3984.0
213947,11,11,11401136.0,2021,8,15,6,3,6,7,0,0,0,1,0,0,1,0,"805986,0049","5826310,068",13.50883982,52.50087775,6249.0
213946,11,12,12500824.0,2021,7,9,6,3,2,2,0,0,1,0,0,0,0,0,"790625,009","5835958,367",13.29163995,52.59577248,2976.0
213945,11,7,7501135.0,2021,7,8,6,3,1,5,0,0,1,0,0,0,0,0,"798445,7757","5816906,725",13.38968302,52.4207642,4425.0
213944,11,11,11300721.0,2021,8,5,4,3,0,7,0,0,0,0,1,0,0,0,"805519,7022","5830054,868",13.50543058,52.53470133,6158.0
213943,11,12,12100205.0,2021,7,14,5,3,2,6,0,0,1,0,0,0,0,0,"794175,3141","5835403,446",13.34341137,52.5888892,3774.0
213942,11,9,9501941.0,2021,7,16,7,3,5,2,0,1,1,0,0,0,0,0,"811456,9733","5821168,832",13.58437785,52.45171019,7334.0
213941,11,8,8100102.0,2021,8,10,5,3,5,3,0,1,1,0,0,0,0,0,"800393,8504","5823322,784",13.42401367,52.4772087,4942.0
213940,11,4,4100101.0,2021,8,17,3,3,0,3,0,0,1,0,1,0,0,0,"792256,3024","5830681,918",13.31100513,52.54759702,3262.0
213939,11,5,5100210.0,2021,8,14,3,3,5,2,0,1,1,0,0,0,0,1,"783979,1491","5830107,246",13.1887792,52.54682256,1462.0
213938,11,3,3400721.0,2021,8,16,7,3,1,5,0,0,1,0,0,0,0,0,"797995,1948","5833054,935",13.39752027,52.56575904,4567.0
213937,11,4,4300518.0,2021,7,16,3,3,1,5,0,1,1,0,0,0,0,0,"792107,7281","5827787,65",13.30627646,52.5217304,3255.0
213936,11,5,5100209.0,2021,8,6,3,3,5,3,0,0,1,0,0,0,1,0,"782816,7465","5830408,383",13.17193939,52.55012737,1263.0
213935,11,8,8100103.0,2021,8,14,7,3,2,6,0,0,1,0,0,0,0,0,"800698,2152","5822922,714",13.42812093,52.47345525,5040.0
213934,11,6,6300631.0,2021,7,15,6,3,1,1,0,1,1,0,0,0,0,0,"792080,3235","5816497,153",13.29598819,52.42052695,3025.0
213933,11,1,1100310.0,2021,7,23,5,3,5,2,2,0,1,0,0,0,0,0,"799248,351","5828469,191",13.41182226,52.52396765,4755.0
213932,11,1,1100309.0,2021,8,21,5,3,6,2,1,0,1,1,0,0,0,0,"798658,55","5828820,48",13.40347026,52.52743985,4656.0
213931,11,8,8401139.0,2021,8,16,5,3,5,3,0,0,1,0,1,0,0,1,"803032,5161","5818606,981",13.4584674,52.43348333,5429.0
213930,11,1,1100206.0,2021,8,18,4,3,3,6,0,1,0,0,0,0,0,0,"797155,7471","5827713,407",13.38039411,52.51833741,4354.0
213929,11,10,10200524.0,2021,8,18,2,3,6,4,0,0,1,1,0,0,0,0,"812605,2084","5830464,949",13.60994124,52.53435872,7758.0
213928,11,9,9501939.0,2021,7,16,4,3,6,7,0,1,0,1,0,0,0,0,"811025,9991","5821821,089",13.57866378,52.45780079,7236.0
213927,11,10,10300734.0,2021,8,13,1,3,0,1,0,0,0,0,1,0,0,0,"809586,27","5824135,781",13.55968994,52.47936193,6942.0
213926,11,9,9200717.0,2021,7,7,6,3,5,3,0,0,1,0,0,0,1,0,"809469,2927","5819066,753",13.5532749,52.43400046,6829.0
213925,11,9,9200715.0,2021,7,22,1,3,8,1,2,0,1,0,0,0,0,0,"807861,9538","5818113,761",13.52882897,52.42636652,6527.0
213924,11,7,7200409.0,2021,8,15,6,3,1,5,0,1,1,0,0,0,0,0,"795798,8778","5824312,3",13.35743397,52.48858702,3945.0
213923,11,1,1200628.0,2021,8,20,2,3,5,2,1,1,1,0,0,0,0,1,"795541,821","5828196,459",13.35710727,52.5235446,3955.0
213922,11,9,9501941.0,2021,8,15,7,3,5,2,0,1,1,0,0,0,0,0,"811395,6627","5821164,189",13.58347422,52.45170351,7334.0
213921,11,2,2200210.0,2021,7,13,2,3,0,3,0,0,1,0,0,0,1,0,"797965,4261","5824895,725",13.38976986,52.49263857,4446.0
213920,11,4,4300412.0,2021,8,16,4,3,5,2,0,1,1,0,0,0,0,0,"790797,6792","5827378,319",13.28666463,52.518761,2954.0
213919,11,1,1100311.0,2021,7,13,4,3,5,2,0,1,1,0,0,0,0,0,"799606,792","5827991,155",13.41665912,52.51948597,4854.0
213918,11,11,11300620.0,2021,7,21,5,3,5,2,0,1,1,0,0,0,0,0,"803744,3482","5829272,426",13.47862209,52.52868084,5757.0
213917,11,3,3300411.0,2021,8,15,4,2,6,4,0,0,1,1,0,0,0,0,"803672,0703","5839096,993",13.48655638,52.61677441,5882.0
213916,11,4,4500939.0,2021,8,11,3,2,2,6,0,0,1,0,1,0,0,0,"792020,7834","5824050,829",13.30172099,52.48827706,3145.0