ObjectID,State,District,LOR_ab_2021,AccidentYear,AccidentMonth,AccidentHour,DayOfWeek,AccidentCategory,AccidentType,AccidentTypeDetail,LightingCondition,InvolvingBike,InvolvingCar,InvolvingPedestrian,InvolvingMotorcycle,InvolvingHGV,InvolvingOther,RoadCondition,GraphicCoord1,GraphicCoord2,LongitudeWGS84,LatitudeWGS84,quadrant
213915,11,4,4300624.0,2021,7,12,4,3,5,3,0,0,1,0,0,0,1,0,"793308,5822","5826154,555",13.3224854,52.50644579,3450.0
213914,11,1,1100308.0,2021,7,22,6,3,5,3,2,1,1,0,0,0,0,0,"797044,6328","5829327,236",13.38020296,52.53286411,4358.0
213913,11,1,1400942.0,2021,8,14,4,3,3,6,0,1,0,0,0,0,0,0,"794758,7343","5830894,641",13.34799169,52.5481557,3862.0
213912,11,4,4200311.0,2021,7,9,3,3,3,6,0,0,1,0,0,0,0,0,"790277,4871","5826014,014",13.27782962,52.50680703,2750.0
213911,11,3,3601450.0,2021,8,7,2,3,2,6,0,1,1,0,0,0,0,0,"802323,0667","5829859,76",13.45826896,52.53473511,5458.0
213910,11,5,5100315.0,2021,8,17,7,3,5,2,0,0,1,0,0,0,1,0,"784663,0843","5829704,516",13.19849288,52.54285474,1661.0
213909,11,8,8200624.0,2021,7,17,3,3,5,3,0,0,1,0,0,0,0,0,"801179,7485","5820596,796",13.4330902,52.45234202,5034.0
213908,11,1,1100415.0,2021,8,10,3,3,5,2,0,1,0,0,0,0,1,0,"797396,384","5829170,384",13.38523303,52.53126631,4357.0
213907,11,9,9200510.0,2021,8,19,1,3,2,6,0,0,1,0,0,0,0,0,"806402,4756","5823015,152",13.51192725,52.47111401,6240.0
213906,11,1,1401047.0,2021,7,8,6,3,1,5,0,1,1,0,0,0,0,0,"795657,6208","5830628,824",13.36097286,52.54528579,4061.0
213905,11,7,7501032.0,2021,7,15,6,3,5,3,0,1,1,0,0,0,0,0,"799319,0467","5819602,931",13.40490001,52.44445534,4632.0
213904,11,3,3200205.0,2021,8,8,4,3,2,6,0,1,1,0,0,1,0,0,"797867,2739","5836017,608",13.39830074,52.59238522,4575.0
213903,11,6,6300634.0,2021,7,8,5,3,5,2,0,1,1,0,0,0,0,0,"791394,5449","5817818,159",13.28708317,52.43273553,2929.0
213902,11,4,4501148.0,2021,8,13,5,3,5,3,0,0,1,0,0,0,0,0,"793020,9868","5823393,322",13.31583151,52.48184678,3343.0
213901,11,10,10100205.0,2021,8,12,5,3,5,2,0,1,1,0,0,0,0,0,"807991,5945","5832316,071",13.54385545,52.55357476,6764.0
213900,11,1,1200628.0,2021,8,17,3,3,5,3,0,1,1,0,0,0,0,0,"795530,4836","5828225,788",13.35696671,52.52381366,3955.0
213899,11,2,2500727.0,2021,8,12,1,3,1,5,0,0,1,0,0,0,1,0,"802368,1161","5828302,797",13.45751525,52.52075518,5454.0
213898,11,3,3701554.0,2021,7,22,4,3,1,5,2,1,1,0,0,0,0,0,"799065,9578","5830190,53",13.41069053,52.53949696,4760.0
213897,11,4,4300624.0,2021,8,19,2,3,0,2,0,0,1,0,1,0,0,0,"793314,0861","5826006,57",13.32243588,52.5051162,3450.0
213896,11,2,2100102.0,2021,7,9,6,3,2,6,0,1,0,0,0,0,0,0,"798250,6802","5825811,637",13.39477901,52.50069278,4548.0
213895,11,2,2400623.0,2021,7,19,6,3,0,1,1,0,0,0,0,0,1,0,"800694,8014","5827711,451",13.43239316,52.51638008,5053.0
213894,11,5,5200632.0,2021,7,19,5,3,5,3,0,1,0,0,0,0,0,0,"785148,9102","5828325,392",13.20445394,52.53023559,1657.0
213893,11,10,10400837.0,2021,8,18,6,3,1,5,0,1,1,0,0,0,0,0,"810011,235","5824747,516",13.56649619,52.48460303,7044.0
213892,11,12,12100103.0,2021,8,13,2,3,6,7,0,0,1,1,0,0,0,0,"795576,6869","5833237,808",13.36210617,52.56871678,4068.0
213891,11,11,11200512.0,2021,8,16,6,3,0,3,0,1,1,0,0,0,0,0,"803227,5961","5830239,613",13.47191028,52.53763717,5659.0
213890,11,4,4501044.0,2021,8,17,3,3,0,2,0,1,1,0,0,0,0,0,"793202,2246","5824545,857",13.3195066,52.49208158,3446.0
213889,11,2,2500833.0,2021,7,6,5,3,5,3,0,1,1,0,0,0,0,0,"802517,8379","5827266,908",13.45877336,52.51138754,5452.0
213888,11,2,2500832.0,2021,7,14,5,3,2,6,0,0,1,0,0,0,0,0,"803650,7885","5827406,436",13.47554383,52.51200863,5752.0
213887,11,5,5200526.0,2021,8,5,4,3,2,6,1,0,1,0,0,0,0,1,"782349,2269","5827040,8",13.16220147,52.52017485,1054.0
213886,11,12,12400723.0,2021,8,11,3,3,6,7,0,0,0,1,0,0,1,0,"791630,0392","5838486,762",13.30866368,52.61790053,3283.0
213885,11,4,4501150.0,2021,8,19,1,3,0,1,0,1,0,0,0,0,0,0,"793404,6673","5823926,637",13.32193461,52.48642173,3444.0
213884,11,11,11200514.0,2021,7,16,3,3,2,7,0,1,0,0,0,0,1,0,"803650,6054","5830098,651",13.47799921,52.53613826,5759.0
213883,11,4,4200310.0,2021,8,11,3,3,5,7,0,1,1,0,0,0,0,0,"789908,422","5826703,83",13.273008,52.51318759,2752.0
213882,11,4,4400830.0,2021,8,10,1,3,5,2,0,0,1,0,1,0,0,0,"791992,2329","5823184,074",13.30054244,52.48052198,3143.0
213881,11,8,8100104.0,2021,7,22,6,3,2,6,2,0,1,0,0,0,0,1,"800767,5212","5822742,78",13.428976,52.47180428,5040.0
213880,11,2,2100102.0,2021,7,18,5,3,5,3,0,0,1,0,0,0,1,0,"798346,1573","5825564,155",13.39595969,52.49842224,4548.0
213879,11,2,2500830.0,2021,8,18,6,3,1,5,0,1,1,0,0,0,0,0,"802465,0357","5827411,254",13.45812886,52.5127106,5452.0
213878,11,4,4400726.0,2021,8,10,2,3,2,6,0,0,1,0,0,0,0,0,"790858,5535","5824640,174",13.2851669,52.49418103,2847.0
213877,11,8,8401243.0,2021,8,13,6,3,5,3,0,0,1,0,1,0,0,0,"805345,2704","5817327,629",13.49121357,52.4207309,5925.0
213876,11,4,4300412.0,2021,8,14,3,2,0,7,0,1,0,0,0,0,0,0,"791408,0797","5827478,343",13.29572275,52.51933187,3054.0
213875,11,4,4500939.0,2021,8,19,2,3,5,3,0,0,1,0,0,0,0,1,"791968,5986","5824746,139",13.30156389,52.49453833,3147.0
213874,11,12,12500927.0,2021,7,20,4,3,1,1,0,1,0,0,0,0,1,0,"791638,0992","5835050,788",13.30575525,52.587094,3274.0
213873,11,8,8200623.0,2021,8,23,1,3,1,5,2,0,1,0,0,0,0,1,"801803,1797","5821111,17",13.44270149,52.45660864,5236.0
213872,11,10,10100313.0,2021,7,12,4,2,9,1,0,0,1,0,0,0,0,0,"808508,3799","5831158,717",13.55037846,52.54291039,6861.0
213871,11,12,12400618.0,2021,7,16,2,3,5,2,0,1,1,0,0,0,0,0,"787285,0743","5837905,432",13.24415746,52.61500337,2282.0
213870,11,3,3200308.0,2021,8,13,6,2,5,2,0,1,1,0,0,0,0,0,"799873,0238","5836930,401",13.42864826,52.59946464,5077.0
213869,11,1,1300730.0,2021,8,14,2,3,2,6,0,1,1,0,0,0,0,0,"796217,9461","5832202,364",13.37061549,52.55908657,4166.0
213868,11,1,1401047.0,2021,8,13,7,3,1,5,0,1,1,0,0,0,0,0,"795555,9475","5830712,304",13.35955218,52.54608928,4062.0
213867,11,3,3601142.0,2021,7,19,3,2,2,6,0,0,1,0,1,0,0,0,"798770,79","5830341,315",13.40648692,52.54101044,4660.0
213866,11,1,1100310.0,2021,8,13,4,3,3,6,0,0,1,0,1,0,0,0,"799554,4431","5827578,321",13.41551819,52.51581431,4853.0
213865,11,4,4501043.0,2021,7,16,4,3,5,3,0,1,1,0,0,0,0,0,"792912,1243","5824395,826",13.31511408,52.49089234,3346.0
213864,11,4,4500937.0,2021,7,11,5,3,0,6,0,0,1,0,0,0,1,0,"791663,9424","5825126,78",13.29742241,52.49811363,3048.0
213863,11,4,4400729.0,2021,8,10,4,2,3,6,0,0,0,0,1,0,1,0,"789366,3444","5822911,491",13.2617478,52.479476,2542.0
213862,11,6,6200311.0,2021,8,16,2,3,2,3,0,1,1,0,0,0,0,0,"796241,3386","5818273,471",13.3585719,52.43421386,3929.0
213861,11,4,4100101.0,2021,7,19,5,3,5,3,0,0,1,0,0,0,1,0,"790679,5539","5829741,196",13.28699463,52.54000714,2960.0
213860,11,7,7300619.0,2021,7,9,6,3,5,2,0,0,1,0,0,0,0,0,"795415,2093","5820992,572",13.3488596,52.4590357,3836.0
213859,11,6,6300630.0,2021,8,7,4,3,1,5,0,0,1,0,1,0,0,0,"793196,3177","5818204,143",13.31384857,52.43523305,3329.0
213858,11,5,5200421.0,2021,8,0,4,2,1,5,2,0,1,0,0,0,1,0,"780986,3949","5828559,604",13.14345234,52.53449741,758.0
213857,11,1,1100207.0,2021,8,6,2,3,5,3,0,1,0,0,0,0,1,0,"797909,1064","5826571,917",13.39044218,52.50769435,4450.0
213856,11,8,8100209.0,2021,8,11,7,3,5,7,0,0,0,0,1,0,1,0,"801924,5405","5821930,548",13.44522324,52.46388586,5238.0
213855,11,8,8100206.0,2021,7,12,3,3,2,6,0,0,1,0,0,0,1,0,"800851,5796","5823834,976",13.43119506,52.48154771,5043.0
213854,11,4,4501153.0,2021,8,18,3,3,5,2,0,1,0,0,0,0,0,0,"794187,0039","5823237,094",13.33281439,52.47981933,3642.0
213853,11,1,1100310.0,2021,8,13,1,3,2,6,0,0,1,0,0,0,0,0,"799097,0112","5827598,914",13.40881573,52.51624994,4753.0
213852,11,4,4500936.0,2021,7,13,7,3,5,2,0,1,1,0,0,0,0,0,"792091,0135","5825297,824",13.30384568,52.49941859,3148.0
213851,11,6,6200315.0,2021,7,11,7,3,0,7,0,0,1,0,0,0,0,0,"794996,1721","5817317,679",13.33946588,52.42631861,3727.0
213850,11,11,11300620.0,2021,8,7,5,3,1,5,0,0,1,0,0,0,0,0,"804205,1628","5829318,724",13.48543642,52.52883885,5857.0
213849,11,1,1400942.0,2021,7,16,5,3,1,6,0,0,1,0,0,0,1,0,"794778,8521","5830356,026",13.34780949,52.54331654,3861.0
213848,11,4,4300415.0,2021,8,14,5,2,1,7,0,0,1,0,0,0,0,0,"791262,6563","5825878,632",13.29218546,52.50506826,3050.0
213847,11,8,8401243.0,2021,8,12,5,3,2,2,0,1,1,0,0,0,0,0,"805564,8917","5817120,783",13.49424423,52.41875443,6024.0
213846,11,1,1300836.0,2021,8,11,3,3,5,3,0,0,1,0,0,0,0,0,"796438,174","5830101,742",13.37197936,52.54013692,4160.0
213845,11,8,8100521.0,2021,8,13,1,3,5,3,0,1,1,0,0,0,0,0,"803954,9449","5822026,434",13.47510543,52.46361964,5738.0
213844,11,1,1200520.0,2021,7,12,4,3,2,3,0,0,0,0,1,0,0,0,"794333,6514","5828947,538",13.340016,52.53093109,3757.0
213843,11,5,5100316.0,2021,8,5,2,3,6,4,0,0,1,1,0,0,0,1,"784035,6121","5829035,851",13.18869355,52.53718691,1459.0
213842,11,5,5100206.0,2021,7,18,2,3,5,3,0,1,0,0,0,0,1,0,"781952,6562","5830973,192",13.15970913,52.55563965,1065.0
213841,11,7,7400721.0,2021,7,21,1,3,0,1,2,1,0,0,0,0,0,1,"798737,9702","5823956,308",13.40027285,52.48379568,4644.0
213840,11,9,9200510.0,2021,8,7,6,3,2,2,0,1,1,0,0,0,0,0,"806067,3297","5823415,202",13.50737572,52.4748873,6141.0
213839,11,4,4501042.0,2021,8,12,2,3,3,6,0,0,1,0,0,0,0,0,"794037,7215","5826118,2",13.33316527,52.5057274,3650.0
213838,11,10,10300734.0,2021,8,10,5,3,0,3,0,0,1,0,0,0,1,0,"809552,3064","5827024,341",13.56187494,52.50526762,7050.0
213837,11,8,8100102.0,2021,7,17,1,3,5,2,0,1,1,0,0,0,0,0,"800176,9878","5823657,656",13.42113163,52.48032955,4942.0
213836,11,1,1401045.0,2021,8,18,4,3,2,6,0,0,1,0,0,0,0,0,"796491,937","5831909,744",13.37438395,52.55631445,4265.0
213835,11,9,9501838.0,2021,7,10,4,2,0,3,0,1,0,0,0,0,1,1,"821559,9261","5819111,681",13.73056376,52.42743056,9527.0
213834,11,4,4200310.0,2021,7,16,5,3,3,6,0,1,0,0,0,0,1,0,"789698,2176","5826433,437",13.26968374,52.51087515,2651.0
213833,11,4,4500937.0,2021,8,14,3,3,5,2,0,0,1,0,0,0,0,0,"790957,6668","5824827,808",13.28678656,52.49581035,2947.0
213832,11,12,12200412.0,2021,7,12,3,3,5,3,0,0,1,0,1,0,0,0,"791133,4903","5833990,532",13.29739661,52.57785935,3071.0
213831,11,8,8200725.0,2021,7,9,2,3,5,3,0,0,1,0,0,0,0,0,"800421,727","5819269,435",13.42077533,52.44086134,4931.0
213830,11,2,2500727.0,2021,8,19,6,3,5,3,0,1,0,0,0,0,0,0,"802686,4931","5828097,246",13.46200628,52.51873623,5554.0
213829,11,5,5200631.0,2021,8,19,2,3,5,3,0,0,1,0,0,0,0,1,"785105,774","5827527,563",13.20313565,52.52310486,1655.0
213828,11,8,8100415.0,2021,8,18,6,2,0,3,0,1,0,0,0,0,0,0,"801850,981","5823335,358",13.44541477,52.47651805,5241.0
213827,11,4,4501045.0,2021,7,19,5,3,6,7,0,0,0,1,0,0,1,1,"793920,2156","5825284,958",13.33070351,52.49832112,3548.0
213826,11,8,8200622.0,2021,7,15,6,2,1,5,0,1,1,0,0,0,0,0,"801332,9523","5821307,541",13.43597928,52.45862822,5136.0
213825,11,12,12100101.0,2021,8,21,3,3,5,3,2,0,1,1,0,0,0,0,"796641,4958","5832413,406",13.37703368,52.56074776,4266.0
213824,11,9,9501838.0,2021,8,15,4,3,6,7,0,1,0,1,0,0,0,0,"820240,6256","5819599,265",13.71169339,52.43257297,9229.0
213823,11,1,1100310.0,2021,7,15,4,3,0,7,0,1,0,0,0,0,0,0,"799678,2428","5828722,299",13.41836779,52.52600026,4856.0
213822,11,9,9502043.0,2021,7,10,7,3,2,6,0,0,1,0,0,0,0,0,"809740,1907","5822045,41",13.56000854,52.46054129,6937.0
213821,11,8,8200622.0,2021,8,12,5,3,5,3,0,1,1,0,0,0,0,0,"801230,5256","5821683,794",13.43481586,52.46205716,5137.0
213820,11,2,2200208.0,2021,8,13,4,2,5,3,0,1,1,0,0,0,0,0,"797542,2168","5824998,87",13.38364689,52.493794,4346.0
213819,11,10,10400837.0,2021,8,22,2,2,4,1,2,0,1,0,0,0,0,0,"810218,5054","5824206,643",13.56903551,52.47963822,7142.0
213818,11,4,4200311.0,2021,7,18,4,3,5,2,0,1,1,0,0,0,0,0,"790515,2979","5826208,741",13.28149357,52.50842618,2851.0
213817,11,7,7100206.0,2021,7,19,1,3,2,6,0,0,1,0,1,0,0,0,"796897,95","5824764,424",13.37397616,52.49204325,4246.0
213816,11,3,3200309.0,2021,8,14,6,2,5,3,0,0,1,0,1,0,0,0,"800089,2842","5837540,295",13.43238455,52.60481189,5079.0
213815,11,9,9200819.0,2021,8,17,2,3,2,6,1,0,1,0,0,0,0,1,"810528,178","5820315,65",13.56996103,52.44459263,7132.0
213814,11,2,2100101.0,2021,8,12,6,3,5,2,0,0,1,0,0,0,1,0,"797323,1764","5826240,534",13.38153853,52.50504351,4350.0
213813,11,10,10200418.0,2021,7,6,3,3,4,5,0,1,1,0,0,0,0,0,"810815,0959","5831042,384",13.58417487,52.54055705,7360.0
213812,11,1,1300732.0,2021,8,8,5,3,0,1,0,1,0,0,0,0,0,0,"797684,2261","5832852,215",13.39276408,52.56411205,4467.0
213811,11,4,4300518.0,2021,7,17,5,3,2,6,0,0,1,0,0,0,0,1,"792208,7892","5828619,323",13.30849256,52.52913198,3257.0
213810,11,7,7601341.0,2021,7,11,7,3,6,4,0,0,1,1,0,0,0,0,"796654,6029","5815850,49",13.3624845,52.41226974,4023.0
213809,11,8,8200832.0,2021,8,1,4,3,1,5,2,0,1,0,0,0,0,0,"800386,3716","5816767,35",13.41800929,52.4184532,4824.0
213808,11,5,5200423.0,2021,8,13,4,2,5,3,0,0,1,0,1,0,0,0,"781750,1683","5828440,382",13.1545818,52.5330341,958.0
213807,11,1,1200520.0,2021,7,19,5,2,0,1,0,1,0,0,0,0,0,0,"794574,3345","5828704,155",13.34333819,52.52861931,3757.0
213806,11,7,7100204.0,2021,8,8,4,3,4,6,0,1,0,0,0,0,0,0,"795620,2329","5824501,044",13.35497803,52.49037573,3945.0
213805,11,11,11300725.0,2021,8,9,4,3,5,3,0,1,1,0,0,0,0,0,"805261,6503","5827711,334",13.49948684,52.5138422,6052.0
213804,11,11,11200513.0,2021,8,14,2,3,5,2,0,1,1,0,0,0,0,0,"804193,4886","5830672,751",13.48650412,52.54098093,5860.0
213803,11,7,7400721.0,2021,8,11,7,3,3,6,0,0,1,0,1,0,0,0,"798225,6896","5823979,492",13.39277204,52.48428353,4444.0
213802,11,12,12601032.0,2021,7,11,4,3,0,3,0,0,1,0,1,0,0,0,"793545,3591","5837395,444",13.33590523,52.60708639,3680.0
213801,11,3,3400831.0,2021,8,17,3,3,5,2,0,0,0,0,1,0,0,0,"800063,2766","5833885,816",13.42869187,52.57207053,5069.0
213800,11,8,8100206.0,2021,8,21,7,3,2,2,2,0,1,0,0,0,0,1,"800725,2016","5823801,521",13.42930953,52.48131745,5043.0
213799,11,8,8100521.0,2021,7,15,6,3,5,3,0,0,1,0,0,0,0,0,"802371,3847","5822703,547",13.452481,52.47056723,5340.0
213798,11,6,6100205.0,2021,7,4,7,3,0,1,2,0,1,0,1,0,0,0,"795821,3109","5819717,801",13.35368994,52.44738862,3933.0
213797,11,8,8200725.0,2021,8,11,4,3,0,6,0,1,1,0,0,0,0,0,"800442,0999","5819482,205",13.42126544,52.44275731,4932.0
213796,11,3,3300516.0,2021,7,17,6,3,0,1,0,0,0,0,1,0,0,0,"801327,2499","5833164,998",13.44663133,52.56491158,5267.0
213795,11,3,3601141.0,2021,7,0,6,3,5,2,2,1,1,0,0,0,0,0,"799243,5467","5831771,416",13.41472556,52.55356963,4864.0
213794,11,3,3200309.0,2021,8,10,5,3,1,5,0,1,1,0,0,0,1,0,"800508,1141","5837965,429",13.4389366,52.60839104,5180.0
213793,11,8,8401242.0,2021,8,16,5,3,5,7,0,0,1,0,0,0,0,0,"805209,214","5817320,637",13.48921266,52.42074413,5925.0
213792,11,4,4100101.0,2021,8,15,3,3,5,2,0,0,1,0,0,0,0,1,"793341,4146","5829716,24",13.32610912,52.538357,3559.0
213791,11,8,8301036.0,2021,8,23,1,2,5,2,2,0,1,0,0,0,0,0,"803734,396","5818004,535",13.4682128,52.42769437,5627.0
213790,11,3,3300516.0,2021,7,10,4,3,0,1,0,0,0,0,1,0,0,0,"801135,5109","5833554,526",13.44416472,52.56850902,5268.0
213789,11,2,2400623.0,2021,8,14,1,3,5,3,0,1,1,0,0,0,0,0,"800465,8266","5827611,906",13.42893903,52.51561402,5053.0
213788,11,10,10100315.0,2021,7,15,2,3,6,2,0,0,1,1,0,0,0,0,"809861,8342","5831140,809",13.57025581,52.54198195,7161.0
213787,11,9,9200717.0,2021,7,12,2,3,0,1,0,1,1,0,0,0,0,0,"809268,4329","5819602,638",13.5508255,52.43891661,6830.0
213786,11,2,2100101.0,2021,8,14,6,3,5,2,0,1,1,0,0,0,0,0,"797389,4403","5826181,767",13.38245944,52.50448062,4350.0
213785,11,4,4501152.0,2021,8,12,2,3,0,1,0,0,0,0,1,0,0,0,"793994,1197","5824221,246",13.33085038,52.48874567,3545.0
213784,11,10,10200629.0,2021,8,14,6,3,5,7,0,1,1,0,0,0,0,0,"811123,1119","5828638,372",13.58645234,52.51883816,7354.0
213783,11,2,2500832.0,2021,7,14,1,3,2,6,0,0,1,0,0,0,0,0,"803653,823","5827412,532",13.47559397,52.51206158,5752.0
213782,11,12,12100205.0,2021,8,17,4,3,0,1,0,1,1,0,0,0,0,0,"794958,0233","5833112,53",13.35289323,52.56792934,3968.0
213781,11,7,7300515.0,2021,7,12,4,3,5,2,0,1,1,0,0,0,0,0,"793898,6713","5822405,714",13.3278483,52.47252163,3540.0
213780,11,2,2300419.0,2021,7,10,5,3,3,6,0,1,1,0,0,0,0,0,"801367,2517","5825876,977",13.44061232,52.49956625,5248.0
213779,11,2,2500836.0,2021,8,10,3,3,5,2,0,1,1,0,0,0,0,0,"803615,3134","5825610,68",13.47338524,52.49593344,5647.0
213778,11,11,11200410.0,2021,8,20,2,2,3,6,0,0,1,0,1,0,0,0,"804631,224","5832794,487",13.4948851,52.55975236,6066.0
213777,11,8,8100209.0,2021,7,12,3,3,5,3,0,0,1,0,0,0,0,0,"801367,4181","5821958,636",13.43707284,52.46444516,5138.0
213776,11,8,8401244.0,2021,7,8,3,3,5,3,0,1,1,0,0,0,0,0,"806093,9948","5816589,358",13.50151421,52.41369586,6123.0
213775,11,1,1100205.0,2021,8,8,2,3,1,5,0,1,1,0,0,0,0,0,"797421,1114","5826919,789",13.38358407,52.51107888,4351.0
213774,11,11,11400929.0,2021,8,12,7,2,5,3,0,0,1,0,1,0,0,0,"804871,4407","5826264,843",13.49242977,52.50109623,5949.0
213773,11,2,2100101.0,2021,8,14,2,3,5,2,0,1,0,0,0,0,1,0,"797763,085","5826046,03",13.38782671,52.50306012,4449.0
213772,11,1,1300834.0,2021,8,18,7,3,5,2,0,1,1,0,0,0,0,0,"797904,744","5831002,94",13.39434811,52.54741519,4562.0
213771,11,1,1100206.0,2021,7,15,6,3,5,3,0,0,1,0,1,0,0,0,"797717,7343","5828156,265",13.38904838,52.52200058,4455.0
213770,11,1,1401046.0,2021,7,13,6,3,2,6,0,0,1,0,0,0,0,0,"794698,2018",5829992,13.34630075,52.54009695,3860.0
213769,11,2,2200210.0,2021,8,9,5,3,5,3,0,0,1,0,0,0,1,0,"798318,9359","5824984,689",13.39504095,52.49324294,4546.0
213768,11,4,4200203.0,2021,7,10,5,3,5,3,0,0,1,0,0,0,1,0,"787588,3555","5827969,734",13.24000876,52.52576537,2256.0
213767,11,1,1100310.0,2021,8,23,5,3,0,1,2,1,0,0,0,0,0,0,"799719,9207","5828660,88",13.41892493,52.52542682,4856.0
213766,11,5,5200629.0,2021,8,17,4,2,0,6,0,0,1,0,0,0,1,0,"783905,6144","5828701,123",13.18649607,52.53425344,1458.0
213765,11,3,3701556.0,2021,8,14,3,3,5,3,0,1,1,0,0,0,0,0,"799695,6264","5829224,722",13.41907613,52.53049413,4857.0
213764,11,4,4300518.0,2021,8,18,1,3,6,7,0,0,1,1,0,0,0,0,"792574,5559","5828074,223",13.3133894,52.52404915,3355.0
213763,11,2,2200210.0,2021,7,18,4,3,3,6,0,0,1,0,1,0,0,0,"797968,1037","5824895,048",13.38980857,52.49263104,4446.0
213762,11,1,1100308.0,2021,8,12,3,3,1,5,0,1,1,0,0,0,0,0,"797114,8487","5829245,328",13.38116186,52.53209163,4358.0
213761,11,7,7100101.0,2021,8,21,7,3,6,2,2,0,1,1,0,0,0,1,"794965,0962","5824893,375",13.3457043,52.4942471,3747.0
213760,11,9,9401329.0,2021,7,14,7,3,0,3,0,0,1,0,0,0,1,0,"811976,0401","5819352,768",13.590296,52.43513974,7429.0
213759,11,2,2200211.0,2021,8,12,5,3,0,3,0,0,1,0,1,0,0,0,"797812,3793","5824588,546",13.38724773,52.48996858,4445.0
213758,11,4,4500938.0,2021,7,16,6,3,5,3,0,1,1,0,0,0,0,0,"791591,1519","5825066,576",13.29630048,52.4976128,3048.0
213757,11,2,2500728.0,2021,8,19,5,3,6,7,0,1,0,1,0,0,0,0,"803101,245","5827718,009",13.46775461,52.51510684,5653.0
213756,11,1,1100310.0,2021,8,20,4,2,0,1,1,0,0,0,1,0,0,0,"798819,0234","5828245,443",13.405312,52.52219753,4655.0
213755,11,11,11200513.0,2021,8,17,4,3,5,3,0,0,1,0,0,0,0,0,"804670,6005","5830738,263",13.49357754,52.54130154,5960.0
213754,11,4,4300622.0,2021,8,16,2,3,0,6,0,0,1,0,0,0,1,0,"793782,4144","5826063,116",13.32936593,52.50537113,3550.0
213753,11,3,3300514.0,2021,7,10,4,3,2,6,0,1,1,0,0,0,0,0,"801614,2393","5836183,221",13.45359851,52.59180476,5475.0
213752,11,2,2100101.0,2021,8,11,2,3,5,3,0,0,1,0,0,0,1,0,"797393,2599","5826189,305",13.38252228,52.5045461,4350.0
213751,11,4,4300517.0,2021,8,13,2,3,5,2,0,0,1,0,0,0,0,0,"791469,7196","5828283,586",13.29733433,52.52651781,3056.0
213750,11,3,3601245.0,2021,8,16,7,3,5,2,0,0,1,0,0,0,1,0,"800565,9422","5831408,389",13.43384281,52.54958762,5163.0
213749,11,11,11300721.0,2021,7,15,3,3,3,6,0,0,1,0,0,0,0,0,"804350,7906","5829884,669",13.48809465,52.53382988,5958.0
213748,11,7,7300619.0,2021,8,1,3,3,0,1,2,0,0,0,1,0,0,0,"796075,4265","5822848,696",13.36019522,52.47531711,4041.0
213747,11,11,11100206.0,2021,8,12,1,2,6,4,0,1,0,1,0,0,0,0,"805214,3315","5834352,082",13.50489309,52.57338549,6170.0
213746,11,12,12500825.0,2021,7,16,6,3,0,1,0,0,0,0,1,0,0,1,"792079,6122","5834850,602",13.31207724,52.58506254,3273.0
213745,11,4,4500937.0,2021,7,19,1,3,6,4,0,0,1,1,0,0,0,1,"791272,6516","5824998,497",13.29156247,52.49717256,2947.0
213744,11,3,3200206.0,2021,8,13,5,2,5,2,0,1,0,0,0,1,0,0,"798470,157","5834860,83",13.40613227,52.58168599,4672.0
213743,11,2,2400521.0,2021,7,11,5,3,5,3,0,1,1,0,0,0,0,0,"801251,6609","5827850,98",13.44070112,52.5173234,5253.0
213742,11,10,10200423.0,2021,7,19,6,3,6,4,0,0,1,1,0,0,0,0,"813222,866","5831123,279",13.61963807,52.53990338,7860.0
213741,11,6,6200421.0,2021,8,19,5,3,3,6,0,0,1,0,1,0,0,0,"793289,1002","5817691,731",13.31476,52.43058964,3328.0
213740,11,8,8200727.0,2021,8,15,5,2,5,3,0,0,1,0,1,0,0,1,"802556,2014","5819114,577",13.45194184,52.43829664,5330.0
213739,11,1,1100103.0,2021,8,17,3,3,5,2,0,1,1,0,0,0,0,1,"795335,9489","5826147,945",13.35226349,52.50529284,3850.0
213738,11,2,2500830.0,2021,8,14,7,3,5,3,0,0,1,0,1,0,0,0,"802435,6013","5827419,305",13.45770376,52.51279907,5452.0
213737,11,6,6100204.0,2021,7,20,5,3,3,6,1,0,1,0,1,0,0,0,"795433,159","5820396,679",13.34859576,52.45368421,3835.0
213736,11,3,3601141.0,2021,8,20,1,3,0,7,1,1,1,0,0,0,0,1,"798990,5676","5831815,793",13.41104537,52.55410633,4764.0
213735,11,5,5100316.0,2021,7,18,7,2,2,6,0,0,1,0,1,0,0,0,"785317,8676","5829279,614",13.20775708,52.53870262,1760.0
213734,11,8,8200623.0,2021,8,11,5,2,5,3,0,0,1,0,0,0,0,0,"802673,7243","5820767,607",13.45516295,52.45304788,5435.0
213733,11,1,1300836.0,2021,8,12,6,3,5,3,0,1,0,0,0,0,1,0,"797150,8611","5831087,345",13.38333864,52.54858351,4362.0
213732,11,5,5200629.0,2021,8,12,2,3,2,6,0,0,1,0,0,0,0,0,"784727,238","5828635,305",13.19852011,52.53323469,1658.0
213731,11,7,7601442.0,2021,8,12,6,3,6,2,0,0,1,1,0,0,0,0,"798697,6529","5816021,247",13.39258564,52.41268946,4423.0