ObjectID,State,District,LOR_ab_2021,AccidentYear,AccidentMonth,AccidentHour,DayOfWeek,AccidentCategory,AccidentType,AccidentTypeDetail,LightingCondition,InvolvingBike,InvolvingCar,InvolvingPedestrian,InvolvingMotorcycle,InvolvingHGV,InvolvingOther,RoadCondition,GraphicCoord1,GraphicCoord2,LongitudeWGS84,LatitudeWGS84,quadrant
213730,11,7,7200307.0,2021,7,15,1,3,5,2,0,1,1,0,0,0,0,0,"794961,5179","5824328,087",13.34515132,52.48918161,3745.0
213729,11,1,1200626.0,2021,8,17,4,3,0,1,0,1,0,0,0,0,0,0,"794971,0323","5827987,175",13.34853301,52.52197763,3855.0
213728,11,1,1200517.0,2021,7,13,4,3,0,7,0,0,1,0,0,0,0,0,"794876,2039","5829526,906",13.34850504,52.53583145,3859.0
213727,11,8,8100311.0,2021,7,9,5,3,3,6,0,1,0,0,0,0,0,0,"800504,0242","5824471,695",13.42666657,52.48744623,4945.0
213726,11,10,10100102.0,2021,8,14,4,3,5,2,0,0,1,0,0,0,0,0,"809346,0536","5834284,202",13.56560394,52.57044474,7069.0
213725,11,7,7400823.0,2021,8,11,3,3,0,1,0,0,0,0,1,0,0,0,"797326,6603","5821848,255",13.37767176,52.46566949,4238.0
213724,11,9,9200819.0,2021,7,11,2,3,5,3,0,0,1,0,1,0,0,0,"810044,494","5819412,893",13.56202984,52.43677678,7030.0
213723,11,11,11501339.0,2021,8,11,2,3,2,6,0,0,1,0,0,1,0,0,"807291,7999","5825401,491",13.52717804,52.49200125,6446.0
213722,11,4,4501042.0,2021,8,13,7,2,0,1,0,1,0,0,0,0,0,0,"793980,0235","5825547,147",13.33181344,52.5006393,3548.0
213721,11,12,12100101.0,2021,7,8,2,3,1,5,0,0,1,0,0,0,1,0,"796217,7288","5832374,705",13.37076612,52.56063155,4166.0
213720,11,1,1300733.0,2021,8,19,3,3,3,3,0,0,1,0,0,0,1,0,"797506,7139","5831285,862",13.38874903,52.55016874,4463.0
213719,11,3,3400618.0,2021,8,22,6,3,5,2,2,1,1,0,0,0,0,1,"795812,0466","5836444,331",13.36843071,52.59733201,4177.0
213718,11,2,2500832.0,2021,7,17,5,2,2,6,0,0,1,0,1,0,0,1,"803653,823","5827412,532",13.47559397,52.51206158,5752.0
213717,11,2,2200212.0,2021,7,10,6,3,0,5,0,0,1,0,0,0,0,0,"799570,8214","5824507,749",13.41299651,52.48828225,4745.0
213716,11,1,1100308.0,2021,8,10,5,3,0,1,0,1,0,0,0,0,0,0,"796852,2878","5828107,478",13.37628666,52.52203511,4255.0
213715,11,1,1401046.0,2021,7,6,5,3,0,1,1,1,0,0,0,0,0,0,"795331,964","5830378,769",13.35596217,52.54322089,3961.0
213714,11,6,6300629.0,2021,8,12,5,3,6,4,0,0,1,1,0,0,0,0,"792556,4171","5819602,683",13.30568687,52.44811345,3233.0
213713,11,9,9200511.0,2021,8,17,5,3,5,7,0,0,1,0,0,0,1,0,"807285,1328","5821795,389",13.52375776,52.45968648,6436.0
213712,11,1,1300732.0,2021,8,18,3,3,0,1,0,1,0,0,0,0,0,1,"797232,5877","5832076,241",13.38542571,52.55740316,4365.0
213711,11,1,3601142.0,2021,8,18,1,3,2,6,0,0,1,0,0,0,0,0,"798574,661","5830259,339",13.40352989,52.54038313,4660.0
213710,11,8,8200727.0,2021,7,12,4,3,5,7,0,0,1,0,1,0,0,0,"801308,1311","5819536,81",13.4340177,52.44277026,5132.0
213709,11,10,10100209.0,2021,8,7,3,3,6,4,0,0,1,1,0,0,0,0,"810009,8144","5832292,469",13.5735058,52.55221836,7164.0
213708,11,1,1401049.0,2021,8,3,1,3,0,7,2,0,0,0,0,0,1,1,"796204,1594","5831951,515",13.37018884,52.55684547,4165.0
213707,11,5,5200631.0,2021,7,13,6,3,3,6,0,0,1,0,1,0,0,0,"784769,1151","5827082,931",13.1978063,52.51929422,1554.0
213706,11,6,6400844.0,2021,8,14,5,3,0,5,0,0,1,0,0,0,0,0,"791483,2297","5821624,838",13.29170595,52.46681537,2939.0
213705,11,4,4200311.0,2021,7,10,6,3,5,3,0,1,1,0,0,0,0,0,"790492,367","5826123,116",13.28108192,52.50767076,2850.0
213704,11,4,4400728.0,2021,8,7,6,3,5,2,0,1,1,0,0,0,0,0,"790732,5704","5823473,786",13.28229885,52.48379139,2844.0
213703,11,9,9200715.0,2021,8,11,2,3,2,6,0,0,1,0,1,0,0,0,"807714,1472","5818297,934",13.52683145,52.42810026,6427.0
213702,11,2,2500726.0,2021,8,16,6,2,5,3,0,1,1,0,0,0,0,0,"801889,867","5828454,222",13.45062546,52.52237738,5355.0
213701,11,8,8100311.0,2021,8,12,4,3,1,5,0,1,1,0,0,0,0,0,"800569,9648","5824655,6",13.42780064,52.48905834,5045.0
213700,11,6,6300528.0,2021,8,9,2,3,2,6,0,0,1,0,0,0,0,0,"790837,1026","5817587,579",13.2787062,52.430965,2828.0
213699,11,1,1200626.0,2021,7,15,4,3,0,5,0,1,0,0,0,0,1,0,"795063,4678","5828274,087",13.35014599,52.52449955,3855.0
213698,11,1,1100308.0,2021,8,13,2,3,5,2,0,1,1,0,0,0,0,0,"796781,7288","5828830,452",13.37589498,52.52855419,4257.0
213697,11,8,8100105.0,2021,7,21,6,2,6,2,2,0,1,1,0,0,0,0,"800996,0199","5822155,497",13.43180003,52.46641441,5038.0
213696,11,1,1100309.0,2021,7,18,1,3,0,4,0,0,0,1,1,0,0,1,"798233,6733","5828407,135",13.39685516,52.52396735,4555.0
213695,11,2,2200210.0,2021,8,7,6,3,5,3,0,1,1,0,0,0,0,0,"797990,6562","5825270,06",13.3904752,52.49598026,4447.0
213694,11,5,5300839.0,2021,8,15,3,3,2,6,0,0,1,0,1,0,0,0,"788780,2614","5830379,209",13.25962259,52.54673698,2562.0
213693,11,3,3601141.0,2021,8,22,6,3,9,1,2,0,1,0,0,0,0,1,"799234,99","5831772,365",13.41460059,52.55358284,4864.0
213692,11,1,1100308.0,2021,7,16,3,3,0,7,0,1,0,0,0,0,0,0,"796869,321","5828791,451",13.37714757,52.5281569,4256.0
213691,11,9,9401534.0,2021,8,7,4,3,1,5,0,1,1,0,0,0,0,0,"810864,0527","5820557,859",13.57511226,52.44657238,7233.0
213690,11,2,2200210.0,2021,7,1,5,3,5,3,2,1,1,0,0,0,0,0,"798851,7004","5825115,225",13.40298195,52.49412158,4647.0
213689,11,9,9301025.0,2021,7,17,5,3,5,3,0,1,1,0,0,0,0,0,"811154,7775","5814910,859",13.57412491,52.39580075,7118.0
213688,11,11,11401136.0,2021,8,15,4,3,5,3,0,0,1,0,0,0,0,0,"805819,4464","5825881,062",13.50599985,52.4971262,6147.0
213687,11,1,1300732.0,2021,8,16,2,3,5,2,0,1,1,0,0,0,0,0,"797310,1946","5832297,141",13.38676497,52.55934089,4466.0
213686,11,11,11200410.0,2021,7,12,4,2,5,3,0,1,0,0,0,0,0,0,"805562,4584","5832831,403",13.50861343,52.55956147,6266.0
213685,11,1,1100415.0,2021,7,8,6,3,2,6,0,0,1,0,0,0,0,0,"797446,3377","5829212,236",13.38600472,52.53161421,4357.0
213684,11,7,7300515.0,2021,8,15,4,2,5,3,0,1,0,0,0,0,0,0,"793778,4188","5822836,7",13.32646261,52.47644993,3541.0
213683,11,12,12200309.0,2021,7,10,3,3,3,6,0,0,1,0,0,0,0,0,"793545,4713","5832382,843",13.33146654,52.56215169,3566.0
213682,11,5,5100312.0,2021,8,19,2,3,0,2,0,0,1,0,1,0,0,1,"784621,8895","5830949,367",13.19895406,52.55403756,1664.0
213681,11,7,7501029.0,2021,8,16,7,2,5,3,0,0,0,0,1,0,1,0,"797105,7495","5819476,86",13.3723195,52.44453234,4132.0
213680,11,1,1100312.0,2021,7,18,3,3,5,3,0,1,1,0,0,0,0,0,"798916,6627","5826698,645",13.40535725,52.50827917,4651.0
213679,11,1,1100309.0,2021,6,14,4,3,0,5,0,0,1,0,0,0,1,0,"798931,2538","5828697,284",13.40736737,52.52618612,4756.0
213678,11,5,5100208.0,2021,5,11,2,3,5,2,0,0,1,0,0,0,0,0,"782365,917","5830499,132",13.16538532,52.55117495,1163.0
213677,11,4,4300623.0,2021,6,14,2,3,2,7,0,0,1,0,1,0,0,0,"792744,6672","5826609,582",13.31460081,52.51082784,3351.0
213676,11,2,2400521.0,2021,7,17,2,3,3,6,0,0,0,0,1,0,1,0,"800401,1672","5827979,524",13.42832095,52.51894471,5054.0
213675,11,3,3500932.0,2021,7,19,6,3,5,2,0,1,1,0,0,0,0,0,"802070,7717","5832780,481",13.45721725,52.56105319,5466.0
213674,11,4,4400832.0,2021,7,13,6,3,6,7,0,0,1,1,0,0,0,1,"791318,3472","5822359,719",13.28992738,52.47349155,2940.0
213673,11,2,2200210.0,2021,6,9,5,3,0,1,0,0,0,0,1,0,0,0,"798309,5014","5825284,981",13.39517129,52.49593983,4547.0
213672,11,4,4200308.0,2021,6,12,5,3,3,6,0,1,0,0,0,0,1,0,"790268,8486","5827913,453",13.27935977,52.52384026,2855.0
213671,11,10,10200525.0,2021,6,12,2,3,5,3,0,1,1,0,0,0,0,0,"812926,4104","5830027,661",13.61424964,52.53025589,7757.0
213670,11,1,1100310.0,2021,5,13,2,3,3,6,0,1,0,0,0,0,0,0,"799455,2567","5827562,255",13.41404641,52.51572477,4853.0
213669,11,2,2300316.0,2021,6,19,6,3,5,2,0,1,0,0,0,0,0,0,"800737,0969","5826529,821",13.43194689,52.5057655,5050.0
213668,11,10,10100102.0,2021,6,16,5,3,6,4,0,0,1,1,0,0,0,0,"809480,9099","5834221,106",13.56752852,52.56980266,7069.0
213667,11,1,1200522.0,2021,7,6,6,3,5,2,0,1,1,0,0,0,0,1,"793684,327","5828104,47",13.32972665,52.52372366,3555.0
213666,11,4,4501148.0,2021,6,8,4,3,3,6,0,1,0,0,0,0,1,0,"792485,9072","5823597,066",13.30815344,52.48396017,3244.0
213665,11,6,6400843.0,2021,5,17,6,3,6,4,0,0,1,1,0,0,0,0,"791004,4574","5819297,381",13.28264948,52.44620467,2833.0
213664,11,8,8100419.0,2021,6,19,4,3,5,3,0,1,1,0,0,0,0,0,"802397,0976","5824036,207",13.45406675,52.48249771,5443.0
213663,11,12,12500926.0,2021,7,0,2,3,1,5,2,1,1,0,0,0,0,0,"793686,7617","5836139,043",13.33687276,52.5957473,3676.0
213662,11,1,1200517.0,2021,5,13,3,3,2,6,0,0,1,0,0,0,0,1,"793660,3233","5828117,137",13.32938506,52.52385014,3555.0
213661,11,1,1200520.0,2021,6,12,3,3,1,7,0,0,1,0,0,0,0,0,"794562,2335","5828887,068",13.34332239,52.53026554,3757.0
213660,11,5,5300736.0,2021,7,17,2,3,4,3,0,0,1,0,0,0,0,0,"786103,006","5829154,931",13.21919457,52.53717309,1959.0
213659,11,5,5100316.0,2021,7,14,3,3,2,7,0,0,1,0,0,0,0,0,"784961,232","5829428,306",13.20264048,52.54022241,1660.0
213658,11,10,10100312.0,2021,5,21,6,3,0,1,1,0,0,0,1,0,0,1,"808580,05","5830116,067",13.55046374,52.53352582,6858.0
213657,11,4,4501041.0,2021,6,11,4,3,0,6,0,0,0,0,0,0,1,0,"793052,8352","5825586,897",13.31822847,52.50149437,3349.0
213656,11,1,1100206.0,2021,7,17,7,3,5,2,0,1,1,0,0,0,0,0,"797159,5286","5827691,301",13.38042994,52.51813719,4354.0
213655,11,11,11300620.0,2021,6,13,3,3,5,7,0,0,1,0,0,0,1,0,"803670,8885","5829504,272",13.47775431,52.53079973,5757.0
213654,11,4,4501151.0,2021,6,16,6,3,2,6,0,0,1,0,0,0,0,0,"793742,6111","5823088,66",13.32615885,52.4787279,3542.0
213653,11,4,4200310.0,2021,6,9,3,3,5,3,0,0,1,0,0,0,0,0,"789878,7223","5826218,88",13.27214918,52.50885571,2751.0
213652,11,5,5300840.0,2021,6,4,3,3,0,7,1,0,0,0,1,0,0,1,"788076,2685","5829041,051",13.24810914,52.53511258,2359.0
213651,11,5,5100316.0,2021,6,18,7,3,2,6,0,0,1,0,0,0,0,0,"785279,746","5829297,226",13.20721165,52.53888049,1760.0
213650,11,4,4501045.0,2021,6,10,6,3,5,2,0,1,1,0,0,0,0,0,"793967,5361","5824934,109",13.33108894,52.49515045,3547.0
213649,11,4,4500936.0,2021,7,15,6,2,0,1,0,0,0,0,1,0,0,0,"792253,2244","5825476,936",13.30638565,52.50093745,3249.0
213648,11,9,9200715.0,2021,6,12,7,3,5,2,0,0,1,0,0,0,0,0,"808643,2493","5819165,42",13.54125377,52.43535141,6729.0
213647,11,10,10200524.0,2021,5,15,3,1,6,4,0,0,0,1,0,0,1,0,"812608,8911","5830318,532",13.60985766,52.53304456,7758.0
213646,11,8,8100311.0,2021,6,16,4,3,0,1,0,1,0,0,0,0,0,1,"800548,1945","5824804,397",13.42761517,52.49040405,5045.0
213645,11,3,3400828.0,2021,7,15,3,3,5,2,0,0,1,0,1,0,0,0,"799829,1278","5831979,991",13.42352503,52.55511712,4964.0
213644,11,10,10400837.0,2021,7,4,4,3,1,5,1,0,1,0,0,0,0,1,"811236,7152","5826738,004",13.58634428,52.50174347,7349.0
213643,11,9,9200715.0,2021,6,14,5,3,2,6,0,0,1,0,1,0,0,0,"807860,2984","5818113,778",13.52880472,52.4263676,6527.0
213642,11,2,2200210.0,2021,5,17,2,3,5,3,0,1,1,0,0,0,0,0,"798427,5585","5824793,411",13.39646482,52.49146899,4546.0
213641,11,1,1100309.0,2021,6,10,5,3,3,7,0,1,1,0,0,0,0,0,"797803,8594","5828823,214",13.39091128,52.52793191,4456.0
213640,11,9,9100407.0,2021,6,10,5,3,5,2,0,1,0,0,0,0,1,0,"806320,4984","5820907,375",13.50878991,52.45226927,6234.0
213639,11,1,1100309.0,2021,6,16,3,3,1,5,0,1,1,0,0,0,0,0,"798351,2011","5828607,352",13.39876195,52.52569773,4556.0
213638,11,4,4300619.0,2021,6,19,1,3,3,6,0,0,1,0,1,0,0,0,"792036,0832","5827372,961",13.30485943,52.51805119,3154.0
213637,11,12,12500824.0,2021,6,7,4,2,5,3,0,1,1,0,0,0,0,0,"790704,0018","5835380,527",13.2922957,52.59055003,3075.0
213636,11,10,10300731.0,2021,6,17,4,3,2,6,0,0,1,0,0,0,0,0,"809258,8935","5829710,117",13.56006222,52.52950312,6957.0
213635,11,3,3500934.0,2021,6,15,2,3,6,4,0,0,1,1,0,0,0,0,"800634,4926","5832185,125",13.4355541,52.55651181,5165.0
213634,11,7,7200412.0,2021,7,9,2,3,5,2,0,1,0,0,0,0,1,1,"796269,261","5822956,827",13.36313682,52.47618131,4041.0
213633,11,4,4501042.0,2021,6,23,7,3,5,3,2,0,1,0,0,0,1,0,"793528,6141","5825739,717",13.32535225,52.50260861,3449.0
213632,11,1,1300733.0,2021,6,23,4,2,5,3,2,0,1,0,0,0,1,1,"797154,4119","5831919,72",13.38413583,52.55604281,4365.0
213631,11,4,4100101.0,2021,7,6,5,2,5,2,0,0,1,0,0,0,1,0,"791286,3327","5830682,758",13.29674188,52.54812406,3062.0
213630,11,1,1100310.0,2021,6,13,6,3,6,4,0,0,0,1,1,0,0,0,"799723,45","5827459,837",13.41789463,52.51465943,4853.0
213629,11,4,4500937.0,2021,6,14,2,3,2,2,0,0,1,0,0,0,0,0,"791253,2323","5824992,311",13.29127181,52.49712746,2947.0
213628,11,5,5100210.0,2021,5,15,2,3,1,5,0,0,1,0,0,0,0,0,"783997,1288","5830089,705",13.18902864,52.54665592,1462.0
213627,11,7,7400928.0,2021,6,15,6,2,5,2,0,1,1,0,0,0,0,0,"799817,8729","5821320,554",13.41375924,52.45957812,4836.0
213626,11,6,6400839.0,2021,6,8,6,2,5,3,0,1,1,0,0,0,0,0,"787511,329","5817717,569",13.23003583,52.43388857,2029.0
213625,11,5,5100316.0,2021,6,15,3,3,2,2,0,0,1,0,0,0,0,0,"784783,1673","5828813,39",13.19949502,52.53480218,1658.0
213624,11,2,2300315.0,2021,6,19,6,2,4,6,0,0,1,0,0,0,0,0,"800283,764","5825835,612",13.42466177,52.49979274,4948.0
213623,11,2,2300316.0,2021,6,20,2,3,5,2,0,1,1,0,0,0,0,0,"801471,2191","5826031,622",13.44227926,52.50089493,5249.0
213622,11,1,1300835.0,2021,5,0,5,2,6,4,2,0,0,1,0,0,1,1,"797356,9737","5829964,422",13.38536419,52.53840541,4359.0
213621,11,11,11401136.0,2021,6,10,4,3,5,3,0,1,1,0,0,0,0,0,"806163,6857","5826005,164",13.51116894,52.49804545,6248.0
213620,11,1,1100310.0,2021,7,20,7,3,0,2,0,1,1,0,0,0,0,0,"799326,5602","5828429,861",13.41293619,52.52357219,4755.0
213619,11,4,4200311.0,2021,5,16,2,2,9,1,0,0,0,0,1,0,0,0,"790260,4268","5825468,359",13.27710326,52.50192424,2749.0
213618,11,2,2300419.0,2021,6,20,3,3,4,6,1,1,1,0,0,0,0,1,"800873,739","5825772,368",13.43326964,52.49890092,5048.0
213617,11,1,1200521.0,2021,7,12,3,2,6,7,0,1,0,1,0,0,0,0,"793675,6609","5828321,967",13.32979136,52.52567807,3556.0
213616,11,2,2200211.0,2021,7,16,6,3,0,1,0,0,0,0,1,0,0,1,"798396,7343","5824510,813",13.39575911,52.48895271,4545.0
213615,11,3,3601453.0,2021,6,14,2,3,5,3,0,1,0,0,0,0,0,0,"802549,1396","5828594,179",13.46044016,52.52326641,5555.0
213614,11,1,1100310.0,2021,6,19,5,3,0,1,0,0,0,0,1,0,0,0,"799141,0175","5828465,348",13.41024148,52.5239921,4755.0
213613,11,10,10200629.0,2021,6,15,6,3,5,3,0,1,1,0,0,0,0,0,"811035,2651","5829169,654",13.58565862,52.52364928,7355.0
213612,11,7,7200414.0,2021,6,23,5,3,0,3,2,1,1,0,0,0,0,0,"796540,0775","5823965,152",13.36800934,52.48507305,4144.0
213611,11,7,7601238.0,2021,6,10,2,3,5,2,0,1,1,0,0,0,0,0,"798520,4745","5816819,941",13.3907008,52.41994554,4425.0
213610,11,4,4400729.0,2021,6,15,3,3,2,6,0,0,1,0,1,0,0,0,"790617,7987","5822588,28",13.27984163,52.47591382,2841.0
213609,11,12,12200411.0,2021,6,3,1,3,8,1,2,0,1,0,0,0,0,0,"792920,8071","5832158,75",13.32207991,52.56047922,3466.0
213608,11,1,1100313.0,2021,6,6,7,3,8,1,0,0,1,0,0,0,0,0,"800354,3697","5826498,569",13.42629676,52.5056962,4950.0
213607,11,2,2300418.0,2021,7,19,7,3,5,5,0,1,1,0,0,0,0,0,"800778,7114","5825137,367",13.43130064,52.4932616,5046.0
213606,11,7,7400927.0,2021,6,7,4,3,1,5,0,1,1,0,0,0,0,0,"798339,2214","5821789,876",13.39248045,52.46459425,4438.0
213605,11,7,7100206.0,2021,6,13,6,3,2,6,0,0,1,0,0,0,1,0,"796759,2175","5824801,475",13.37197178,52.49245082,4146.0
213604,11,1,1100308.0,2021,6,11,4,3,2,6,0,1,1,0,0,0,0,0,"797246,3924","5829091,845",13.38295815,52.53064412,4357.0
213603,11,2,2100102.0,2021,5,16,2,3,2,6,0,0,1,0,0,0,0,0,"798440,5839","5826525,607",13.39820827,52.50698877,4550.0
213602,11,8,8100103.0,2021,6,7,4,3,5,2,0,0,1,0,1,0,0,1,"800623,3436","5823112,984",13.42719343,52.47520192,5041.0
213601,11,10,10400941.0,2021,7,8,2,3,5,3,0,1,0,0,0,0,1,1,"812399,9044","5824300,548",13.60113996,52.47923633,7542.0
213600,11,6,6300633.0,2021,7,16,4,3,1,5,0,1,1,0,0,0,0,0,"792040,0468","5818992,22",13.29757682,52.44291674,3032.0
213599,11,1,1400937.0,2021,6,19,4,3,0,5,0,1,1,0,0,0,0,0,"793733,892","5830080,696",13.33220149,52.54141272,3560.0
213598,11,8,8100312.0,2021,5,17,7,3,0,5,0,0,1,0,1,0,0,0,"801197,1369","5824083,926",13.43649307,52.48358862,5143.0
213597,11,11,11400929.0,2021,6,16,5,3,0,1,0,1,0,0,0,0,0,0,"805183,5979","5826239,779",13.49699121,52.50069712,6048.0
213596,11,9,9100304.0,2021,6,7,4,3,3,6,0,0,1,0,0,1,0,0,"804609,153","5822071,613",13.48474651,52.46366027,5838.0
213595,11,1,1300834.0,2021,7,22,6,2,2,6,2,0,1,0,0,0,0,1,"797925,2149","5830283,132",13.39400351,52.54095188,4560.0
213594,11,6,6400838.0,2021,6,11,3,3,5,3,0,1,1,0,0,0,0,0,"788377,465","5819115,497",13.24394729,52.44596591,2232.0
213593,11,4,4300622.0,2021,6,21,1,3,2,6,1,0,0,0,0,0,1,0,"793514,8244","5826493,34",13.32581411,52.50937193,3551.0
213592,11,3,3701555.0,2021,6,6,3,2,1,5,0,1,1,0,0,0,0,0,"799730,9682","5830115,354",13.42039875,52.53845776,4959.0
213591,11,3,3601245.0,2021,6,0,4,3,8,1,2,0,1,0,0,0,0,0,"800954,5466","5831228,635",13.43939377,52.54776192,5162.0
213590,11,1,1100207.0,2021,6,17,2,3,5,3,0,1,1,0,0,0,0,0,"798015,03","5826697,59",13.39211076,52.508763,4451.0
213589,11,5,5100317.0,2021,6,13,1,3,2,6,0,0,1,0,0,0,0,0,"787003,3065","5828154,756",13.23156849,52.52773251,2056.0
213588,11,8,8100417.0,2021,7,23,1,3,5,3,2,0,1,0,1,0,0,0,"802484,0542","5823140,332",13.45453071,52.47441979,5441.0
213587,11,2,2200213.0,2021,6,17,7,3,5,2,0,0,1,0,0,0,1,0,"800287,4348","5824794,559",13.42377729,52.49045936,4945.0
213586,11,6,6300527.0,2021,6,12,1,3,5,3,0,1,1,0,0,0,0,0,"790932,6776","5818162,939",13.28060869,52.43607239,2830.0
213585,11,7,7400823.0,2021,5,13,4,3,6,2,0,0,1,1,0,0,0,0,"797260,0477","5820743,711",13.37571048,52.45580459,4235.0
213584,11,6,6200313.0,2021,6,14,4,3,2,6,0,0,1,0,0,0,0,1,"795435,4757","5818360,148",13.34682901,52.43542671,3829.0
213583,11,3,3500935.0,2021,7,18,3,3,1,5,0,1,1,0,0,0,0,0,"801500,7503","5831218,926",13.44741567,52.54737289,5362.0
213582,11,6,6100206.0,2021,7,15,5,3,0,2,0,0,0,0,0,0,1,1,"794558,1501","5820095,549",13.33549066,52.45145696,3634.0
213581,11,2,1100102.0,2021,6,8,5,3,5,3,0,1,1,0,0,0,0,0,"796823,1573","5826065,056",13.37403685,52.50374279,4249.0
213580,11,2,2400624.0,2021,5,18,1,3,5,3,0,1,1,0,0,0,0,0,"801744,3314","5827421,724",13.44755048,52.51320359,5352.0
213579,11,11,11300617.0,2021,6,18,5,3,2,6,0,0,1,0,0,0,1,0,"803522,2899","5829724,803",13.47577179,52.53285904,5758.0
213578,11,10,10300734.0,2021,6,13,5,3,5,2,0,0,1,0,1,0,0,1,"809653,7464","5826357,59",13.56274473,52.49923487,7048.0
213577,11,1,1100310.0,2021,6,10,3,3,2,6,0,0,1,0,1,0,0,0,"798948,2775","5827851,575",13.40685742,52.51859623,4754.0
213576,11,11,11200513.0,2021,6,19,6,3,1,1,0,0,1,0,0,0,0,0,"804656,5181","5830747,835",13.49337931,52.54139519,5960.0
213575,11,7,7501029.0,2021,6,20,2,3,5,3,1,1,0,0,0,0,1,0,"797139,3227","5819500,231",13.3728328,52.4447236,4132.0
213574,11,1,1100101.0,2021,5,17,5,3,5,3,0,1,1,0,0,0,0,1,"794805,3351","5826009,331",13.34434572,52.50433723,3750.0
213573,11,9,9200715.0,2021,6,16,4,2,5,2,0,1,1,0,0,0,0,0,"808654,316","5819175,127",13.54142501,52.43543216,6729.0
213572,11,9,9501838.0,2021,5,19,1,3,0,1,0,1,0,0,0,0,0,0,"818439,8444","5820578,161",13.68622747,52.44239522,8831.0
213571,11,7,7100102.0,2021,6,16,2,3,1,5,0,0,1,0,0,0,1,0,"795097,3857","5825610,848",13.34828287,52.50060724,3848.0
213570,11,2,2300314.0,2021,7,21,2,2,2,6,1,1,0,0,0,0,1,0,"799881,9783","5825903,753",13.41882199,52.50062446,4848.0
213569,11,4,4501148.0,2021,7,1,7,3,8,1,2,0,1,0,0,0,0,1,"793115,0959","5822994,121",13.3168624,52.47821756,3342.0
213568,11,4,4501044.0,2021,6,10,2,3,1,5,0,1,1,0,0,0,0,0,"793149,7338","5825208,982",13.31931924,52.49805446,3448.0
213567,11,3,3300517.0,2021,6,15,6,3,6,7,0,0,1,1,0,0,0,0,"802090,534","5833648,329",13.45829809,52.56882063,5468.0
213566,11,4,4501148.0,2021,6,14,3,3,6,2,0,0,1,1,0,0,0,0,"793331,9056","5823074,445",13.32011628,52.47882123,3442.0
213565,11,7,7100102.0,2021,6,8,3,2,5,3,0,1,1,0,0,0,0,0,"795425,2837","5825488,2",13.35299053,52.49933037,3948.0
213564,11,6,6200421.0,2021,6,17,7,3,1,5,0,1,1,0,0,0,0,0,"793511,1408","5818067,234",13.31834614,52.43383684,3329.0
213563,11,12,12400617.0,2021,6,13,1,3,5,3,0,1,1,0,0,0,0,0,"786051,8279","5839054,137",13.22698606,52.62595268,2085.0
213562,11,1,1100313.0,2021,7,13,1,3,0,1,0,0,0,0,1,0,0,0,"799664,4967","5827043,052",13.41665317,52.51095599,4851.0
213561,11,2,2400625.0,2021,6,17,6,3,5,2,0,0,1,0,1,0,0,0,"801367,1032","5826761,873",13.44141104,52.5074978,5250.0
213560,11,9,9301228.0,2021,6,11,1,3,5,2,0,1,1,0,0,0,0,0,"817076,5957","5812818,033",13.6588901,52.37365228,8411.0
213559,11,7,7100101.0,2021,5,19,4,3,6,7,0,0,1,1,0,0,0,0,"794695,8932","5825759,44",13.34251682,52.50215625,3749.0
213558,11,2,2100104.0,2021,6,10,4,3,5,2,0,1,1,0,0,0,0,1,"798939,8616","5826349,843",13.40538484,52.50513995,4650.0
213557,11,1,1400937.0,2021,7,14,3,3,5,7,0,1,1,0,0,0,0,0,"793446,024","5830049,231",13.32794118,52.54128576,3560.0
213556,11,3,3300514.0,2021,7,12,4,3,2,7,0,0,1,0,0,0,0,1,"801744,906","5836326,014",13.45565165,52.59301212,5475.0
213555,11,10,10400938.0,2021,6,12,5,3,3,6,0,1,0,0,0,0,1,0,"814685,929","5829820,51",13.63990633,52.52738687,8156.0
213554,11,4,4100102.0,2021,5,21,1,3,3,6,1,0,1,0,1,0,0,0,"791136,601","5829164,372",13.29320931,52.53459197,3058.0
213553,11,12,12500929.0,2021,6,10,5,3,8,1,0,0,1,0,0,0,0,0,"795547,7503","5838790,75",13.3666356,52.61850883,4183.0
213552,11,9,9401329.0,2021,6,17,4,3,5,2,0,1,1,0,0,0,0,0,"811415,728","5819575,163",13.5822876,52.43745201,7330.0
213551,11,4,4200310.0,2021,6,8,3,3,1,5,0,1,1,0,0,0,0,0,"789378,6855","5826734,32",13.26525017,52.51374225,2652.0
213550,11,1,1100310.0,2021,6,18,7,3,2,6,0,1,0,0,0,0,0,0,"799402,4937","5828048,554",13.41370882,52.52011266,4854.0
213549,11,11,11200512.0,2021,6,17,1,3,0,5,0,1,1,0,0,0,0,0,"804099,2049","5831522,143",13.48589579,52.54864629,5862.0
213548,11,6,6200421.0,2021,6,14,3,3,0,7,0,0,0,0,1,0,1,0,"793633,7659","5817661,94",13.31978879,52.43013768,3428.0
213547,11,1,1200522.0,2021,6,17,4,2,5,3,0,1,1,0,0,0,0,0,"794221,5571","5828332,188",13.33782375,52.52547538,3656.0
213546,11,4,4300623.0,2021,6,14,2,3,2,6,0,0,1,0,0,0,0,0,"792447,0155","5826117,96",13.30979544,52.50658023,3250.0