ObjectID,State,District,LOR_ab_2021,AccidentYear,AccidentMonth,AccidentHour,DayOfWeek,AccidentCategory,AccidentType,AccidentTypeDetail,LightingCondition,InvolvingBike,InvolvingCar,InvolvingPedestrian,InvolvingMotorcycle,InvolvingHGV,InvolvingOther,RoadCondition,GraphicCoord1,GraphicCoord2,LongitudeWGS84,LatitudeWGS84,quadrant
213545,11,9,9501737.0,2021,7,20,2,3,8,1,1,0,1,0,0,0,0,0,"813823,4832","5821771,285",13.61965447,52.45575549,7835.0
213544,11,8,8100104.0,2021,6,19,4,2,2,6,0,0,1,0,1,0,0,0,"800833,5501","5822568,37",13.42978788,52.47020462,5040.0
213543,11,1,1300733.0,2021,7,14,5,3,3,6,0,1,1,0,0,0,0,0,"797566,1981","5831857,264",13.39013585,52.55525813,4464.0
213542,11,10,10100313.0,2021,7,16,5,3,5,2,0,0,1,0,0,0,0,1,"808498,7597","5831153,223",13.55023195,52.54286661,6861.0
213541,11,6,6100205.0,2021,6,10,5,3,2,6,0,0,1,0,0,0,0,0,"795299,9455","5819938,598",13.34623604,52.44964978,3834.0
213540,11,4,4400835.0,2021,6,18,5,3,0,3,0,0,1,0,1,0,0,0,"793381,9556","5821960,303",13.31987114,52.46880644,3439.0
213539,11,5,5100315.0,2021,6,15,5,3,3,6,0,0,1,0,0,1,0,0,"784838,301","5829568,332",13.20095283,52.54154215,1660.0
213538,11,7,7300516.0,2021,6,17,2,3,1,5,0,1,1,0,0,0,0,0,"793697,5242","5822029,544",13.32456428,52.4692576,3439.0
213537,11,2,2500835.0,2021,5,8,2,3,5,3,0,1,1,0,0,0,0,0,"802888,0258","5825965,147",13.46302727,52.49951459,5548.0
213536,11,1,1401048.0,2021,6,16,6,3,6,4,0,0,1,1,0,0,0,0,"795597,052","5830977,937",13.36039301,52.54844813,4062.0
213535,11,4,4500937.0,2021,6,19,6,3,5,2,0,1,1,0,0,0,0,0,"791015,5775","5824859,684",13.28766504,52.49606524,2947.0
213534,11,1,1100309.0,2021,6,18,3,3,5,2,0,1,0,0,1,0,0,0,"799028,1701","5828938,718",13.40900881,52.52829707,4757.0
213533,11,9,9200715.0,2021,6,19,6,3,5,2,0,1,1,0,0,0,0,0,"808471,1623","5819063,128",13.538636,52.43453173,6629.0
213532,11,2,2200208.0,2021,6,13,1,3,3,6,0,0,1,0,1,0,0,0,"797541,3214","5824998,973",13.38363383,52.49379541,4346.0
213531,11,3,3300412.0,2021,5,7,6,2,5,2,0,1,1,0,0,0,0,0,"802349,5985","5838815,127",13.46682482,52.61498553,5582.0
213530,11,11,11400931.0,2021,6,15,4,3,5,2,0,1,1,0,0,0,0,0,"805731,9303","5827192,393",13.50591869,52.50892787,6151.0
213529,11,11,11501238.0,2021,7,15,7,3,5,3,0,1,1,0,0,0,0,0,"805885,1899","5824478,251",13.50567758,52.48451682,6144.0
213528,11,5,5100316.0,2021,5,16,3,3,5,7,0,0,1,0,0,0,0,0,"784347,4334","5828913,644",13.19317405,52.53592858,1559.0
213527,11,12,12500824.0,2021,6,9,3,3,1,5,0,1,1,0,0,0,0,0,"790733,3498","5835392,312",13.29273805,52.59064,3075.0
213526,11,4,4501041.0,2021,7,14,3,3,2,2,0,0,1,0,0,0,1,0,"793126,2816","5825381,926",13.31912697,52.49961743,3448.0
213525,11,6,6200423.0,2021,7,10,7,2,5,3,0,0,1,0,1,0,0,0,"795221,1494","5816182,131",13.34176307,52.41601767,3724.0
213524,11,1,3400721.0,2021,6,13,2,3,2,2,0,0,1,0,0,0,0,0,"797716,728","5832896,218",13.39328164,52.5644887,4567.0
213523,11,9,9501939.0,2021,6,11,6,3,2,6,0,0,1,0,0,0,1,0,"810652,5549","5821072,908",13.57248928,52.45130826,7134.0
213522,11,7,7400721.0,2021,6,18,5,3,5,2,0,1,0,0,1,0,0,0,"797208,3892","5823085,974",13.37703862,52.47682876,4241.0
213521,11,7,7501030.0,2021,6,14,2,3,5,3,0,0,1,0,1,0,0,0,"797765,9232","5819760,572",13.3822569,52.44671642,4333.0
213520,11,6,6400737.0,2021,6,12,3,2,5,3,0,1,1,0,0,0,0,0,"784242,7139","5815863,812",13.18051041,52.41897553,1325.0
213519,11,1,1100310.0,2021,6,23,7,3,6,7,2,0,1,1,0,0,0,0,"798519,2382","5828098,227",13.40077449,52.52104215,4654.0
213518,11,1,1100206.0,2021,6,12,7,3,0,1,0,1,0,0,0,0,0,0,"798107,5212","5827876,886",13.39452601,52.51928335,4554.0
213517,11,2,2500726.0,2021,7,11,7,3,6,4,0,0,1,1,0,0,0,0,"802006,9919","5828946,174",13.45279326,52.52672189,5356.0
213516,11,3,3300413.0,2021,6,17,4,3,9,1,0,0,0,0,1,0,0,0,"802910,0881","5837579,015",13.47394637,52.60359465,5779.0
213515,11,2,2100102.0,2021,6,23,6,3,1,5,2,1,1,0,0,0,0,0,"798087,1618","5826490,629",13.39298511,52.50686844,4450.0
213514,11,10,10400940.0,2021,5,9,4,3,5,3,0,0,1,0,0,0,0,0,"811989,1927","5826852,055",13.5975008,52.50233583,7549.0
213513,11,1,1300836.0,2021,6,14,4,3,1,5,0,1,1,0,0,0,0,1,"796935,5628","5831408,683",13.38046017,52.55158132,4363.0
213512,11,9,9200510.0,2021,7,12,2,2,1,7,0,0,1,0,0,0,0,0,"806023,9627","5822295,882",13.50571254,52.46487978,6138.0
213511,11,6,6100205.0,2021,7,19,4,3,5,3,1,0,1,0,0,0,0,0,"796061,807","5819859,232",13.35734363,52.44852626,3933.0
213510,11,4,4500938.0,2021,6,13,4,2,0,1,0,1,0,0,0,0,0,0,"792304,5744","5825238,019",13.30693027,52.49876811,3248.0
213509,11,11,11501339.0,2021,5,13,7,3,5,3,0,1,1,0,0,0,0,0,"806810,1807","5824857,249",13.51960553,52.48739454,6345.0
213508,11,12,12100205.0,2021,6,11,5,3,9,1,0,1,0,0,0,0,0,0,"794246,7362","5835450,475",13.34450438,52.58927215,3774.0
213507,11,9,9401635.0,2021,6,15,4,3,5,2,0,1,1,0,0,0,0,0,"816644,8554","5817429,358",13.65692603,52.41522238,8423.0
213506,11,11,11200514.0,2021,6,17,4,3,5,2,0,1,1,0,0,0,0,0,"805028,6925","5830429,662",13.49855805,52.5383354,6059.0
213505,11,12,12200310.0,2021,6,13,7,3,5,2,0,1,1,0,0,0,0,0,"792080,1366","5832942,465",13.31040389,52.56795655,3268.0
213504,11,6,6100208.0,2021,6,8,4,3,6,3,0,0,1,1,0,0,0,0,"794767,7897","5820487,976",13.33891305,52.45486186,3635.0
213503,11,1,1300835.0,2021,6,16,3,3,5,3,0,1,1,0,0,0,0,0,"796971,373","5830138,873",13.37985141,52.54017943,4360.0
213502,11,6,6400841.0,2021,6,8,2,3,5,3,0,0,1,0,1,0,0,0,"789712,5508","5818427,581",13.26293992,52.43909267,2530.0
213501,11,4,4300622.0,2021,6,20,1,3,1,5,0,1,1,0,0,0,0,0,"793681,9095","5826206,469",13.32801588,52.50671034,3550.0
213500,11,4,4501045.0,2021,7,12,1,3,1,5,0,0,1,0,0,0,1,0,"794330,8376","5825263,844",13.33671626,52.49791055,3648.0
213499,11,10,10100103.0,2021,6,17,1,3,5,3,0,1,1,0,0,0,0,0,"809866,7994","5833923,537",13.57292606,52.56691648,7168.0
213498,11,8,8100314.0,2021,7,20,5,2,5,3,1,1,1,0,0,0,0,0,"801285,3405","5823825,085",13.43755412,52.48121991,5143.0
213497,11,3,3500934.0,2021,7,21,4,3,6,4,1,1,0,1,0,0,0,0,"800370,72","5831673,981",13.43121258,52.55207586,5063.0
213496,11,11,11100309.0,2021,7,8,4,3,2,6,0,0,1,0,0,0,0,1,"805190,5183","5833165,291",13.50345091,52.56276246,6167.0
213495,11,10,10100312.0,2021,6,13,5,3,9,6,0,0,1,0,0,0,0,0,"808496,0299","5829483,192",13.54864172,52.52790169,6856.0
213494,11,3,3601243.0,2021,6,13,5,2,5,2,0,1,0,0,0,0,1,0,"799673,444","5831253,871",13.42058021,52.54869434,4962.0
213493,11,1,1100205.0,2021,5,18,1,3,5,3,0,1,1,0,0,0,0,0,"797158,6735","5826452,631",13.37931132,52.50703435,4250.0
213492,11,2,2200207.0,2021,6,9,6,3,0,3,0,1,1,0,0,0,0,0,"797101,2089","5824720,984",13.3769224,52.49154327,4246.0
213491,11,6,6100102.0,2021,6,15,5,3,2,6,0,0,1,0,0,0,0,0,"793681,1313","5820597,027",13.32306314,52.45642441,3436.0
213490,11,9,9100407.0,2021,6,18,3,3,6,4,0,0,0,1,0,0,1,0,"805855,547","5819481,074",13.50066346,52.43974635,6131.0
213489,11,2,2200209.0,2021,6,10,6,2,3,6,0,0,1,0,1,0,0,0,"797736,1056","5824024,47",13.38562376,52.48495389,4344.0
213488,11,4,4300517.0,2021,6,15,2,3,5,3,0,0,1,0,1,0,0,0,"791913,6987","5828214,923",13.30379988,52.52566472,3156.0
213487,11,3,3300514.0,2021,5,19,5,3,5,3,0,1,1,0,0,0,0,1,"801614,7901","5836179,875",13.45360357,52.59177447,5475.0
213486,11,3,3601142.0,2021,6,17,4,3,3,6,0,1,0,0,0,0,0,0,"798581,6263","5830262,945",13.40363553,52.54041164,4660.0
213485,11,1,1100415.0,2021,5,21,1,3,0,1,1,1,0,0,0,0,0,0,"798289,3275","5829368,325",13.39853537,52.53255269,4558.0
213484,11,8,8200832.0,2021,6,11,2,3,2,6,0,0,1,0,0,0,0,0,"801389,8772","5817262,127",13.4331664,52.42233641,5026.0
213483,11,11,11100203.0,2021,7,7,2,2,5,2,0,0,1,0,1,0,0,0,"807655,433","5833603,323",13.54010619,52.56530093,6667.0
213482,11,2,2200210.0,2021,6,17,5,3,3,6,0,1,1,0,0,0,0,0,"798491,247","5824759,411",13.39736962,52.4911294,4546.0
213481,11,7,7601442.0,2021,7,17,6,3,5,3,0,0,1,0,0,0,0,0,"798805,7292","5815847,476",13.39401481,52.41107282,4522.0
213480,11,1,1100206.0,2021,7,14,6,3,2,6,0,1,1,0,0,0,0,1,"797504,2745","5827546,081",13.38536581,52.51664751,4353.0
213479,11,2,2400623.0,2021,6,7,5,3,1,5,0,0,1,0,0,0,0,0,"800694,9532","5827712,415",13.43239626,52.51638864,5053.0
213478,11,3,3701554.0,2021,6,20,2,3,3,6,0,0,1,0,1,0,0,0,"799209,2779","5829255,745",13.41195586,52.53103937,4757.0
213477,11,5,5200629.0,2021,5,13,2,3,5,2,0,1,1,0,0,0,0,0,"783859,3498","5828695,659",13.18581116,52.53422854,1458.0
213476,11,7,7601546.0,2021,6,15,6,3,6,7,0,1,0,1,0,0,0,0,"799203,1635","5812420,969",13.39678094,52.38014105,4513.0
213475,11,9,9501736.0,2021,6,13,6,2,0,7,0,1,0,0,0,0,0,0,"813668,2383","5820769,669",13.61643664,52.44686905,7833.0
213474,11,12,12500825.0,2021,7,11,6,2,5,3,0,0,1,0,1,0,0,0,"792347,8706","5835049,568",13.31620097,52.58670209,3374.0
213473,11,5,5100314.0,2021,6,5,4,3,0,7,0,0,0,0,1,0,0,0,"785262,8084","5829819,612",13.20741115,52.543573,1761.0
213472,11,5,5300736.0,2021,6,13,6,3,5,7,0,1,1,0,0,0,0,0,"785711,7396","5829289,678",13.21355735,52.53858648,1860.0
213471,11,2,2500727.0,2021,6,12,2,3,1,5,0,1,1,0,0,0,0,0,"802623,0227","5827855,929",13.46085422,52.51660855,5553.0
213470,11,4,4501042.0,2021,5,5,6,3,0,2,0,0,0,0,0,0,1,0,"793967,6878","5826143,512",13.33215875,52.50599205,3550.0
213469,11,7,7501133.0,2021,6,14,4,3,0,7,0,0,1,0,1,0,0,0,"797939,9452","5818020,154",13.38325844,52.43102058,4328.0
213468,11,1,1200628.0,2021,7,11,1,3,6,7,0,0,1,1,0,0,0,0,"796294,566","5828296,474",13.36825892,52.52403261,4155.0
213467,11,7,7200308.0,2021,5,15,3,3,5,3,0,1,1,0,0,0,0,0,"794823,9411","5823579,788",13.34246907,52.48254788,3743.0
213466,11,1,1100102.0,2021,6,20,3,3,2,2,1,1,0,0,0,0,0,0,"795136,996","5827076,076",13.35016375,52.51372051,3852.0
213465,11,5,5100313.0,2021,7,15,2,3,2,6,0,0,1,0,0,0,1,0,"785380,524","5830642,059",13.20984904,52.55088529,1763.0
213464,11,3,3300413.0,2021,7,7,3,3,5,3,0,1,1,0,0,0,0,0,"803485,5723","5838540,317",13.48329949,52.6118894,5881.0
213463,11,1,1100310.0,2021,7,17,7,3,2,6,0,1,1,0,0,0,0,0,"799124,8789","5828465,585",13.41000453,52.52400309,4755.0
213462,11,1,1100207.0,2021,6,15,3,2,5,3,0,1,1,0,0,0,0,0,"797897,1001","5826570,037",13.39026412,52.50768405,4450.0
213461,11,6,6400735.0,2021,6,8,6,2,5,2,0,1,1,0,0,0,0,0,"781105,7205","5812640,03",13.13179774,52.39168848,617.0
213460,11,6,6100204.0,2021,6,11,4,2,0,5,0,1,1,0,0,0,0,0,"795392,7249","5820057,343",13.34770231,52.45066413,3834.0
213459,11,1,1300733.0,2021,7,0,6,3,5,2,2,0,1,0,0,0,0,1,"797356,4809","5831199,002",13.38646211,52.54947218,4463.0
213458,11,4,4100102.0,2021,7,15,6,3,2,6,0,0,1,0,0,0,0,0,"791214,6214","5829143,609",13.29433812,52.53436415,3058.0
213457,11,1,1100309.0,2021,6,12,5,3,0,5,0,1,1,0,0,0,0,0,"798628,3236","5828830,764",13.40303526,52.52754859,4656.0
213456,11,4,4500939.0,2021,6,2,5,2,9,1,2,0,0,0,1,0,0,0,"792428,5844","5824110,018",13.30776176,52.48858939,3245.0
213455,11,2,2400623.0,2021,6,17,2,3,1,5,0,1,1,0,0,0,0,0,"800606,2012","5827130,678",13.43056676,52.51122329,5052.0
213454,11,1,1200520.0,2021,5,13,2,3,2,7,0,0,1,0,1,0,0,0,"794549,3136","5828933,183",13.34317334,52.53068591,3757.0
213453,11,8,8401242.0,2021,6,17,6,3,5,3,0,0,1,0,0,0,0,0,"805267,1383","5817251,942",13.48999914,52.42009612,5925.0
213452,11,7,7400823.0,2021,6,16,6,2,0,2,0,0,1,0,1,0,0,0,"797356,965","5822008,998",13.37825977,52.4670939,4239.0
213451,11,3,3701660.0,2021,6,7,4,3,5,3,0,1,1,0,0,0,0,0,"800509,1509","5829712,318",13.43147359,52.5344167,5058.0
213450,11,10,10200629.0,2021,5,7,6,3,5,3,0,1,1,0,0,0,0,0,"810356,0852","5827951,529",13.57454373,52.51312005,7152.0
213449,11,1,1100311.0,2021,6,18,4,3,5,2,0,1,1,0,0,0,0,0,"799607,8496","5827989,668",13.41667332,52.51947206,4854.0
213448,11,5,5100313.0,2021,7,13,1,3,2,6,0,0,1,0,0,0,0,0,"785418,0635","5830400,616",13.21019364,52.54870089,1762.0
213447,11,5,5200528.0,2021,5,19,3,2,5,2,0,0,1,0,0,0,0,0,"783793,9409","5826303,025",13.18280761,52.51280983,1352.0
213446,11,4,4400835.0,2021,6,12,3,3,1,5,0,1,0,0,0,0,1,0,"793047,4241","5822299,206",13.31525824,52.47202416,3340.0
213445,11,11,11100205.0,2021,7,14,3,3,5,3,0,1,1,0,0,0,0,0,"805772,7795","5834046,032",13.5128257,52.57032917,6269.0
213444,11,8,8100417.0,2021,7,13,6,3,5,3,0,0,1,0,0,0,0,1,"802048,7696","5822746,056",13.44778447,52.47112672,5340.0
213443,11,12,12400721.0,2021,6,16,2,3,5,3,0,1,1,0,0,0,0,0,"790285,0469","5840139,228",13.29030402,52.63343475,2987.0
213442,11,11,11100308.0,2021,6,18,6,3,0,6,0,0,0,0,1,0,1,0,"804522,4819","5833372,471",13.49381638,52.56499332,5967.0
213441,11,3,3601244.0,2021,6,10,3,3,5,2,0,0,1,0,0,0,0,0,"800104,2265","5831694,818",13.42731274,52.55240952,5064.0
213440,11,5,5100316.0,2021,6,13,3,3,0,3,0,0,1,0,1,0,0,0,"784796,5899","5828787,655",13.19967032,52.53456443,1658.0
213439,11,8,8100418.0,2021,6,10,7,2,5,3,0,0,1,0,0,0,0,0,"801661,237","5823962,764",13.4431971,52.48224644,5243.0
213438,11,8,8100313.0,2021,6,19,7,3,0,1,0,1,0,0,0,0,1,0,"801842,5642","5824433,672",13.44628555,52.48636705,5244.0
213437,11,2,2400521.0,2021,7,10,7,3,5,3,0,1,0,0,0,0,0,0,"800906,6774","5828049,569",13.43581197,52.51929385,5154.0
213436,11,6,4400835.0,2021,6,16,6,3,5,3,0,1,1,0,0,0,0,0,"792762,237","5821724,11",13.31056699,52.46702147,3239.0
213435,11,6,6400841.0,2021,6,12,2,3,2,6,0,0,1,0,0,0,0,0,"789711,4972","5818424,957",13.26292219,52.43906971,2530.0
213434,11,11,11200515.0,2021,5,14,4,3,5,3,0,1,1,0,0,0,0,0,"806015,1108","5830619,868",13.51323192,52.53948708,6260.0
213433,11,4,4300623.0,2021,6,12,4,3,5,2,0,1,1,0,0,0,0,1,"792534,705","5826113,583",13.3110799,52.50649399,3250.0
213432,11,1,1200624.0,2021,7,6,2,3,5,2,0,0,1,0,0,1,0,0,"795666,1742","5829736,196",13.36030423,52.53727956,4059.0
213431,11,1,1300732.0,2021,7,11,4,2,6,2,0,0,1,1,0,0,0,1,"797707,0645","5832885,547",13.39312992,52.56439834,4567.0
213430,11,2,2400623.0,2021,6,12,4,3,5,3,0,1,0,0,0,0,1,0,"800611,6146","5827117,893",13.43063474,52.51110572,5051.0
213429,11,11,11200513.0,2021,5,15,7,3,1,5,0,1,1,0,0,0,0,0,"804760,5465","5831081,46",13.49521456,52.54432712,6061.0
213428,11,8,8100105.0,2021,6,16,5,3,4,6,0,0,1,0,0,0,1,0,"800490,29","5821803,456",13.42406092,52.46353729,4938.0
213427,11,7,7100205.0,2021,6,8,4,3,5,3,0,1,0,0,0,0,1,0,"796014,7606","5824976,449",13.36119418,52.49442354,4047.0
213426,11,8,8200831.0,2021,6,10,3,3,5,7,0,0,1,0,0,0,1,0,"800018,1937","5817056,753",13.41287115,52.42124926,4725.0
213425,11,9,9200510.0,2021,6,15,7,3,5,2,0,1,1,0,0,0,0,0,"806092,1043","5823415,922",13.50774,52.47487986,6241.0
213424,11,5,5300841.0,2021,6,6,3,2,3,6,0,0,1,0,1,0,0,0,"789527,2606","5829288,078",13.26965696,52.53655834,2659.0
213423,11,10,10200420.0,2021,6,14,4,2,6,4,0,0,1,1,0,0,0,0,"811155,3681","5830750,82",13.588903,52.53775007,7459.0
213422,11,3,3400828.0,2021,6,13,2,3,5,3,0,1,0,0,0,0,0,0,"800065,4693","5832610,364",13.42757047,52.56063715,5066.0
213421,11,1,1100207.0,2021,6,18,1,3,5,3,0,0,1,0,0,0,0,0,"797892,6009","5826671,194",13.39028855,52.50859326,4451.0
213420,11,11,11400927.0,2021,7,1,1,2,0,1,2,1,0,0,0,0,0,0,"803862,5353","5826809,165",13.47810921,52.50653756,5750.0
213419,11,6,6400841.0,2021,6,14,7,3,1,5,0,0,1,0,0,0,0,0,"789463,7293","5818435,327",13.25929636,52.43929388,2530.0
213418,11,8,8300935.0,2021,7,17,5,3,2,6,0,0,1,0,0,0,0,1,"803152,7489","5817381,097",13.45911941,52.42242904,5426.0
213417,11,2,2200209.0,2021,7,17,5,3,3,6,0,1,0,0,0,0,0,0,"797149,7765","5823997,444",13.3769905,52.48503105,4244.0
213416,11,8,8100312.0,2021,6,10,5,3,2,6,0,0,1,0,0,0,0,0,"801101,7952","5824131,865",13.4351366,52.4840709,5144.0
213415,11,2,2400521.0,2021,6,7,2,3,0,1,0,1,0,0,0,0,1,0,"800930,2089","5828517,694",13.43658125,52.52347676,5155.0
213414,11,3,3200310.0,2021,5,18,1,2,5,2,0,0,1,0,1,0,0,0,"799646,4324","5837827,091",13.42612443,52.60762676,4980.0
213413,11,8,8100314.0,2021,6,12,6,3,1,5,0,1,1,0,0,0,0,0,"800666,1062","5824338,381",13.42892616,52.48616205,5044.0
213412,11,8,8401241.0,2021,6,17,4,3,2,6,0,1,1,0,0,0,0,0,"803810,7813","5818820,413",13.47007405,52.43496462,5629.0
213411,11,3,3100103.0,2021,6,9,3,3,6,2,0,0,1,1,0,0,0,0,"804233,9505","5841124,908",13.49669624,52.63463496,6088.0
213410,11,5,5100105.0,2021,6,20,2,3,5,3,0,0,1,0,0,0,0,0,"785095,1565","5831659,059",13.20652522,52.56015303,1766.0
213409,11,9,9501737.0,2021,6,20,2,3,5,3,0,1,0,0,0,0,0,0,"815026,707","5821287,114",13.63684702,52.45072482,8134.0
213408,11,1,1400937.0,2021,5,16,5,2,0,7,0,0,1,0,0,0,0,1,"793704,8339","5832236,47",13.33368118,52.56075361,3666.0
213407,11,1,1100309.0,2021,6,17,4,3,0,6,0,1,1,0,0,0,0,0,"798691,8415","5828663,988",13.40381896,52.52601889,4656.0
213406,11,8,8100208.0,2021,5,14,2,3,5,3,0,1,0,0,0,0,1,0,"801509,6203","5823004,358",13.44010467,52.47373977,5141.0
213405,11,1,1300733.0,2021,6,15,2,3,0,7,0,1,0,1,0,0,0,0,"797821,6849","5831789,246",13.39383211,52.5545088,4564.0
213404,11,4,4501042.0,2021,7,16,2,3,5,3,0,1,0,0,0,0,1,0,"794006,7194","5826190,592",13.33277375,52.50639306,3650.0
213403,11,5,5100211.0,2021,7,19,6,3,5,2,0,0,1,0,1,0,0,0,"783241,0408","5830279,425",13.17807024,52.54875064,1362.0
213402,11,8,8100415.0,2021,7,20,6,3,1,5,0,1,1,0,0,0,0,0,"801379,1772","5823737,951",13.43885295,52.48038713,5143.0
213401,11,7,7601544.0,2021,6,10,6,3,5,2,0,0,1,0,0,0,0,0,"799793,7792","5813977,341",13.40682393,52.39376926,4717.0
213400,11,9,9200715.0,2021,6,1,5,2,0,1,2,1,0,0,0,0,0,0,"807674,319","5819370,407",13.52723437,52.4377344,6430.0
213399,11,6,6300631.0,2021,6,13,2,2,0,1,0,1,0,0,0,0,0,0,"792382,422","5816558,923",13.30047192,52.4209194,3125.0
213398,11,2,2500832.0,2021,5,8,2,3,5,2,0,1,1,0,0,0,0,0,"803645,5551","5827395,421",13.4754569,52.51191282,5752.0
213397,11,3,3400828.0,2021,6,13,6,3,6,7,0,0,0,1,0,0,1,0,"799855,951","5831851,349",13.42380328,52.55394929,4964.0
213396,11,9,9200716.0,2021,6,13,6,3,5,2,0,1,1,0,0,0,0,0,"808885,6676","5819338,969",13.54496879,52.43676992,6730.0
213395,11,4,4400727.0,2021,7,7,6,3,5,2,0,1,1,0,0,0,0,1,"791122,541","5823173,159",13.28776287,52.48088847,2943.0
213394,11,1,1100310.0,2021,6,7,4,2,5,7,0,0,1,0,1,0,0,0,"799316,441","5827569,3",13.41201316,52.51586411,4753.0
213393,11,10,10100311.0,2021,6,12,6,2,6,4,0,0,0,1,0,0,1,0,"806503,1616","5829455,706",13.51933205,52.5287794,6357.0
213392,11,6,6200316.0,2021,5,19,6,3,0,7,0,1,0,1,0,0,0,0,"796120,6057","5817652,688",13.35625139,52.42871435,3927.0
213391,11,10,10300731.0,2021,6,6,5,3,5,3,0,1,1,0,0,0,0,0,"809121,3125","5829722,373",13.55805194,52.52969099,6957.0
213390,11,9,9100304.0,2021,7,3,1,2,9,1,2,0,1,0,0,0,0,0,"804322,4083","5821631,048",13.48013714,52.45987137,5737.0
213389,11,2,2400623.0,2021,5,7,3,3,5,3,0,1,0,0,0,0,0,1,"800619,4752","5827307,668",13.43092164,52.51280238,5052.0
213388,11,1,1100207.0,2021,6,15,3,3,5,3,0,0,1,0,0,0,0,0,"797903,8802","5826568,723",13.39036254,52.50766857,4450.0
213387,11,2,2500726.0,2021,7,18,2,3,5,2,0,1,0,0,0,0,1,0,"801863,613","5828981,949",13.45071869,52.52712195,5356.0
213386,11,1,1200518.0,2021,7,10,3,3,1,5,0,0,1,0,0,0,0,0,"793537,5826","5828226,124",13.32767732,52.52489325,3556.0
213385,11,5,5200629.0,2021,5,6,6,3,6,4,0,0,1,1,0,0,0,1,"784404,8984","5828664,885",13.19380612,52.53366821,1558.0
213384,11,7,7200308.0,2021,6,14,4,3,2,6,0,1,1,0,0,0,0,0,"794992,0879","5823538,837",13.34490174,52.48208997,3743.0
213383,11,4,4300518.0,2021,7,13,7,2,0,1,0,1,0,0,0,0,0,0,"792075,3272","5828590,112",13.3065051,52.52894163,3257.0
213382,11,4,4100102.0,2021,6,21,2,2,5,2,1,0,1,0,0,0,0,0,"791427,5798","5829179,889",13.29750069,52.53457557,3058.0
213381,11,5,5100314.0,2021,6,15,6,2,6,4,0,0,0,1,1,0,0,0,"785151,1808","5829587,507",13.20557031,52.54155041,1760.0
213380,11,10,10100104.0,2021,6,13,3,3,6,4,0,0,1,1,0,0,0,0,"810283,4164","5833624,057",13.57877297,52.56399546,7267.0
213379,11,1,1200522.0,2021,6,10,3,3,1,5,0,1,1,0,0,0,0,0,"794016,1089","5828226,488",13.33471072,52.52463867,3655.0
213378,11,8,8100209.0,2021,6,0,1,3,5,3,2,0,1,0,0,0,0,0,"801308,6054","5822235,722",13.43645994,52.4669612,5139.0
213377,11,2,2200210.0,2021,6,16,6,3,2,6,0,1,1,0,0,0,0,0,"798312,1219","5825014,49",13.39496757,52.49351379,4546.0
213376,11,8,8200623.0,2021,7,11,7,3,5,2,0,0,1,0,0,0,0,0,"802624,3185","5820751,19",13.45442324,52.45292808,5434.0
213375,11,1,1400937.0,2021,6,16,7,3,1,5,0,1,1,0,0,0,0,0,"793677,7824","5830072,848",13.33136958,52.54137262,3560.0
213374,11,1,1100103.0,2021,5,11,4,3,2,6,0,0,1,0,0,1,0,0,"795322,7908","5826145,76",13.35206825,52.50528038,3850.0
213373,11,12,12500927.0,2021,6,20,3,3,5,3,0,1,1,0,0,0,0,1,"792990,2973","5835646,467",13.32618424,52.59170733,3575.0
213372,11,1,1200520.0,2021,7,13,3,3,0,6,0,0,1,0,1,0,0,0,"794586,7177","5828474,398",13.34331664,52.526553,3756.0
213371,11,5,5200630.0,2021,7,9,4,3,2,6,0,0,1,0,0,0,0,1,"784422,3508","5827252,905",13.19285484,52.5209992,1554.0
213370,11,1,1200517.0,2021,6,10,5,2,5,3,0,0,1,0,1,0,0,0,"792963,8631","5828578,309",13.31955532,52.52835903,3457.0
213369,11,9,9300923.0,2021,5,14,1,3,5,3,0,0,1,0,0,0,0,0,"808682,3345","5815212,685",13.53818109,52.39990461,6619.0
213368,11,1,1100101.0,2021,6,17,5,2,5,2,0,1,0,0,1,0,0,0,"795127,4324","5826490,258",13.34950375,52.50847426,3851.0
213367,11,10,10400938.0,2021,6,20,5,2,5,3,0,0,0,0,1,0,1,0,"813220,6622","5828941,283",13.61755004,52.52035193,7854.0
213366,11,7,7100206.0,2021,6,9,3,3,0,1,0,0,0,0,1,0,0,0,"796253,633","5824303,206",13.36410382,52.48825891,4045.0
213365,11,5,5100315.0,2021,6,23,7,3,0,7,2,0,0,0,0,0,1,0,"784338,0838","5830013,88",13.19397825,52.54579822,1562.0
213364,11,12,12100204.0,2021,6,15,3,3,1,5,0,1,1,0,0,0,0,0,"795035,467","5832505,742",13.35349291,52.56244805,3967.0
213363,11,1,1200519.0,2021,6,16,3,3,5,2,0,1,0,0,0,0,1,0,"793702,5026","5828490,089",13.33033437,52.52717074,3556.0
213362,11,6,6200313.0,2021,6,20,2,3,5,2,0,0,1,0,0,0,0,0,"795726,7277","5818909,584",13.35158698,52.44019466,3831.0
213361,11,1,1401047.0,2021,7,20,1,3,5,3,0,0,1,0,0,0,0,0,"795525,4679","5830737,462",13.35912639,52.54633133,3962.0
213360,11,8,8100208.0,2021,6,14,7,3,2,6,0,0,1,0,0,0,0,0,"801633,5101","5822640,49",13.44159414,52.47040995,5240.0