ObjectID,State,District,LOR_ab_2021,AccidentYear,AccidentMonth,AccidentHour,DayOfWeek,AccidentCategory,AccidentType,AccidentTypeDetail,LightingCondition,InvolvingBike,InvolvingCar,InvolvingPedestrian,InvolvingMotorcycle,InvolvingHGV,InvolvingOther,RoadCondition,GraphicCoord1,GraphicCoord2,LongitudeWGS84,LatitudeWGS84,quadrant
213359,11,9,9501838.0,2021,6,10,2,1,5,3,0,1,1,0,0,0,0,0,"818785,0631","5822133,61",13.69277359,52.4561311,8935.0
213358,11,4,4501045.0,2021,6,8,3,3,5,2,0,1,1,0,0,0,0,0,"793503,5078","5825308,52",13.3246034,52.49875662,3448.0
213357,11,6,6300525.0,2021,6,18,1,3,6,7,0,0,1,1,0,0,0,0,"789548,2478","5815505,298",13.25799978,52.4129801,2423.0
213356,11,2,2200213.0,2021,6,14,6,3,6,7,0,0,0,1,1,0,0,0,"799725,2896","5825280,267",13.41595955,52.49512194,4847.0
213355,11,6,6100206.0,2021,7,17,6,3,2,6,0,0,1,0,0,0,0,0,"794802,1281","5819824,077",13.3388309,52.44889183,3633.0
213354,11,1,1100313.0,2021,6,16,7,3,5,2,0,1,1,0,0,0,0,0,"800442,2356","5826721,489",13.42778861,52.50764593,5050.0
213353,11,12,12400721.0,2021,5,16,4,3,0,1,0,0,0,0,1,0,0,1,"791056,9761","5840133,637",13.30167298,52.63297147,3187.0
213352,11,10,10200630.0,2021,6,20,3,3,5,3,0,1,1,0,0,0,0,1,"811432,6681","5829132,522",13.59146242,52.5230897,7455.0
213351,11,7,7501031.0,2021,7,15,3,3,2,6,0,0,1,0,0,0,0,0,"798923,9789","5819498,42",13.39901116,52.44373464,4532.0
213350,11,1,1401049.0,2021,7,8,4,3,5,3,0,1,1,0,0,0,0,1,"795944,1978","5831560,644",13.36601702,52.55348304,4064.0
213349,11,7,7100206.0,2021,6,11,4,3,5,2,0,1,0,0,0,1,0,0,"796640,5965","5824832,842",13.37025766,52.49279647,4146.0
213348,11,3,3701554.0,2021,5,16,7,3,3,6,0,1,0,0,0,0,1,0,"799162,121","5829196,758",13.41120968,52.53053652,4757.0
213347,11,5,5300840.0,2021,6,10,5,3,3,6,0,0,1,0,0,1,0,0,"788795,8137","5829331,02",13.25894007,52.53733143,2559.0
213346,11,2,2200210.0,2021,6,21,4,3,5,3,0,0,1,0,0,0,0,0,"798711,4146","5824700,6",13.40055002,52.49048181,4645.0
213345,11,8,8100103.0,2021,6,5,4,3,2,6,0,0,1,0,0,1,0,0,"800664,191","5823007,32",13.42769778,52.47423233,5041.0
213344,11,11,11300617.0,2021,6,16,7,3,2,6,0,0,1,0,0,0,0,0,"803103,0019","5829561,098",13.46946011,52.53162511,5657.0
213343,11,11,11300617.0,2021,6,15,3,2,2,6,0,0,1,0,0,0,0,0,"803313,0281","5829635,209",13.47261446,52.53217252,5658.0
213342,11,8,8100415.0,2021,6,16,4,2,5,3,0,0,1,0,0,0,0,0,"801824,764","5823635,958",13.445302,52.47922686,5242.0
213341,11,7,7300618.0,2021,6,18,2,2,5,3,0,0,1,0,1,0,0,0,"794931,2427","5822637,119",13.34321083,52.4740395,3741.0
213340,11,2,2500832.0,2021,7,16,1,2,6,4,0,1,0,1,0,0,0,0,"803469,2798","5827419,416",13.47288925,52.51222598,5652.0
213339,11,11,11100204.0,2021,6,17,1,3,0,1,0,1,0,0,0,0,0,0,"806891,0355","5832640,361",13.52797371,52.55710226,6565.0
213338,11,1,1200522.0,2021,6,19,4,3,2,6,0,1,1,0,0,0,0,1,"794466,556","5828354,053",13.34144396,52.52553911,3756.0
213337,11,12,12400616.0,2021,7,18,4,3,1,1,0,1,1,0,0,0,0,1,"786871,8328","5832725,374",13.23358423,52.56877999,2168.0
213336,11,6,6200315.0,2021,6,8,5,3,2,2,0,0,1,0,1,0,0,0,"795446,431","5817843,542",13.34653319,52.43078973,3828.0
213335,11,6,6400838.0,2021,5,9,1,2,0,1,0,1,0,0,0,0,0,0,"787251,7455","5818338,114",13.22676124,52.43958865,2031.0
213334,11,7,7601341.0,2021,6,11,6,3,5,2,0,0,1,0,0,0,0,0,"797669,274","5815465,338",13.37701623,52.40826642,4221.0
213333,11,5,5300737.0,2021,6,21,5,3,1,5,1,0,1,0,0,0,1,0,"787558,7953","5829435,271",13.24084212,52.53892025,2260.0
213332,11,1,1100313.0,2021,6,17,3,3,5,3,0,1,1,0,0,0,0,0,"799769,3999","5826563,701",13.41776262,52.50660173,4850.0
213331,11,4,4501045.0,2021,6,8,2,3,2,2,0,0,1,0,1,0,0,0,"793472,7295","5824731,127",13.3236426,52.49359709,3446.0
213330,11,2,2100104.0,2021,5,8,5,3,6,4,0,1,0,1,0,0,0,0,"799293,063","5826154,942",13.41039792,52.50319932,4749.0
213329,11,4,4200310.0,2021,6,16,4,3,0,5,0,1,1,0,0,0,0,0,"789853,7251","5826346,789",13.27189328,52.51001573,2651.0
213328,11,7,7300515.0,2021,5,17,1,3,0,2,0,1,1,0,0,0,0,1,"793471,8653","5822275,99",13.32146861,52.47158817,3440.0
213327,11,3,3500936.0,2021,6,22,2,3,2,6,2,0,1,0,1,0,0,0,"802701,725","5831824,874",13.46562515,52.55213791,5563.0
213326,11,1,1100101.0,2021,7,15,2,3,5,2,0,1,1,0,0,0,0,0,"795256,9678","5826619,508",13.35152147,52.5095628,3851.0
213325,11,4,4300619.0,2021,7,20,6,2,0,7,0,0,0,0,0,0,1,0,"792143,9164","5827351,874",13.30642559,52.51780439,3253.0
213324,11,1,1200623.0,2021,7,21,6,3,0,1,1,0,0,0,0,0,1,1,"795220,2264","5829334,867",13.35339181,52.53392373,3958.0
213323,11,6,6400843.0,2021,6,15,5,3,6,4,0,0,1,1,0,0,0,0,"791114,4726","5819335,981",13.28429728,52.44649216,2833.0
213322,11,7,7501030.0,2021,6,8,5,3,6,4,0,0,0,1,0,0,1,0,"797810,6359","5820142,376",13.38325324,52.45011454,4334.0
213321,11,1,1200627.0,2021,6,15,2,3,3,2,0,0,1,0,1,0,0,0,"795989,3283","5828715,695",13.36414616,52.52795632,4056.0
213320,11,7,8200725.0,2021,5,14,2,3,5,2,0,1,1,0,0,0,0,0,"799812,8588","5819027,797",13.4116278,52.43902953,4730.0
213319,11,7,7300619.0,2021,6,22,6,3,1,7,1,0,1,0,0,0,0,0,"795332,4179","5821560,796",13.34814739,52.46417421,3838.0
213318,11,4,4501045.0,2021,6,14,6,3,5,3,0,1,1,0,0,0,0,0,"793904,4046","5825083,572",13.33029357,52.49652432,3547.0
213317,11,4,4200309.0,2021,7,11,6,3,0,1,0,1,0,0,0,0,0,1,"788706,608","5826802,149",13.25543277,52.51470653,2453.0
213316,11,10,10200420.0,2021,6,16,4,3,5,2,0,1,1,0,0,0,0,0,"811658,4158","5830632,915",13.59618543,52.53640607,7559.0
213315,11,6,6200315.0,2021,6,19,6,3,0,1,0,1,1,0,0,0,0,0,"795281,3526","5817885,697",13.3441494,52.43125676,3728.0
213314,11,2,2400522.0,2021,5,17,6,3,5,2,0,1,1,0,0,0,0,1,"801401,7603","5828748,368",13.44371963,52.52528387,5256.0
213313,11,5,5100316.0,2021,6,7,5,3,0,7,0,0,0,0,1,0,0,0,"783595,3376","5829131,584",13.18230132,52.53827456,1359.0
213312,11,8,8100314.0,2021,7,4,1,3,5,2,1,0,1,0,0,0,1,0,"800336,3636","5824351,088",13.42409611,52.48645743,4944.0
213311,11,4,4300414.0,2021,5,15,3,3,1,5,0,1,1,0,0,0,0,1,"791627,9854","5826840,254",13.29839522,52.51349393,3052.0
213310,11,7,7601544.0,2021,6,10,3,2,6,4,0,0,1,1,0,0,0,0,"798802,9906","5814424,802",13.39270536,52.39832161,4419.0
213309,11,9,9501939.0,2021,7,12,2,3,5,3,0,1,1,0,0,0,0,0,"810430,1764","5821228,297",13.56937183,52.45282712,7134.0
213308,11,3,3601451.0,2021,7,17,3,3,5,2,0,0,1,0,0,0,0,0,"801202,6857","5829483,692",13.44146031,52.53198468,5258.0
213307,11,6,6400735.0,2021,5,10,7,3,5,2,0,1,1,0,0,0,0,0,"782021,1637","5815651,112",13.14775091,52.41821767,824.0
213306,11,9,9100306.0,2021,6,13,5,3,0,1,0,1,0,0,0,0,0,0,"804432,1411","5819876,133",13.48014761,52.44408137,5732.0
213305,11,4,4300624.0,2021,6,12,4,3,5,2,0,0,1,0,1,0,0,0,"792986,1475","5826420,277",13.31798223,52.50900114,3351.0
213304,11,2,2400625.0,2021,7,22,7,3,6,4,2,0,0,1,1,0,0,0,"801696,4951","5826145,016",13.44569065,52.50178679,5249.0
213303,11,12,12500930.0,2021,6,10,3,3,5,2,0,0,1,0,0,0,0,0,"792353,573","5834071,566",13.31542218,52.57793167,3371.0
213302,11,7,7200307.0,2021,6,23,6,3,3,6,2,1,1,0,0,0,0,0,"794951,5866","5824611,518",13.34525636,52.49172774,3746.0
213301,11,6,6300525.0,2021,6,7,3,3,3,7,0,1,0,0,0,0,0,0,"790218,3139","5815055,619",13.26743409,52.40859371,2622.0
213300,11,9,9501941.0,2021,6,21,3,3,0,3,1,0,1,0,1,0,0,0,"811074,8299","5821222,132",13.57882219,52.45240543,7234.0
213299,11,3,3500935.0,2021,6,11,1,3,5,7,0,0,1,0,1,0,0,0,"801435,7845","5831562,699",13.44677255,52.55049008,5263.0
213298,11,1,1200628.0,2021,6,18,2,3,0,2,0,1,1,0,0,0,0,0,"796264,3337","5828532,361",13.36802477,52.52616354,4156.0
213297,11,1,1100309.0,2021,7,20,1,3,1,5,1,0,1,0,0,0,1,0,"798626,475","5828428,22",13.40264659,52.52394136,4655.0
213296,11,5,5100313.0,2021,6,13,7,3,2,6,0,0,1,0,0,0,0,0,"785383,9294","5830587,734",13.20985243,52.55039644,1763.0
213295,11,12,12100204.0,2021,5,15,4,3,0,6,0,0,1,0,0,0,1,1,"795596,921","5833133,991",13.36231132,52.56777517,4068.0
213294,11,9,9100408.0,2021,6,17,4,3,5,2,0,1,1,0,0,0,0,1,"806650,1459","5820407,13",13.51316648,52.44760107,6233.0
213293,11,7,7400927.0,2021,7,18,3,2,1,5,0,1,1,0,0,0,0,0,"797903,7065","5820807,193",13.38521176,52.4560232,4335.0
213292,11,9,9100409.0,2021,7,17,4,3,5,2,0,1,1,0,0,0,0,0,"805890,0717","5818968,406",13.50070065,52.43513224,6129.0
213291,11,2,2100102.0,2021,6,16,5,2,0,7,0,1,1,0,0,0,0,0,"797983,7","5826473,527",13.39144993,52.50677167,4450.0
213290,11,9,9502043.0,2021,6,12,2,3,5,2,0,1,1,0,0,0,0,0,"811459,9443","5822935,685",13.58606978,52.46754207,7339.0
213289,11,3,3400725.0,2021,5,12,2,2,5,7,0,1,0,0,0,0,1,0,"798769,4734","5834930,673",13.41059962,52.58214775,4772.0
213288,11,1,1100311.0,2021,6,20,5,3,2,3,0,0,1,0,0,0,0,0,"799856,2113","5827492,076",13.41987425,52.51487543,4853.0
213287,11,3,3400721.0,2021,6,15,4,3,2,6,0,0,1,0,0,0,1,0,"797858,1022","5833044,236",13.39549406,52.56573816,4567.0
213286,11,6,6400737.0,2021,6,8,3,3,6,7,0,0,1,1,0,0,0,0,"784781,1386","5816118,875",13.18862346,52.42098258,1425.0
213285,11,5,5100104.0,2021,6,8,1,2,0,1,0,1,0,0,0,0,0,0,"785197,0293","5831566,947",13.20794476,52.55927382,1766.0
213284,11,10,10400938.0,2021,6,7,4,3,5,3,0,0,1,0,0,0,0,0,"814263,302","5829286,078",13.63319203,52.52284173,8055.0
213283,11,4,4400726.0,2021,6,18,4,3,5,3,0,1,1,0,0,0,0,0,"790095,5447","5824242,513",13.2736134,52.49102201,2746.0
213282,11,1,1300732.0,2021,6,15,2,3,1,5,0,1,1,0,0,0,0,0,"797346,8844","5832381,461",13.38738014,52.56007668,4466.0
213281,11,7,7501031.0,2021,7,16,2,3,5,7,0,0,1,0,0,0,1,0,"798747,8632","5819878,496",13.39676755,52.44723782,4533.0
213280,11,1,1300730.0,2021,6,18,7,3,1,5,0,0,1,0,1,0,0,0,"796257,0258","5832159,118",13.37115167,52.55867766,4165.0
213279,11,9,9401329.0,2021,7,11,5,3,5,2,0,1,1,0,0,0,0,1,"811684,246","5819981,232",13.58660359,52.44093804,7331.0
213278,11,1,1200628.0,2021,7,19,5,2,0,1,0,1,0,0,0,0,0,0,"796576,1732","5828699,931",13.37275734,52.52749608,4156.0
213277,11,3,3300517.0,2021,6,15,6,1,8,1,0,0,0,0,1,0,0,0,"803121,6712","5835432,576",13.47509666,52.58423905,5773.0
213276,11,8,8100105.0,2021,6,14,2,3,6,2,0,0,1,1,0,0,0,0,"801002,169","5822166,022",13.43189977,52.46650536,5038.0
213275,11,6,6300634.0,2021,6,9,3,3,5,2,0,1,1,0,0,0,0,0,"792932,8953","5817762,457",13.30959771,52.43141454,3228.0
213274,11,1,1100207.0,2021,6,11,6,3,5,7,0,0,1,0,1,0,0,0,"798406,8132","5826902,929",13.39805043,52.51038943,4551.0
213273,11,3,3400724.0,2021,6,17,6,2,6,4,0,0,1,1,0,0,0,0,"799548,1392","5834703,435",13.42185218,52.57968283,4972.0
213272,11,9,9200717.0,2021,6,11,3,3,5,3,0,0,1,0,0,0,0,0,"809448,4232","5818695,132",13.55262499,52.43068183,6828.0
213271,11,1,1100103.0,2021,6,15,6,3,5,3,0,0,1,0,1,0,0,0,"796166,7889","5825981,09",13.36432032,52.50334677,4049.0
213270,11,4,4501045.0,2021,6,15,2,3,5,3,0,0,1,0,0,0,0,0,"794367,5935","5825045,622",13.33706328,52.49593448,3647.0
213269,11,1,1100416.0,2021,5,7,5,2,5,3,0,1,1,0,0,0,0,0,"798678,4759","5829460,555",13.40433817,52.5331663,4658.0
213268,11,11,11300619.0,2021,6,17,4,3,0,5,0,1,1,0,0,0,0,0,"803270,9576","5828976,27",13.47139509,52.52629002,5656.0
213267,11,4,4200310.0,2021,7,15,1,3,5,3,0,1,1,0,0,0,0,0,"789326,2015","5826845,891",13.26457594,52.51477036,2553.0
213266,11,5,5200632.0,2021,5,11,2,3,9,7,0,1,1,0,0,0,0,0,"785651,0819","5828023,702",13.21157741,52.52726775,1856.0
213265,11,2,2200209.0,2021,6,22,3,3,0,7,2,1,0,0,0,0,0,1,"796790,1129","5823978,84",13.37169288,52.4850599,4144.0
213264,11,5,5200528.0,2021,7,6,3,2,5,3,0,0,1,0,1,0,0,0,"783421,8775","5826740,831",13.1777126,52.51692878,1253.0
213263,11,3,3200309.0,2021,7,8,5,3,5,3,0,1,1,0,0,0,0,0,"800169,2621","5837955,588",13.43393865,52.60849005,5180.0
213262,11,9,9100203.0,2021,6,7,2,3,5,2,0,0,0,0,0,0,1,0,"804103,7984","5823592,715",13.47871741,52.47757503,5742.0
213261,11,5,5200528.0,2021,6,17,6,2,0,7,0,1,0,0,0,0,0,0,"783509,7682","5825922,432",13.1783071,52.50954512,1351.0
213260,11,8,8301037.0,2021,6,17,5,3,5,3,0,0,1,0,0,0,0,0,"804538,9504","5817826,703",13.4798474,52.42565329,5727.0
213259,11,11,11501238.0,2021,6,13,2,3,0,6,0,1,0,0,1,0,0,0,"805569,8231","5824320,826",13.50090352,52.48328248,6143.0
213258,11,11,11100204.0,2021,6,12,3,3,2,1,0,0,1,0,0,0,0,0,"805945,0383","5833671,412",13.51501393,52.56687498,6368.0
213257,11,12,12100205.0,2021,6,9,7,3,3,2,0,1,1,0,0,0,0,0,"795575,5654","5834582,672",13.36328853,52.58077275,4072.0
213256,11,2,2200210.0,2021,6,9,7,3,2,6,0,0,1,0,0,0,1,0,"798812,4088","5824674,034",13.40200925,52.49018841,4645.0
213255,11,11,11300721.0,2021,7,13,6,3,5,2,0,0,0,0,0,0,1,0,"804646,5075","5829089,577",13.49171229,52.52653867,5956.0
213254,11,6,6100209.0,2021,7,10,5,3,2,6,0,0,1,0,0,0,0,1,"794767,5636","5821055,791",13.33941105,52.45995213,3737.0
213253,11,1,1100101.0,2021,7,17,5,3,2,2,0,0,1,0,0,0,0,1,"795256,6166","5826620,866",13.35151752,52.50957516,3851.0
213252,11,9,9401534.0,2021,6,12,5,3,5,2,0,1,0,0,0,0,1,0,"811355,4079","5820027,996",13.58182493,52.44154443,7331.0
213251,11,4,4400833.0,2021,5,16,1,2,2,6,0,0,1,0,1,0,0,0,"791955,0674","5822382,15",13.29929466,52.47335269,3140.0
213250,11,1,1300732.0,2021,6,19,5,3,5,2,0,1,1,0,0,0,0,0,"797526,6528","5832704,906",13.39031418,52.56287775,4467.0
213249,11,2,2500835.0,2021,6,4,6,3,5,3,1,0,1,0,0,0,0,0,"802437,2574","5826259,507",13.45667441,52.50240292,5449.0
213248,11,4,4300623.0,2021,6,19,2,3,6,7,0,0,0,1,0,0,1,0,"792181,0336","5826330,534",13.30607428,52.50862843,3251.0
213247,11,7,7300619.0,2021,6,12,1,2,5,2,0,0,1,0,0,0,0,0,"795231,5284","5822272,862",13.34729669,52.47061195,3840.0
213246,11,2,2400624.0,2021,5,17,5,3,5,3,0,1,1,0,0,0,0,1,"801850,9502","5827221,988",13.44893568,52.51135436,5352.0
213245,11,1,1300835.0,2021,6,16,4,3,5,2,0,1,1,0,0,0,0,0,"797774,0241","5829745,811",13.39129925,52.53621812,4459.0
213244,11,4,4501042.0,2021,5,2,2,3,5,5,2,0,1,0,0,0,0,0,"793917,9855","5825618,059",13.33096473,52.5013084,3549.0
213243,11,1,1200520.0,2021,6,12,2,2,6,2,0,0,1,1,0,0,0,0,"794555,0853","5829074,547",13.34338344,52.53195002,3758.0
213242,11,10,10300731.0,2021,7,17,2,3,5,7,0,1,1,0,0,0,0,0,"809649,3119","5829701,505",13.56579111,52.52920433,7057.0
213241,11,11,2500729.0,2021,7,16,6,3,6,7,0,1,0,1,0,0,0,0,"803775,6902","5827706,868",13.47765291,52.51463178,5753.0
213240,11,11,11100206.0,2021,6,16,5,3,0,6,0,0,0,0,1,0,1,0,"805322,1702","5834808,468",13.50689966,52.57741525,6171.0
213239,11,4,4501151.0,2021,6,16,5,3,2,6,0,0,1,0,0,0,1,0,"793368,448","5823071,396",13.32065012,52.47877426,3442.0
213238,11,6,6300528.0,2021,6,18,2,3,0,1,0,1,0,0,0,0,0,0,"789630,284","5817037,282",13.26052867,52.42667164,2527.0
213237,11,5,5200632.0,2021,5,8,2,3,5,2,0,0,1,0,0,0,1,0,"785328,1984","5828211,182",13.20699174,52.52911777,1757.0
213236,11,3,3400620.0,2021,6,15,6,2,0,2,0,1,1,0,0,0,0,0,"797398,2036","5833964,793",13.38955444,52.57424117,4470.0
213235,11,12,12601032.0,2021,6,22,7,3,1,5,2,0,1,0,0,0,1,0,"792924,3043","5837538,12",13.32688652,52.60870041,3580.0
213234,11,1,1300836.0,2021,7,22,6,3,6,4,2,0,1,1,0,0,0,0,"796576,7678","5830507,82",13.37437943,52.54370155,4261.0
213233,11,6,6100208.0,2021,6,12,3,2,5,3,0,0,1,0,0,0,0,0,"794767,7945","5820497,704",13.3389217,52.45494905,3635.0
213232,11,2,2100104.0,2021,6,16,6,3,2,6,0,0,1,0,0,0,0,0,"799345,6544","5826191,388",13.41120318,52.50349715,4749.0
213231,11,2,2100105.0,2021,7,20,1,3,3,6,1,1,0,0,0,0,0,0,"799868,028","5825755,587",13.41848368,52.49930404,4848.0
213230,11,1,1100308.0,2021,5,17,3,3,0,1,0,0,0,0,1,0,0,1,"796789,646","5828824,52",13.37600605,52.52849671,4257.0
213229,11,2,2100103.0,2021,6,19,3,3,5,3,0,0,1,0,1,0,0,0,"798647,5045","5826409,707",13.40114398,52.50583665,4650.0
213228,11,7,7100102.0,2021,7,11,3,3,2,6,0,0,1,0,0,0,0,0,"794962,8202","5825418,108",13.34613553,52.49895221,3848.0
213227,11,9,9501737.0,2021,7,11,3,3,5,3,0,1,1,0,0,0,0,0,"814121,3252","5821604,181",13.62386619,52.454087,7935.0
213226,11,1,1300836.0,2021,6,7,4,3,0,2,0,1,1,0,0,0,0,0,"796936,277","5830145,192",13.37934109,52.5402552,4260.0
213225,11,2,2400521.0,2021,5,15,7,3,5,2,0,1,1,0,0,0,0,0,"800718,1496","5827874,435",13.43288352,52.51782807,5053.0
213224,11,7,7300517.0,2021,6,9,5,3,2,6,0,0,0,0,1,0,1,0,"794252,5954","5822056,134",13.33273554,52.46919727,3639.0
213223,11,9,9301025.0,2021,6,15,4,3,1,5,0,0,1,0,0,0,0,1,"811385,0382","5815575,717",13.57811603,52.40162813,7219.0
213222,11,4,4500937.0,2021,7,23,7,3,2,2,2,0,1,1,1,0,0,0,"791583,3768","5825102,561",13.29621777,52.49793955,3048.0
213221,11,6,6100206.0,2021,6,12,2,3,6,2,0,0,1,1,0,0,0,0,"795053,1295","5819615,868",13.34232966,52.44688995,3733.0
213220,11,11,11400930.0,2021,6,12,6,3,5,2,0,0,1,0,0,0,0,0,"806141,8404","5826706,679",13.51149302,52.5043449,6250.0
213219,11,7,7501029.0,2021,6,10,3,3,2,6,0,0,1,0,0,0,0,0,"797625,6966","5818749,1",13.37929885,52.43772593,4230.0
213218,11,5,5100317.0,2021,6,5,4,3,5,2,0,1,0,0,0,0,1,0,"788108,8378","5827861,867",13.24756604,52.52452349,2355.0
213217,11,8,8100520.0,2021,6,21,7,3,2,6,1,0,1,0,0,0,0,0,"803139,3219","5822754,504",13.46379811,52.47059837,5540.0
213216,11,11,11200410.0,2021,6,10,2,3,5,2,0,0,1,0,0,0,1,0,"805003,1968","5833002,962",13.50054683,52.56141258,6066.0
213215,11,5,5100316.0,2021,7,11,1,3,5,3,0,0,1,0,1,0,0,0,"785296,971","5829281,679",13.20745158,52.53873208,1760.0
213214,11,6,6400839.0,2021,6,14,1,3,5,2,0,1,0,0,1,0,0,0,"788472,5219","5818500,042",13.2448107,52.44039785,2231.0
213213,11,7,7200307.0,2021,5,9,3,3,6,2,0,1,0,1,0,0,0,0,"794629,4716","5824340,192",13.34028582,52.48946942,3745.0
213212,11,4,4501041.0,2021,7,15,5,3,6,2,0,0,1,1,0,0,0,1,"792962,9038","5825751,888",13.31705255,52.50302175,3349.0
213211,11,7,7501134.0,2021,7,14,3,2,0,1,0,0,0,0,1,0,0,0,"798933,5474","5817270,546",13.39715956,52.42375921,4526.0
213210,11,8,8200624.0,2021,7,11,5,3,2,2,0,0,1,0,0,0,0,0,"801370,4156","5820954,183",13.43621004,52.45544031,5135.0
213209,11,4,4300619.0,2021,6,15,2,3,5,2,0,0,1,0,1,0,0,0,"792765,9541","5827046,568",13.31529802,52.51473385,3353.0
213208,11,4,4500939.0,2021,6,7,5,3,5,2,0,1,1,0,0,0,0,0,"792199,1744","5824076,207",13.30436304,52.48840912,3145.0
213207,11,8,8100311.0,2021,5,22,1,2,5,2,0,0,1,0,1,0,0,0,"800663,9041","5824385,225",13.42893608,52.48658315,5044.0
213206,11,9,9200613.0,2021,6,7,6,3,1,5,0,0,1,0,0,0,1,0,"807194,6493","5821019,549",13.52171643,52.45278408,6434.0
213205,11,10,10300731.0,2021,6,8,5,3,1,5,0,1,1,0,0,0,0,1,"808983,6975","5828974,162",13.55533454,52.52306373,6955.0
213204,11,7,7501134.0,2021,6,16,3,3,5,2,0,1,1,0,0,0,0,0,"799062,1667","5818675,905",13.40030224,52.43628626,4630.0
213203,11,4,4400833.0,2021,6,7,2,3,5,2,0,1,1,0,0,0,0,0,"791981,923","5822381,074",13.29968798,52.47332868,3140.0
213202,11,1,1401048.0,2021,5,16,5,3,4,6,0,0,1,0,0,0,0,1,"795416,9508","5831350,229",13.35807588,52.55188309,3963.0
213201,11,4,4501045.0,2021,6,20,4,2,5,2,0,1,1,0,0,0,0,0,"793478,214","5824755,853",13.32374494,52.4938158,3446.0
213200,11,8,8100417.0,2021,5,22,1,3,0,1,2,0,0,0,0,0,1,0,"801697,8677","5822576,452",13.44248081,52.46980043,5239.0
213199,11,5,5100317.0,2021,6,11,2,2,3,2,0,1,1,0,0,0,0,0,"786235,908","5828467,745",13.22055687,52.53094217,1957.0
213198,11,6,6200311.0,2021,7,10,2,3,2,6,0,0,1,0,1,0,0,1,"796795,935","5818449,766",13.36686243,52.43549356,4129.0
213197,11,2,2100105.0,2021,6,10,5,3,0,7,0,0,1,0,1,1,0,0,"799598,9205","5825843,777",13.41461057,52.50024234,4848.0
213196,11,9,9200717.0,2021,7,17,6,3,5,3,0,0,1,0,0,0,1,0,"809470,3866","5819067,536",13.55329167,52.43400685,6829.0
213195,11,2,2500833.0,2021,7,14,6,3,5,2,0,1,1,0,0,0,0,1,"802109,3748","5827355,567",13.45285332,52.51240857,5352.0
213194,11,5,5200633.0,2021,6,20,5,3,2,2,0,0,1,0,0,0,0,0,"784742,1828","5826400,266",13.19682618,52.51318749,1552.0
213193,11,5,5100101.0,2021,6,19,5,2,6,4,0,0,1,1,0,0,0,0,"785334,635","5833393,54",13.21154038,52.5755786,1870.0
213192,11,9,9100304.0,2021,6,21,2,3,5,3,1,1,1,0,0,0,0,0,"804405,6426","5821739,422",13.48145724,52.46079634,5837.0
213191,11,7,7400824.0,2021,5,11,2,3,6,4,0,0,1,1,0,0,0,0,"797451,115","5821871,784",13.37951932,52.46581267,4238.0
213190,11,3,3400619.0,2021,6,12,6,3,5,3,0,1,1,0,0,0,0,0,"796179,0796","5835521,479",13.37300851,52.58885993,4274.0
213189,11,1,1401047.0,2021,6,19,6,3,0,1,0,1,0,0,0,0,0,0,"795261,5932","5830471,421",13.35500986,52.54408957,3961.0
213188,11,9,9200511.0,2021,6,16,4,3,2,6,0,1,1,0,0,0,0,0,"806581,0771","5822317,622",13.5139075,52.46476232,6238.0
213187,11,10,10200628.0,2021,6,12,2,3,2,7,0,1,0,0,0,0,1,0,"811412,9707","5829815,198",13.59181232,52.52921859,7457.0
213186,11,1,1400938.0,2021,5,7,6,3,1,5,0,1,1,0,0,1,0,0,"793791,6507","5830422,276",13.3333528,52.54444365,3661.0
213185,11,5,5200423.0,2021,6,14,4,3,2,6,0,0,1,0,1,0,0,0,"781683,0894","5828418,961",13.15357735,52.53287669,958.0
213184,11,3,3601449.0,2021,7,4,1,3,5,3,1,0,1,0,0,0,1,0,"801445,1862","5830946,384",13.44635138,52.54496083,5261.0
213183,11,10,10100316.0,2021,5,10,3,3,0,6,0,0,0,0,0,0,1,1,"810174,3951","5831747,783",13.57541666,52.5472435,7262.0
213182,11,6,6400841.0,2021,6,23,3,3,5,3,2,0,1,0,0,0,0,1,"789866,6667","5818783,952",13.26550993,52.442206,2631.0
213181,11,1,1100310.0,2021,7,15,3,3,6,7,0,0,0,1,0,0,1,0,"799196,2836","5828260,786",13.41086963,52.52212819,4755.0
213180,11,2,2200212.0,2021,7,11,7,3,6,4,0,1,0,1,0,0,0,0,"799853,7697","5824464,715",13.41711247,52.48774119,4845.0
213179,11,3,3601449.0,2021,6,16,2,3,1,5,0,1,1,0,0,0,0,0,"801364,8589","5830301,175",13.44458513,52.53922221,5260.0
213178,11,6,6400737.0,2021,6,7,6,3,5,3,0,1,1,0,0,0,0,0,"786609,9842","5817441,64",13.21657722,52.43188765,1828.0
213177,11,4,4501042.0,2021,6,23,2,3,2,2,2,0,1,0,0,0,0,0,"793986,2782","5826171,933",13.33245696,52.50623681,3550.0
213176,11,12,12200515.0,2021,6,10,3,3,6,7,0,0,0,1,0,1,0,0,"790363,6584","5835305,377",13.2872199,52.59005812,2975.0
213175,11,6,6400838.0,2021,6,13,7,3,2,2,0,1,1,0,0,0,0,1,"787646,0457","5818155,991",13.23238925,52.43774852,2130.0