ObjectID,State,District,LOR_ab_2021,AccidentYear,AccidentMonth,AccidentHour,DayOfWeek,AccidentCategory,AccidentType,AccidentTypeDetail,LightingCondition,InvolvingBike,InvolvingCar,InvolvingPedestrian,InvolvingMotorcycle,InvolvingHGV,InvolvingOther,RoadCondition,GraphicCoord1,GraphicCoord2,LongitudeWGS84,LatitudeWGS84,quadrant
213174,11,1,1401046.0,2021,6,19,7,3,0,1,0,1,0,0,0,0,0,0,"795415,4837","5829941,681",13.35680151,52.5392575,3960.0
213173,11,3,3701554.0,2021,7,13,6,3,1,5,0,1,1,0,0,0,0,0,"799075,334","5830207,69",13.41084381,52.53964563,4760.0
213172,11,2,2400623.0,2021,6,15,5,3,0,2,0,1,1,0,0,0,0,0,"800672,913","5827572,49",13.43194599,52.5151466,5053.0
213171,11,1,1401047.0,2021,6,20,6,3,5,3,1,1,1,0,0,0,0,0,"795353,5672","5830378,96",13.35627997,52.54321089,3961.0
213170,11,11,11400927.0,2021,5,8,4,3,0,7,0,0,1,0,0,0,1,0,"803925,4049","5826403,582",13.47866244,52.50286742,5749.0
213169,11,6,6400736.0,2021,6,8,4,3,0,7,0,0,0,0,1,0,0,1,"787514,3096","5816705,358",13.22920927,52.42481173,2026.0
213168,11,2,2100104.0,2021,7,17,2,2,5,2,0,1,1,0,0,0,0,0,"798693,8814","5826442,17",13.40185437,52.50610225,4650.0
213167,11,10,10100311.0,2021,7,6,4,2,0,1,0,1,0,0,0,0,0,1,"807475,2075","5829174,425",13.53335591,52.52571119,6556.0
213166,11,1,1300733.0,2021,6,19,4,3,2,7,0,0,1,0,0,0,0,0,"797530,6923","5831283,159",13.3890992,52.55013141,4463.0
213165,11,5,5300839.0,2021,5,15,7,2,5,2,0,0,1,0,0,0,1,0,"788902,9998","5830071,126",13.26115961,52.54390986,2561.0
213164,11,12,12200307.0,2021,6,15,5,2,2,6,0,0,1,0,1,0,0,0,"793406,685","5833207,693",13.33015455,52.56962079,3569.0
213163,11,1,1100415.0,2021,6,15,4,3,0,1,0,0,0,0,1,0,0,1,"797367,0059","5829143,29",13.38477698,52.53103948,4357.0
213162,11,7,7100103.0,2021,6,2,3,3,0,1,2,0,0,0,0,0,1,0,"795888,637","5825530,243",13.35983378,52.49945622,4048.0
213161,11,4,4501042.0,2021,6,11,7,3,2,2,0,1,1,0,0,0,0,0,"793968,2401","5826144,582",13.33216781,52.50600134,3550.0
213160,11,4,4300619.0,2021,6,16,3,3,5,2,0,1,1,0,0,0,0,0,"792761,8482","5827053,713",13.31524397,52.51480011,3353.0
213159,11,6,6100205.0,2021,6,16,4,3,2,6,0,0,1,0,0,0,0,0,"795772,1202","5819909,706",13.35313817,52.44913553,3933.0
213158,11,2,2200207.0,2021,6,13,2,3,6,4,0,0,1,1,0,0,0,0,"796771,018","5826035,917",13.37324497,52.50350994,4249.0
213157,11,12,12400723.0,2021,6,17,1,3,5,3,0,1,1,0,0,0,0,0,"792172,9695","5838105,464",13.31632361,52.61419074,3382.0
213156,11,1,1100310.0,2021,7,11,1,2,2,6,0,0,1,0,1,0,0,0,"799513,1467","5828167,358",13.41544175,52.52111679,4854.0
213155,11,12,12200308.0,2021,6,20,7,3,6,4,0,1,0,1,0,0,0,0,"792553,1711","5833286,925",13.31766705,52.57079047,3369.0
213154,11,4,4300412.0,2021,7,14,5,3,5,3,0,1,1,0,0,0,0,1,"791570,6423","5827494,198",13.2981257,52.51938711,3054.0
213153,11,4,4501149.0,2021,7,9,4,3,3,6,0,1,0,0,0,1,0,0,"793483,6745","5824497,152",13.32359725,52.4914937,3446.0
213152,11,2,2400625.0,2021,7,20,5,3,1,5,0,1,1,0,0,0,0,0,"801141,0509","5826588,116",13.43793327,52.5060652,5150.0
213151,11,10,10100205.0,2021,6,7,5,3,5,3,0,0,1,0,0,0,0,0,"807185,9918","5832502,04",13.5321828,52.55569635,6565.0
213150,11,4,4501042.0,2021,6,15,4,3,2,2,0,0,1,0,0,0,0,0,"794473,3186","5825841,627",13.33931995,52.50301316,3749.0
213149,11,7,7400825.0,2021,6,14,6,2,5,7,0,1,1,0,0,0,0,0,"797541,9775","5820777,546",13.37987751,52.45595448,4335.0
213148,11,4,4400727.0,2021,6,8,2,3,1,5,0,0,1,0,0,0,0,0,"790742,2435","5823027,91",13.28205204,52.47978892,2842.0
213147,11,7,7200409.0,2021,6,12,4,3,5,2,0,1,1,0,0,0,0,0,"795251,0332","5824247,462",13.34933147,52.48830236,3845.0
213146,11,7,7200307.0,2021,5,13,3,3,2,6,0,0,1,0,1,0,0,0,"794943,0606","5824353,945",13.34490316,52.48942338,3745.0
213145,11,4,4501042.0,2021,6,20,3,3,2,6,0,0,1,0,1,0,0,1,"793959,2304","5825920,933",13.33183798,52.5040013,3549.0
213144,11,8,8100521.0,2021,7,17,2,3,2,6,0,0,1,0,0,0,0,0,"802907,3827","5821888,915",13.45960827,52.46296876,5437.0
213143,11,1,1100102.0,2021,7,9,4,3,3,6,0,0,1,0,0,1,0,1,"794824,2366","5827341,972",13.34580385,52.51627322,3753.0
213142,11,9,9200511.0,2021,6,19,4,3,2,6,0,0,1,0,0,0,0,0,"806822,9351","5821995,314",13.51716017,52.46173795,6337.0
213141,11,4,4500937.0,2021,5,9,7,3,0,6,0,0,1,0,0,0,1,0,"791518,7633","5825076,706",13.29524603,52.49774229,3048.0
213140,11,1,1100102.0,2021,6,13,5,3,5,2,0,1,1,0,0,0,0,0,"796678,0345","5827953,818",13.37358884,52.52075254,4254.0
213139,11,7,7601544.0,2021,6,9,4,3,5,2,0,1,1,0,0,0,0,0,"798635,4027","5814459,746",13.39028065,52.39872624,4419.0
213138,11,3,3200205.0,2021,6,7,3,3,5,3,0,0,1,0,0,0,0,0,"797872,6934","5836024,572",13.39838677,52.59244467,4575.0
213137,11,1,1400937.0,2021,6,12,5,3,5,3,0,0,1,0,1,0,0,0,"793771,5498","5831863,27",13.33433218,52.55737212,3665.0
213136,11,9,9100304.0,2021,6,20,7,2,1,1,1,0,1,0,0,0,1,0,"804080,2193","5821645,975",13.47659713,52.46013996,5737.0
213135,11,8,8401242.0,2021,6,16,3,3,5,3,0,0,1,0,0,0,0,0,"805276,0136","5817241,199",13.49011944,52.41999488,5925.0
213134,11,7,7200307.0,2021,6,12,4,2,5,2,0,1,1,0,0,0,0,0,"794944,6464","5824304,957",13.34488309,52.48898337,3745.0
213133,11,1,1200520.0,2021,6,17,2,2,5,2,0,1,1,0,0,0,0,0,"794570,1888","5828435,23",13.34303901,52.52621082,3756.0
213132,11,4,4200308.0,2021,6,14,7,3,0,7,0,0,0,0,1,0,0,0,"788182,8467","5827833,689",13.24862947,52.52423174,2355.0
213131,11,8,7501134.0,2021,7,12,7,2,2,6,0,0,1,0,1,0,0,0,"799457,3768","5817752,112",13.40527125,52.42778942,4627.0
213130,11,8,8200730.0,2021,6,16,1,3,1,5,0,0,1,0,0,1,0,0,"801542,4845","5819191,776",13.43714387,52.43954844,5131.0
213129,11,4,4501041.0,2021,5,16,3,3,3,6,0,0,1,0,0,0,0,1,"793033,7656","5825373,375",13.31776045,52.49959046,3348.0
213128,11,2,2300419.0,2021,7,15,5,3,0,7,0,1,0,0,0,0,0,1,"801629,2216","5825913,301",13.44449271,52.49974709,5248.0
213127,11,4,4200205.0,2021,7,21,4,3,1,3,1,1,1,0,0,0,1,0,"788528,5762","5826920,488",13.25291912,52.51586169,2453.0
213126,11,3,3500933.0,2021,7,19,4,3,5,2,0,1,0,0,1,0,0,0,"802407,176","5832560,264",13.46196405,52.5588927,5565.0
213125,11,3,3601346.0,2021,6,22,2,2,0,1,2,1,0,0,0,0,0,0,"799278,3828","5830562,045",13.41414798,52.54271038,4861.0
213124,11,3,3601141.0,2021,6,8,5,3,3,6,0,1,1,0,0,0,0,0,"798818,3569","5831512,425",13.40823985,52.55148161,4763.0
213123,11,9,9501737.0,2021,5,16,2,3,8,1,0,0,0,0,1,0,0,0,"814204,55","5820811,873",13.62434165,52.44693932,7933.0
213122,11,7,7200307.0,2021,6,14,5,3,1,5,0,1,1,0,0,0,0,0,"794679,6767","5824257,173",13.34094969,52.48869811,3745.0
213121,11,12,12400616.0,2021,6,13,5,2,1,1,0,0,1,0,0,0,0,0,"786454,5803","5834535,865",13.22900917,52.58523184,2073.0
213120,11,5,5300840.0,2021,6,8,3,3,2,6,0,0,1,0,1,0,0,0,"789395,9704","5828710,288",13.26722356,52.53144807,2657.0
213119,11,8,8100417.0,2021,6,17,2,3,2,6,0,1,0,0,0,0,1,0,"802555,1652","5823099,937",13.45553784,52.47401834,5441.0
213118,11,1,1200626.0,2021,6,17,2,3,2,2,0,1,1,0,0,0,0,0,"795022,7547","5828270,085",13.34954409,52.52448571,3855.0
213117,11,9,9100304.0,2021,5,21,5,2,5,2,1,0,1,0,0,0,0,0,"804394,207","5821741,947",13.48129175,52.46082534,5837.0
213116,11,1,1200629.0,2021,6,17,4,3,3,6,0,1,0,0,0,0,0,0,"794914,7092","5827829,554",13.34756552,52.52059513,3854.0
213115,11,7,7400822.0,2021,5,15,1,3,1,5,0,0,1,0,0,1,0,0,"796904,5651","5821098,886",13.37081012,52.45918162,4136.0
213114,11,9,9501941.0,2021,6,17,3,3,6,4,0,1,0,1,0,0,0,0,"811603,0281","5821152,13",13.58650459,52.45147729,7334.0
213113,11,12,12200411.0,2021,7,23,2,2,5,2,2,0,1,0,0,0,0,0,"792900,675","5832166,526",13.32179065,52.56055976,3466.0
213112,11,12,12200310.0,2021,7,16,6,3,2,6,0,0,1,0,0,0,0,0,"792339,9021","5833900,233",13.31506992,52.5764031,3371.0
213111,11,1,1401045.0,2021,7,19,6,3,3,6,0,0,1,0,0,0,0,1,"797112,9147","5831922,549",13.38352807,52.55609081,4365.0
213110,11,1,1400938.0,2021,6,19,5,3,1,5,0,1,1,0,0,0,0,0,"794488,688","5831198,996",13.3442906,52.55103007,3763.0
213109,11,9,9300920.0,2021,6,21,5,3,5,3,1,1,1,0,0,0,0,0,"808196,5907","5817059,473",13.53276384,52.41672944,6524.0
213108,11,1,1400938.0,2021,6,18,2,3,2,6,0,0,1,0,1,0,0,0,"794159,9125","5830312,255",13.33867022,52.54325868,3661.0
213107,11,7,7400927.0,2021,5,14,2,3,0,7,0,0,1,0,1,0,0,0,"798893,9009","5821146,27",13.40004461,52.45852201,4636.0
213106,11,2,2500833.0,2021,6,19,6,3,5,3,0,1,1,0,0,0,0,0,"802351,98","5827086,415",13.45617287,52.50986175,5451.0
213105,11,1,1300834.0,2021,6,15,6,3,1,5,0,1,0,0,0,0,1,0,"797909,1461","5830816,625",13.39424572,52.54574272,4562.0
213104,11,5,5200629.0,2021,6,7,4,3,5,3,0,0,1,0,0,0,0,0,"783882,3678","5828698,377",13.18615192,52.53424093,1458.0
213103,11,4,4400832.0,2021,6,14,6,3,2,6,0,0,1,0,0,0,0,0,"791533,1873","5821987,906",13.29275651,52.47004362,3039.0
213102,11,6,6100209.0,2021,5,8,6,3,5,3,0,1,1,0,0,0,0,1,"794643,1091","5821072,644",13.33759947,52.46017032,3637.0
213101,11,12,12100205.0,2021,6,13,4,3,2,6,0,0,1,0,0,0,0,0,"795228,7458","5833266,532",13.35701299,52.56916308,3968.0
213100,11,3,3601142.0,2021,7,13,1,3,5,2,0,1,1,0,0,0,0,0,"799186,2605","5831223,831",13.41338974,52.54869286,4862.0
213099,11,11,11501340.0,2021,5,18,3,3,3,6,0,0,1,0,1,0,0,1,"807320,7912","5824933,479",13.52717211,52.48779055,6445.0
213098,11,2,2200210.0,2021,6,8,3,3,5,3,0,0,1,0,0,0,0,0,"798296,7402","5824810,952",13.39455945,52.49169773,4546.0
213097,11,9,9200613.0,2021,7,8,2,2,2,6,0,0,1,0,0,0,0,1,"805919,8503","5821832,456",13.50376005,52.46078464,6137.0
213096,11,12,12500824.0,2021,7,10,3,3,6,4,0,0,1,1,0,0,0,0,"790892,2746","5836114,045",13.29571134,52.5970252,3077.0
213095,11,1,1300834.0,2021,7,16,7,2,2,6,0,1,1,0,0,0,0,0,"798100,2854","5830880,524",13.39711341,52.54621093,4562.0
213094,11,5,5100101.0,2021,6,14,2,3,5,3,0,0,1,0,0,0,0,0,"784054,0522","5832424,08",13.19186369,52.56755635,1568.0
213093,11,7,7300619.0,2021,6,12,6,3,5,2,0,1,1,0,0,0,0,0,"794988,2926","5822318,931",13.34376695,52.47115633,3740.0
213092,11,10,10400835.0,2021,6,18,3,3,5,3,0,0,1,0,0,0,0,0,"812422,694","5829360,839",13.6062217,52.52456934,7655.0
213091,11,12,12500824.0,2021,6,11,3,3,5,2,0,0,1,0,0,0,0,0,"790689,5822","5835381,476",13.29208427,52.59056625,2975.0
213090,11,10,10200417.0,2021,6,14,7,3,6,4,0,0,1,1,0,0,0,1,"811315,2905","5831726,45",13.59216749,52.54640161,7462.0
213089,11,4,4300620.0,2021,6,12,6,3,2,2,0,0,1,0,0,0,0,0,"794160,2497","5827009,152",13.33575273,52.51364823,3652.0
213088,11,4,4200308.0,2021,7,11,7,3,5,3,0,0,1,0,0,0,0,0,"789830,8149","5827311,564",13.272397,52.51867727,2754.0
213087,11,7,7300619.0,2021,6,17,6,3,5,2,0,0,1,0,1,0,0,0,"795415,659","5820990,329",13.34886422,52.45901535,3836.0
213086,11,12,12100205.0,2021,5,17,4,3,5,2,0,0,1,0,0,0,0,0,"793798,151","5832738,869",13.33549867,52.56520695,3667.0
213085,11,6,6200316.0,2021,6,16,4,3,2,6,0,0,1,0,0,0,1,1,"796003,6985","5817733,679",13.35460864,52.42950364,3928.0
213084,11,3,3500934.0,2021,7,16,3,2,5,2,0,1,1,0,0,0,0,0,"801151,0275","5831615,444",13.44263339,52.55112034,5263.0
213083,11,6,6400844.0,2021,7,8,4,3,5,3,0,0,1,0,0,0,0,1,"790557,5814","5820948,448",13.27752943,52.46124449,2737.0
213082,11,3,3601453.0,2021,6,17,4,3,5,2,0,1,1,0,0,0,0,0,"802889,4415","5828631,324",13.46547446,52.5234104,5555.0
213081,11,3,3300411.0,2021,6,16,2,3,6,4,0,0,1,1,0,0,0,0,"803884,6367","5839166,068",13.48974989,52.61727467,5983.0
213080,11,8,8100310.0,2021,5,13,6,3,6,2,0,0,1,1,0,0,0,1,"800375,2307","5825114,345",13.42535477,52.49327742,4946.0
213079,11,3,3701554.0,2021,6,10,5,3,5,2,0,1,1,0,0,0,0,0,"799097,5074","5829119,421",13.41019042,52.52987877,4757.0
213078,11,8,8100102.0,2021,6,17,4,2,0,3,0,1,0,0,0,0,1,0,"799814,2291","5823665,177",13.41581278,52.48059624,4843.0
213077,11,1,1100313.0,2021,6,9,4,3,6,4,0,0,1,1,0,0,0,0,"800064,2572","5826408,192",13.42195378,52.50504575,4950.0
213076,11,1,1200520.0,2021,6,17,7,3,1,5,0,1,1,0,0,0,0,0,"794111,1633","5828464,698",13.33631844,52.52672281,3656.0
213075,11,12,12100205.0,2021,6,17,3,3,2,6,0,0,1,0,0,0,0,0,"794079,371","5835358,311",13.34195916,52.58853648,3774.0
213074,11,1,1300836.0,2021,6,16,4,3,1,5,0,1,1,0,0,0,0,0,"796658,7148","5830467,135",13.37554795,52.54329224,4261.0
213073,11,11,11200411.0,2021,6,17,2,3,6,4,0,1,0,1,0,0,0,0,"804917,8507","5831374,156",13.49779572,52.54686237,6062.0
213072,11,4,4400726.0,2021,6,3,1,2,0,1,2,1,0,0,0,0,0,0,"790697,0193","5825012,485",13.28311918,52.49760488,2848.0
213071,11,4,4501153.0,2021,7,9,1,3,5,2,0,0,1,0,0,0,0,0,"794007,2653","5824069,55",13.3309096,52.4873787,3545.0
213070,11,8,8100417.0,2021,6,13,7,3,3,6,0,1,0,0,0,0,0,0,"802572,5296","5823098,616",13.45579152,52.47399688,5441.0
213069,11,1,1100205.0,2021,7,9,5,3,5,3,0,1,1,0,0,0,0,1,"796975,1098","5826858,78",13.37697703,52.51077499,4251.0
213068,11,4,4501043.0,2021,7,17,5,3,5,3,0,0,1,0,1,0,0,1,"793098,9487","5825138,777",13.31851149,52.49745237,3347.0
213067,11,3,3300413.0,2021,6,13,5,3,5,3,0,1,0,0,0,1,0,0,"803206,0524","5838017,034",13.47870447,52.60735544,5780.0
213066,11,6,6100206.0,2021,6,7,5,3,6,2,0,0,1,1,0,0,0,0,"795062,3623","5819627,923",13.34247577,52.44699303,3733.0
213065,11,11,11400928.0,2021,5,19,1,3,1,5,0,1,1,0,0,0,0,0,"804751,4625","5825973,581",13.49040122,52.49855279,5948.0
213064,11,4,4300416.0,2021,6,13,6,3,5,3,0,0,1,0,0,0,0,0,"791753,3942","5826431,149",13.29987935,52.5097593,3151.0
213063,11,9,9401534.0,2021,6,12,5,3,5,3,0,1,0,0,0,0,0,0,"811052,9469","5820289,282",13.57763263,52.44405808,7232.0
213062,11,12,12400618.0,2021,6,10,3,3,2,6,0,0,1,0,1,0,0,0,"786193,0182","5839017,889",13.22903487,52.62555333,2085.0
213061,11,3,3601245.0,2021,6,8,2,3,1,5,0,1,1,0,0,0,0,0,"800418,6451","5830809,537",13.43113532,52.54430124,5061.0
213060,11,7,7400927.0,2021,5,15,5,3,5,3,0,0,1,0,0,0,1,1,"799075,7331","5821704,927",13.40321333,52.46343017,4638.0
213059,11,5,5100313.0,2021,6,18,4,3,1,1,0,0,1,0,1,0,0,0,"785936,1765","5830336,36",13.2177585,52.54785307,1862.0
213058,11,1,1200629.0,2021,5,16,2,3,5,3,0,1,0,0,1,0,0,0,"794884,3088","5827786,348",13.34708046,52.52022426,3854.0
213057,11,7,7100102.0,2021,6,22,2,3,1,7,2,0,1,0,0,0,0,0,"794971,3457","5825319,297",13.34617324,52.49806183,3848.0
213056,11,2,2500835.0,2021,7,20,2,2,6,4,0,0,1,1,0,0,0,0,"802037,9221","5826154,11",13.45071356,52.50167943,5349.0
213055,11,9,9401534.0,2021,7,6,6,3,6,4,0,0,0,1,0,0,1,1,"810902,375","5820324,3",13.57545698,52.44445752,7232.0
213054,11,10,10100312.0,2021,7,22,6,3,5,2,2,0,1,0,0,0,0,1,"807673,9717","5830165,939",13.53719405,52.53448497,6658.0
213053,11,10,10200422.0,2021,6,9,6,2,0,7,0,0,1,0,0,0,1,0,"812744,7526","5830926,223",13.6124259,52.53841215,7759.0
213052,11,4,4300622.0,2021,6,17,5,3,6,4,0,0,1,1,0,0,0,0,"793319,633","5826693,569",13.32312275,52.51127188,3452.0
213051,11,3,3500936.0,2021,6,14,2,3,6,4,0,1,0,1,0,0,0,0,"802223,095","5831555,852",13.45834253,52.54999247,5463.0
213050,11,5,5100316.0,2021,5,18,2,3,0,2,0,0,1,0,0,0,1,0,"784833,4591","5829015,591",13.20040778,52.53658882,1659.0
213049,11,6,6100208.0,2021,6,12,6,3,1,5,0,0,1,0,0,0,1,0,"794168,0137","5820501,707",13.33012399,52.45530807,3535.0
213048,11,2,2400522.0,2021,6,15,6,3,2,6,0,0,1,0,0,0,0,0,"802115,7183","5827735,367",13.45329133,52.51580921,5353.0
213047,11,3,3400828.0,2021,7,19,6,3,5,3,0,1,1,0,0,0,0,0,"800116,3336","5831764,218",13.42755351,52.5530249,5064.0
213046,11,7,7601544.0,2021,6,8,4,3,5,2,0,0,1,0,0,0,0,0,"799790,8225","5813977,059",13.40678035,52.39376836,4717.0
213045,11,1,1401043.0,2021,6,14,6,3,5,3,0,0,1,0,1,0,0,0,"795778,9563","5831021,471",13.36310662,52.54873964,4062.0
213044,11,6,6300629.0,2021,5,14,1,2,5,3,0,1,1,0,0,0,0,0,"791772,4937","5819267,85",13.2938923,52.4455306,3032.0
213043,11,7,7501031.0,2021,6,8,6,3,6,4,0,0,1,1,0,0,0,0,"798415,4418","5819665,683",13.39170073,52.44551173,4432.0
213042,11,12,12200412.0,2021,6,18,5,3,6,4,0,0,1,1,0,0,0,1,"790040,8903","5833682,728",13.28104859,52.57568335,2870.0
213041,11,1,1300836.0,2021,6,9,3,3,5,2,0,0,1,0,0,0,0,0,"796796,261","5829974,663",13.3771303,52.53880287,4260.0
213040,11,8,8200624.0,2021,6,17,2,3,0,1,0,1,0,0,0,0,0,0,"801314,0397","5820411,147",13.43489293,52.45060398,5134.0
213039,11,6,6200313.0,2021,6,19,2,3,1,5,0,1,1,0,0,0,0,0,"795301,3773","5818050,705",13.34458881,52.43272515,3729.0
213038,11,1,1200628.0,2021,5,18,5,3,0,1,0,0,0,0,1,0,0,1,"795990,315","5828358,092",13.36384235,52.52475021,4055.0
213037,11,5,5300736.0,2021,6,15,4,3,5,2,0,1,1,0,0,0,0,0,"786160,1554","5829142,033",13.22002376,52.53702745,1959.0
213036,11,11,11100206.0,2021,5,18,1,2,2,6,0,0,1,1,1,0,0,1,"805139,9634","5834436,315",13.50387663,52.5741821,6170.0
213035,11,11,11300722.0,2021,6,16,2,3,2,6,0,0,1,0,0,0,1,0,"803522,1385","5828621,695",13.47476259,52.52297228,5755.0
213034,11,7,7501133.0,2021,7,11,2,2,5,3,0,0,1,0,0,0,0,1,"798376,9328","5818418,132",13.39002203,52.43434986,4429.0
213033,11,10,10400835.0,2021,7,8,6,3,5,3,0,0,1,0,0,0,0,0,"811784,1279","5828726,825",13.59624564,52.51925332,7554.0
213032,11,1,1300732.0,2021,7,8,6,3,5,2,0,1,1,0,0,0,0,1,"797336,7754","5832357,128",13.38720966,52.55986408,4466.0
213031,11,1,1400937.0,2021,6,18,5,3,0,1,0,1,0,0,0,0,0,0,"793343,705","5830146,811",13.32652295,52.54221562,3561.0
213030,11,12,12601031.0,2021,6,10,2,3,2,6,0,0,1,0,0,0,0,0,"793153,9396","5836803,227",13.32961709,52.60198878,3578.0
213029,11,5,5100314.0,2021,5,14,2,3,5,3,0,1,0,0,1,0,0,0,"784841,8629","5830345,947",13.2016721,52.54851234,1662.0
213028,11,10,10200524.0,2021,6,19,6,3,0,1,0,0,0,0,0,0,1,0,"812381,2806","5830464,702",13.60665038,52.53448488,7658.0
213027,11,12,12400722.0,2021,6,13,6,3,5,7,0,0,1,0,1,0,0,0,"790542,4269","5837224,853",13.29153573,52.60717042,2980.0
213026,11,9,9100304.0,2021,7,19,6,3,2,7,0,0,1,0,0,0,0,0,"805241,991","5821798,849",13.49378322,52.46086246,5937.0
213025,11,6,6400737.0,2021,6,18,3,3,1,6,0,1,1,0,0,0,1,0,"786058,6451","5817847,884",13.20883736,52.43581864,1729.0
213024,11,6,6300528.0,2021,6,7,6,3,2,6,0,0,1,0,0,0,0,1,"790605,7268","5815210,514",13.27324795,52.40977689,2722.0
213023,11,1,1200518.0,2021,5,13,6,3,0,5,0,1,1,0,0,0,0,0,"793504,4939","5828516,808",13.32744758,52.5275169,3556.0
213022,11,4,4501040.0,2021,6,12,4,3,2,6,0,0,1,0,0,0,0,0,"792720,4146","5825927,384",13.31364456,52.50472516,3350.0
213021,11,8,8401241.0,2021,7,10,1,3,0,1,0,0,0,0,1,0,0,0,"804761,5148","5817842,267",13.48312469,52.42566887,5827.0
213020,11,8,8200833.0,2021,5,6,3,3,5,3,0,0,1,0,0,0,1,1,"801915,05","5816767,086",13.44041937,52.41760973,5224.0
213019,11,1,1100206.0,2021,6,13,3,3,5,3,0,0,1,0,0,0,1,0,"798164,6308","5827653,054",13.39516458,52.51724576,4553.0
213018,11,10,10300734.0,2021,7,16,2,3,6,4,0,0,1,1,0,0,0,0,"809709,2937","5826232,177",13.56344378,52.49807944,7048.0
213017,11,4,4300619.0,2021,7,15,3,3,5,2,0,1,1,0,0,0,0,0,"792748,4388","5827036,13",13.31503146,52.51464968,3353.0
213016,11,8,8100314.0,2021,5,11,6,3,1,5,0,0,1,0,0,0,0,0,"801240,2463","5823875,131",13.43693732,52.48169336,5143.0
213015,11,2,2200213.0,2021,6,8,5,3,6,7,0,0,0,1,0,0,1,0,"800308,9882","5824556,593",13.42387934,52.48831452,4945.0
213014,11,7,7601544.0,2021,7,19,7,3,5,2,0,0,1,0,1,0,0,0,"799791,0486","5813977,081",13.40678369,52.39376843,4717.0
213013,11,3,3400723.0,2021,6,15,2,3,2,2,0,0,0,0,1,0,0,0,"799212,4265","5833859,963",13.4161513,52.57230719,4869.0
213012,11,7,7400823.0,2021,6,16,6,2,5,2,0,1,1,0,0,0,0,0,"797235,626","5820709,561",13.37532173,52.45551174,4235.0
213011,11,10,10300734.0,2021,6,11,3,2,5,3,0,1,1,0,0,0,0,0,"809586,9703","5823957,692",13.55953489,52.47776554,6942.0
213010,11,8,8100314.0,2021,6,14,3,3,6,4,0,0,0,1,1,0,0,0,"801107,1751","5823813,181",13.43492776,52.48121148,5143.0
213009,11,7,7501029.0,2021,6,16,2,3,5,2,0,1,1,0,0,0,0,0,"797336,8725","5818662,131",13.37498516,52.43710343,4230.0
213008,11,3,3300413.0,2021,6,9,6,3,5,3,0,0,1,0,1,0,0,0,"802957,6852","5837664,312",13.47472511,52.60433261,5779.0
213007,11,8,8401241.0,2021,7,6,7,3,4,6,0,0,1,0,0,0,0,0,"803827,5347","5818841,493",13.47033889,52.43514426,5629.0
213006,11,4,4400835.0,2021,6,17,7,3,1,5,0,1,1,0,0,0,0,0,"793264,6381","5822278,518",13.31842877,52.47172213,3340.0
213005,11,11,11400929.0,2021,5,8,3,3,9,1,0,0,0,0,1,0,0,0,"804769,213","5826290,663",13.49095205,52.50138474,5949.0
213004,11,12,12500928.0,2021,6,13,4,3,2,6,0,0,1,0,0,0,0,1,"791445,5022","5836596,791",13.30428095,52.60105664,3178.0
213003,11,12,12400619.0,2021,7,8,3,3,2,6,0,1,1,0,0,0,0,0,"789439,6299","5836227,366",13.27442376,52.59881627,2777.0
213002,11,11,11200514.0,2021,7,4,4,3,5,3,1,0,1,0,1,0,0,1,"804989,5706","5830169,605",13.49774434,52.53602655,6059.0
213001,11,8,8100206.0,2021,6,23,4,3,1,5,2,1,1,0,0,0,0,0,"800643,3907","5823781,112",13.42809006,52.48117957,5043.0
213000,11,5,5100208.0,2021,6,17,2,3,5,3,0,0,1,0,1,0,0,0,"781334,982","5830749,736",13.15043308,52.55395548,864.0
212999,11,11,11300721.0,2021,5,17,6,3,5,3,0,0,1,0,0,0,0,0,"804596,2041","5829930,447",13.49174349,52.53410308,5958.0
212998,11,7,7300517.0,2021,6,13,5,3,2,6,0,1,1,0,0,0,0,0,"794538,3966","5822539,907",13.33735788,52.47338002,3640.0
212997,11,9,9200715.0,2021,6,17,5,3,5,3,0,1,1,0,0,0,0,0,"809383,4399","5818466,091",13.55146034,52.42866594,6827.0
212996,11,12,12100101.0,2021,6,8,3,3,0,2,0,1,1,0,0,0,0,0,"796676,4016","5832784,407",13.3778788,52.56405434,4267.0
212995,11,8,8100209.0,2021,6,14,1,3,5,2,0,1,1,0,0,0,0,0,"801250,4374","5822221,538",13.43559345,52.46686614,5139.0
212994,11,4,4501041.0,2021,6,18,3,3,5,2,0,1,1,0,0,0,0,0,"792949,8228","5825354,467",13.31651076,52.49946602,3348.0
212993,11,6,6100205.0,2021,6,15,4,3,2,6,0,0,1,0,0,0,0,0,"796211,5984","5819783,826",13.35947442,52.44776917,4033.0
212992,11,12,12400721.0,2021,6,9,2,3,5,3,0,0,1,0,0,0,0,0,"790129,6312","5842628,8",13.29020148,52.65583623,2994.0
212991,11,3,3100102.0,2021,7,1,1,3,5,2,2,0,1,0,1,0,0,0,"804858,8222","5841490,595",13.50623847,52.63756191,6188.0
212990,11,6,6400737.0,2021,6,10,1,3,5,2,0,0,0,0,1,0,0,0,"784858,455","5817527,803",13.19095739,52.43357514,1429.0