ObjectID,State,District,LOR_ab_2021,AccidentYear,AccidentMonth,AccidentHour,DayOfWeek,AccidentCategory,AccidentType,AccidentTypeDetail,LightingCondition,InvolvingBike,InvolvingCar,InvolvingPedestrian,InvolvingMotorcycle,InvolvingHGV,InvolvingOther,RoadCondition,GraphicCoord1,GraphicCoord2,LongitudeWGS84,LatitudeWGS84,quadrant
212989,11,2,2400625.0,2021,7,19,5,2,3,6,1,1,0,0,0,0,0,1,"801703,5573","5826155,251",13.44580365,52.50187462,5249.0
212988,11,1,1300835.0,2021,7,13,5,3,5,2,0,1,1,0,0,0,0,0,"797763,5978","5829744,365",13.39114469,52.53621086,4459.0
212987,11,1,1401044.0,2021,6,7,5,3,2,6,0,0,1,0,1,0,0,0,"796674,186","5831621,862",13.37680701,52.55363466,4264.0
212986,11,1,1400938.0,2021,5,6,2,3,1,5,0,0,0,0,0,1,1,0,"793910,3526","5830820,231",13.33545034,52.54794704,3662.0
212985,11,12,12100205.0,2021,6,20,5,3,0,7,0,0,1,0,0,0,0,0,"794903,0486","5833076,411",13.35205237,52.56763535,3868.0
212984,11,1,1100205.0,2021,6,18,6,3,3,6,0,1,1,0,1,0,0,0,"797256,9974","5826908,053",13.38116246,52.51106314,4351.0
212983,11,3,3601450.0,2021,6,11,2,3,0,3,0,0,1,0,0,0,0,0,"802322,661","5829209,437",13.45767156,52.52890654,5457.0
212982,11,8,8100520.0,2021,6,8,2,3,5,3,0,1,0,0,0,0,0,0,"802763,605","5822963,283",13.45847328,52.47267801,5440.0
212981,11,10,10300733.0,2021,5,14,5,3,5,2,0,0,1,0,0,0,0,1,"808915,3507","5827229,345",13.55271056,52.50746582,6850.0
212980,11,9,9100304.0,2021,6,17,4,3,5,2,0,0,1,0,0,0,0,0,"804384,4715","5821738,559",13.48114581,52.46080039,5837.0
212979,11,1,1100103.0,2021,5,18,2,3,1,5,0,0,0,0,1,0,1,0,"795243,3976","5826043,48",13.35081122,52.50440649,3850.0
212978,11,7,7400823.0,2021,6,7,2,3,5,2,0,0,1,0,0,0,0,0,"797351,6483","5821926,578",13.37810829,52.46635798,4238.0
212977,11,4,4200203.0,2021,7,11,2,3,9,1,0,0,0,0,0,0,1,1,"787910,6465","5827807,497",13.24460577,52.52414072,2255.0
212976,11,1,1100309.0,2021,7,21,5,3,2,6,1,0,1,0,0,0,0,0,"798802,8509","5829063,528",13.40580945,52.52953936,4657.0
212975,11,1,1100308.0,2021,6,9,6,3,5,3,0,0,1,0,0,0,0,0,"796929,8362","5828125,256",13.37744215,52.52215224,4255.0
212974,11,1,1100103.0,2021,6,15,5,3,5,2,0,0,1,0,0,0,0,0,"795188,6245","5825887,483",13.3498683,52.50303773,3849.0
212973,11,6,6300632.0,2021,6,17,2,2,5,3,0,0,1,0,0,0,1,0,"792510,9529","5817481,706",13.30316357,52.42912341,3128.0
212972,11,8,8100102.0,2021,5,9,2,3,2,6,0,1,1,0,0,0,0,0,"800472,1444","5823604,288",13.42541665,52.47968887,4942.0
212971,11,4,4200308.0,2021,6,13,6,3,5,2,0,0,1,0,0,0,0,0,"790318,0459","5827616,614",13.27982376,52.52115289,2854.0
212970,11,8,8100314.0,2021,6,15,7,3,6,4,0,0,1,1,0,0,0,0,"801000,9443","5823919,097",13.43346382,52.4822194,5143.0
212969,11,2,2100101.0,2021,7,15,6,3,2,6,0,0,1,0,0,0,1,0,"797786,6493","5825696,585",13.38786036,52.49991489,4448.0
212968,11,8,8100419.0,2021,6,14,3,3,5,3,0,1,1,0,0,0,0,0,"802397,2854","5824036,202",13.4540695,52.48249756,5443.0
212967,11,2,2300418.0,2021,6,19,6,3,1,5,0,1,1,0,0,0,0,0,"801173,7947","5825150,465",13.4371142,52.49316115,5146.0
212966,11,1,1100206.0,2021,5,8,6,3,5,3,0,1,1,0,0,0,0,0,"797754,8126","5827447,02",13.38895845,52.51562282,4453.0
212965,11,12,12200413.0,2021,6,16,4,3,5,3,0,0,1,0,0,0,0,0,"790214,2363","5834031,251",13.28390453,52.57871543,2871.0
212964,11,5,5200526.0,2021,7,20,7,3,2,6,0,0,1,0,0,0,1,0,"782337,6532","5827044,158",13.1620342,52.52021096,1054.0
212963,11,1,1401045.0,2021,5,17,3,3,2,6,0,0,1,0,0,0,0,1,"796732,1634","5831949,259",13.37795228,52.55653782,4265.0
212962,11,5,5100105.0,2021,6,14,3,3,2,6,0,0,1,0,0,0,0,0,"784867,5736","5831121,941",13.20271608,52.55545639,1664.0
212961,11,9,9200614.0,2021,7,8,2,3,0,1,0,1,0,0,0,0,0,1,"808407,4546","5820880,14",13.53937873,52.45085182,6634.0
212960,11,3,3500934.0,2021,7,12,3,3,0,6,0,1,0,0,0,0,1,0,"800990,7288","5831901,14",13.44053536,52.55376966,5264.0
212959,11,8,8401243.0,2021,5,10,7,3,6,7,0,0,0,1,0,0,1,0,"805559,8085","5817389,911",13.49441548,52.42116937,6025.0
212958,11,11,11400929.0,2021,6,9,5,2,5,2,0,0,1,0,0,0,1,0,"805139,8571","5826178,161",13.49629237,52.50016932,6048.0
212957,11,7,7400927.0,2021,6,14,4,3,5,2,0,0,1,0,1,0,0,1,"798352,4972","5822043,579",13.39290211,52.46686116,4439.0
212956,11,4,4300416.0,2021,7,9,7,3,0,3,0,0,1,0,1,0,0,1,"791914,1637","5826220,504",13.30205679,52.5077849,3151.0
212955,11,8,8401241.0,2021,6,16,2,3,5,3,0,0,1,0,1,0,0,0,"804749,4323","5818461,178",13.48351149,52.43122275,5828.0
212954,11,3,3400619.0,2021,6,14,6,3,5,2,0,1,1,0,0,0,0,0,"796025,6948","5835716,358",13.37092513,52.59069029,4175.0
212953,11,5,5100208.0,2021,6,19,3,3,2,6,0,0,1,0,0,0,0,0,"781396,6392","5830734,401",13.15132709,52.55378613,964.0
212952,11,4,4100102.0,2021,6,18,3,3,5,3,0,1,1,0,0,0,0,0,"791396,2414","5829721,681",13.29751507,52.5394494,3060.0
212951,11,1,1401046.0,2021,6,17,7,3,0,7,0,1,0,0,0,0,0,0,"794723,3701","5830007,721",13.34668473,52.54022427,3860.0
212950,11,8,8200624.0,2021,6,17,2,3,2,6,0,0,1,0,0,0,0,0,"800577,9592","5820561,203",13.42422908,52.45235421,4934.0
212949,11,10,10100312.0,2021,7,12,7,2,5,7,0,0,1,0,1,0,0,0,"807735,8933","5830169,446",13.53810733,52.53448144,6658.0
212948,11,7,7601544.0,2021,6,14,7,3,3,6,0,0,1,0,1,0,0,0,"798723,2905","5814462,197",13.39157077,52.39870029,4419.0
212947,11,7,7400823.0,2021,5,19,4,2,0,6,0,0,1,0,1,0,0,0,"797336,0235","5821823,394",13.37778703,52.46544155,4238.0
212946,11,12,12601235.0,2021,6,17,4,3,1,5,1,0,1,1,0,0,1,1,"795496,0906","5836396,988",13.36373728,52.59707942,4077.0
212945,11,8,8100206.0,2021,7,22,3,3,2,7,2,0,1,0,1,0,0,0,"800345,7277","5824272,533",13.42416282,52.48574816,4944.0
212944,11,3,3500935.0,2021,7,20,4,3,7,7,0,0,0,0,1,0,0,0,"801967,3923","5831603,408",13.45462609,52.55056052,5463.0
212943,11,1,1200517.0,2021,6,12,5,3,2,2,0,0,1,0,0,1,0,0,"793740,8585","5829955,894",13.33219357,52.54029019,3560.0
212942,11,1,1300836.0,2021,5,12,1,3,0,1,0,1,0,0,0,0,0,0,"796939,0735","5830139,655",13.37937725,52.54020404,4260.0
212941,11,5,5200528.0,2021,6,17,5,3,3,6,0,0,1,0,0,0,1,0,"783838,5434","5826424,101",13.18356638,52.51387221,1352.0
212940,11,3,3400831.0,2021,6,17,5,3,3,6,0,0,1,0,0,0,1,0,"799092,683","5833226,935",13.41381884,52.56669892,4868.0
212939,11,12,12500929.0,2021,5,18,6,3,5,3,0,0,1,0,0,0,1,1,"794583,2735","5838578,492",13.35224146,52.61712987,3882.0
212938,11,1,1300732.0,2021,6,13,5,2,0,3,0,0,1,0,1,0,0,0,"797362,5387","5832419,142",13.38764415,52.5604059,4466.0
212937,11,8,8200730.0,2021,7,15,2,3,3,6,0,0,0,0,0,1,1,0,"801482,6062","5817816,774",13.43502579,52.42725684,5127.0
212936,11,9,9100408.0,2021,5,8,3,3,5,2,0,0,1,0,0,0,1,0,"806731,8804","5820285,528",13.51425372,52.44646539,6333.0
212935,11,5,5300840.0,2021,6,16,3,3,6,4,0,0,1,1,0,0,0,0,"788607,216","5829345,734",13.2561799,52.53756326,2459.0
212934,11,12,12200308.0,2021,7,12,2,3,1,5,0,1,1,0,0,0,0,0,"792329,9559","5833701,599",13.31474843,52.57462777,3370.0
212933,11,1,1100102.0,2021,7,18,3,2,0,7,0,1,0,0,0,0,0,0,"795210,6921","5827267,278",13.35141622,52.51539461,3853.0
212932,11,1,1300834.0,2021,5,12,6,3,5,2,0,0,1,0,0,0,0,0,"797902,024","5830301,793",13.3936793,52.54113182,4560.0
212931,11,10,10100315.0,2021,6,12,5,3,0,6,0,0,1,0,0,0,1,0,"809829,2493","5831006,59",13.5696517,52.54079767,7160.0
212930,11,4,4100101.0,2021,7,21,7,2,5,2,2,0,1,1,0,0,0,0,"790311,5873","5829190,282",13.28110295,52.53526434,2859.0
212929,11,3,3100103.0,2021,6,10,2,2,1,5,0,1,1,0,0,0,0,0,"804044,2144","5840900,772",13.49369502,52.63273243,5987.0
212928,11,8,8100105.0,2021,6,11,6,3,5,2,0,1,1,0,0,0,0,0,"801120,0938","5821898,433",13.43338898,52.46404189,5038.0
212927,11,1,1300835.0,2021,6,15,2,3,5,3,0,1,1,0,0,0,0,0,"797758,7242","5829748,014",13.39107632,52.53624623,4459.0
212926,11,2,2200208.0,2021,6,12,3,2,0,7,0,1,0,0,0,0,0,0,"797736,1781","5824925,026",13.38642941,52.49302631,4446.0
212925,11,8,8401244.0,2021,6,10,7,3,0,6,0,0,1,0,0,0,1,0,"805744,2599","5816797,784",13.49657848,52.41575935,6024.0
212924,11,3,3601245.0,2021,6,5,7,2,5,3,0,0,1,0,0,0,0,0,"800324,0227","5831578,151",13.43043924,52.55124267,5063.0
212923,11,6,6100205.0,2021,7,14,6,2,5,3,0,1,0,0,0,0,1,0,"796295,8063","5819669,305",13.36060828,52.44669695,4033.0
212922,11,3,3601243.0,2021,6,17,7,3,2,6,0,0,1,0,0,0,0,0,"799254,8304","5831770,134",13.41489034,52.55355194,4864.0
212921,11,11,11300722.0,2021,5,20,4,3,0,1,0,0,0,0,0,0,1,0,"804068,0623","5828207,819",13.48240596,52.51895871,5854.0
212920,11,5,5100313.0,2021,6,15,4,3,2,6,0,0,1,0,0,0,0,1,"785330,6226","5830784,372",13.20923737,52.5521874,1764.0
212919,11,2,2500833.0,2021,7,23,3,3,0,1,2,1,0,0,0,0,0,0,"802499,1178","5827042,595",13.45829449,52.50938742,5451.0
212918,11,11,11300722.0,2021,7,13,4,3,0,1,0,0,0,0,1,0,0,1,"803661,8769","5828631,544",13.47682489,52.52298276,5755.0
212917,11,4,4501041.0,2021,6,11,4,3,2,7,0,1,0,0,0,0,1,0,"792766,338","5825495,647",13.31393962,52.50083013,3348.0
212916,11,8,8100312.0,2021,5,11,6,3,1,5,0,1,1,0,0,0,0,0,"801218,2271","5824278,301",13.43697835,52.48531922,5144.0
212915,11,12,12500927.0,2021,6,16,5,3,2,6,0,0,1,0,0,0,0,0,"792833,2628","5836817,206",13.32490804,52.6022869,3478.0
212914,11,2,2100102.0,2021,6,10,5,3,0,2,0,1,0,0,0,1,0,1,"798355,0588","5825559,954",13.39608667,52.49837971,4548.0
212913,11,4,4400833.0,2021,6,19,3,3,5,3,0,0,0,0,1,0,1,0,"792057,7831","5822449,262",13.30086138,52.47389943,3141.0
212912,11,1,1100310.0,2021,6,11,6,3,6,2,0,0,0,1,0,0,1,0,"798489,493","5828220,178",13.40044683,52.52215155,4655.0
212911,11,2,2200207.0,2021,6,18,7,2,8,1,0,0,1,0,0,0,0,0,"797089,3246","5824712,008",13.37673987,52.49146928,4246.0
212910,11,3,3701554.0,2021,6,13,1,3,5,3,0,0,1,0,0,0,1,0,"799034,9555","5829530,263",13.40964065,52.53359567,4758.0
212909,11,1,1200629.0,2021,6,3,4,3,3,5,2,0,1,0,0,0,1,0,"794466,1357","5827714,363",13.34087142,52.51980493,3754.0
212908,11,8,8200730.0,2021,6,17,4,2,5,5,0,0,0,0,1,0,1,0,"802304,4842","5818950,349",13.44810157,52.43696382,5330.0
212907,11,3,3701556.0,2021,6,20,2,3,0,1,0,1,0,0,0,0,0,0,"799801,6951","5829555,838",13.42093371,52.53340371,4958.0
212906,11,5,5300736.0,2021,7,12,7,3,2,6,0,0,1,0,0,0,0,0,"785994,1673","5829208,038",13.21763994,52.53770637,1859.0
212905,11,1,1100310.0,2021,6,7,7,3,5,3,0,0,1,0,0,0,0,0,"799505,7464","5828828,261",13.4159282,52.52704483,4856.0
212904,11,4,4501045.0,2021,7,10,5,3,5,3,0,0,1,0,0,0,0,1,"793965,8395","5824961,74",13.33108841,52.49539907,3547.0
212903,11,8,8301036.0,2021,7,14,5,3,2,6,0,0,1,0,1,0,0,0,"803631,6423","5817907,663",13.46661825,52.42688315,5527.0
212902,11,5,5200634.0,2021,6,18,5,2,2,6,0,1,1,0,0,0,0,0,"783846,7255","5826214,579",13.1835079,52.51198933,1352.0
212901,11,8,8100415.0,2021,5,19,2,3,0,7,0,0,1,0,1,0,0,0,"802171,801","5823379,001",13.45016362,52.47673183,5341.0
212900,11,9,9301025.0,2021,6,18,5,3,4,6,0,0,1,0,0,0,1,0,"811993,9862","5814756,473",13.58627511,52.39393989,7317.0
212899,11,3,3400725.0,2021,6,15,6,3,5,3,0,1,1,0,0,0,0,0,"798981,9618","5835031,615",13.41381744,52.58293581,4872.0
212898,11,1,1100102.0,2021,6,10,3,3,5,3,0,0,1,0,0,0,0,0,"795051,036","5827187,929",13.34899989,52.51476969,3853.0
212897,11,7,7300515.0,2021,6,18,2,3,5,2,0,1,1,0,0,0,0,0,"793640,8564","5822284,239",13.32395663,52.4715713,3440.0
212896,11,3,3601244.0,2021,5,10,5,3,5,3,0,1,1,0,0,0,0,0,"800216,9414","5831589,528",13.42887497,52.55140366,5063.0
212895,11,3,3400620.0,2021,6,9,4,3,2,6,0,0,1,0,1,0,0,0,"796820,4806","5833937,193",13.38102976,52.57430915,4370.0
212894,11,1,1100310.0,2021,7,19,7,3,5,2,0,0,1,0,1,0,0,0,"799099,8099","5828463,795",13.40963452,52.52400079,4755.0
212893,11,1,1200625.0,2021,5,18,1,3,6,4,0,0,1,1,0,0,0,0,"794707,7781","5828855,681",13.34543392,52.52990551,3757.0
212892,11,9,9300920.0,2021,6,14,3,3,5,3,0,0,1,0,0,0,0,0,"807950,9215","5817687,11",13.52974055,52.42249272,6526.0
212891,11,5,5400942.0,2021,7,7,3,3,3,6,0,1,1,0,0,0,0,0,"782748,4874","5820934,095",13.16288748,52.4652126,1038.0
212890,11,2,2100104.0,2021,7,15,5,3,5,7,0,1,0,0,0,0,1,1,"799285,1421","5826135,54",13.41026413,52.50302975,4749.0
212889,11,10,10100205.0,2021,6,14,2,3,5,2,0,1,0,0,0,1,0,0,"807232,5012","5832488,846",13.53285445,52.55555187,6564.0
212888,11,8,8401244.0,2021,6,7,6,3,6,4,0,0,1,1,0,0,0,0,"805722,8197","5816779,847",13.49624783,52.41561056,6024.0
212887,11,6,6200313.0,2021,6,21,5,2,0,6,2,0,0,0,0,0,1,0,"795340,6918","5818468,048",13.34553411,52.43644516,3730.0
212886,11,5,5200528.0,2021,6,17,2,3,6,7,0,0,0,1,0,0,1,0,"782223,8866","5826573,431",13.15996257,52.51604909,1053.0
212885,11,10,10300731.0,2021,6,18,3,2,1,5,0,0,1,0,0,0,0,0,"809505,9563","5829698,487",13.56368181,52.52925869,7057.0
212884,11,1,1100312.0,2021,6,13,6,3,1,5,0,1,1,0,0,0,0,0,"799013,7468","5827060,494",13.40710852,52.51146943,4752.0
212883,11,1,1401047.0,2021,6,22,7,3,2,6,2,0,0,0,0,0,1,0,"795346,2774","5830557,454",13.3563315,52.54481489,3961.0
212882,11,1,1300733.0,2021,7,22,6,3,5,7,2,1,1,0,0,0,0,0,"797479,0015","5831273,351",13.38833032,52.55007173,4463.0
212881,11,8,8100312.0,2021,6,9,4,3,5,3,0,1,1,0,0,0,0,0,"801267,5826","5824580,388",13.43797604,52.48799967,5145.0
212880,11,12,12200413.0,2021,6,14,6,2,3,7,0,1,0,0,0,0,0,0,"789430,1232","5833761,1",13.27212927,52.57671114,2771.0
212879,11,7,7601442.0,2021,6,12,4,2,5,2,0,0,1,0,0,0,0,0,"799270,5108","5816270,394",13.40120577,52.41460989,4623.0
212878,11,4,4300619.0,2021,5,23,3,3,5,3,2,0,1,0,0,0,0,0,"792153,8899","5827387,855",13.30660375,52.5181216,3254.0
212877,11,2,2400623.0,2021,6,14,4,3,6,7,0,0,0,1,0,0,1,1,"801237,2065","5827738,233",13.44038667,52.51632081,5253.0
212876,11,5,5300840.0,2021,7,14,2,3,5,7,0,0,1,0,0,0,0,0,"787943,4041","5829293,799",13.24637471,52.5374488,2359.0
212875,11,8,8200725.0,2021,7,10,4,3,2,6,0,0,1,0,0,0,0,1,"801241,3891","5819672,321",13.43316089,52.44402167,5032.0
212874,11,1,1401046.0,2021,6,18,4,3,1,5,0,1,1,0,0,0,0,0,"795356,4639","5830248,481",13.35620656,52.54203969,3961.0
212873,11,7,7400826.0,2021,5,17,7,3,5,3,0,0,1,0,0,0,0,0,"797105,7928","5820320,998",13.37307092,52.45209924,4234.0
212872,11,6,6200313.0,2021,6,15,5,3,0,6,0,0,0,0,0,0,1,0,"795323,766","5818495,619",13.3453102,52.43670146,3730.0
212871,11,1,1300836.0,2021,6,21,4,3,5,3,0,1,1,0,0,0,0,0,"796932,6182","5830175,818",13.37931467,52.54053173,4260.0
212870,11,1,1100415.0,2021,7,10,7,3,1,5,0,1,1,0,0,0,0,1,"798361,9684","5829288,75",13.39953167,52.53179965,4558.0
212869,11,7,7400721.0,2021,6,0,4,3,6,4,2,0,0,1,1,0,0,0,"797751,2331","5822532,442",13.38451364,52.47157128,4340.0
212868,11,1,1100206.0,2021,6,23,7,3,5,2,2,1,1,0,0,0,0,0,"797160,0456","5827688,255",13.38043481,52.51810961,4354.0
212867,11,10,10100205.0,2021,6,8,4,3,5,2,0,0,1,0,0,0,0,0,"808073,2022","5832316,401",13.54505562,52.55353157,6764.0
212866,11,6,6300528.0,2021,6,7,4,3,5,3,0,1,0,0,1,0,0,0,"790602,9623","5816190,027",13.27405786,52.41856,2724.0
212865,11,10,10200418.0,2021,6,7,2,3,6,4,0,0,1,1,0,0,0,0,"811042,0168","5830917,682",13.58739331,52.53931007,7360.0
212864,11,3,3500933.0,2021,6,13,1,3,5,3,0,1,1,0,0,0,0,0,"802100,6294","5832474,258",13.45737761,52.55829199,5465.0
212863,11,3,3300516.0,2021,7,20,1,2,5,3,0,1,1,0,0,0,0,0,"800575,825","5832886,901",13.43532693,52.56283432,5167.0
212862,11,1,1100309.0,2021,6,23,7,3,5,3,2,0,0,0,0,0,1,0,"798501,3636","5829050,362",13.4013665,52.52958651,4657.0
212861,11,2,2300314.0,2021,5,12,3,3,1,5,0,1,1,0,0,0,0,1,"799749,0363","5826040,446",13.41699242,52.50192274,4849.0
212860,11,8,8401244.0,2021,6,12,4,3,2,6,0,0,1,0,0,0,1,1,"806231,9223","5816378,264",13.50334271,52.41172678,6122.0
212859,11,1,1300836.0,2021,7,15,3,3,3,6,0,0,1,0,0,0,0,0,"797348,928","5831183,668",13.38633731,52.54933885,4463.0
212858,11,2,2100106.0,2021,7,2,5,3,5,3,2,1,1,0,0,0,0,0,"799840,1062","5825700,165",13.4180237,52.49882261,4848.0
212857,11,9,9501941.0,2021,6,15,5,3,5,3,0,0,1,0,0,0,0,0,"811402,1495","5821153,51",13.58355941,52.45160411,7334.0
212856,11,3,3601140.0,2021,5,20,1,3,0,7,0,1,1,0,0,0,0,0,"798505,6135","5831510,254",13.40363906,52.55163362,4663.0
212855,11,4,4300621.0,2021,6,17,5,3,5,7,0,1,1,0,0,0,0,0,"792025,5329","5827293,705",13.30463482,52.51734632,3153.0
212854,11,5,5100208.0,2021,6,12,5,3,6,4,0,1,0,1,0,0,0,1,"781518,8222","5830307,723",13.15276265,52.54989718,963.0
212853,11,3,3500936.0,2021,6,10,3,3,3,6,0,0,1,0,0,1,0,0,"802818,3046","5831434,809",13.4669836,52.54857705,5562.0
212852,11,1,2400623.0,2021,6,22,1,3,2,6,2,0,1,0,0,0,0,0,"800182,6589","5827344,52",13.42453739,52.51337327,4952.0
212851,11,12,12500929.0,2021,5,16,5,3,2,6,0,0,1,0,0,0,0,1,"793760,1261","5837705,771",13.33934311,52.60975221,3780.0
212850,11,4,4100101.0,2021,6,18,4,2,5,2,0,0,1,0,1,0,0,0,"789497,624","5830629,459",13.27039022,52.54859976,2662.0
212849,11,5,5300735.0,2021,5,21,1,3,5,3,2,0,1,0,0,0,0,0,"786436,2805","5831177,231",13.22583903,52.5551293,2064.0
212848,11,8,8100312.0,2021,6,17,2,3,2,6,0,1,1,0,0,0,0,0,"801146,8413","5824883,462",13.43647707,52.49078281,5146.0
212847,11,1,1300733.0,2021,7,23,3,2,5,2,2,0,1,0,1,0,0,1,"796988,0946","5831490,599",13.38130594,52.55228697,4364.0
212846,11,1,1100104.0,2021,6,14,5,3,0,3,0,1,0,0,0,0,1,0,"796613,5166","5825620,218",13.37056108,52.49986925,4148.0
212845,11,1,1100309.0,2021,7,16,6,2,5,2,0,1,1,0,0,0,0,0,"797990,5063","5828910,358",13.39373257,52.52861105,4557.0
212844,11,2,2200213.0,2021,7,8,4,3,5,2,0,1,1,0,0,0,0,0,"800161,4121","5825069,705",13.42217462,52.49299491,4946.0
212843,11,1,1200522.0,2021,7,15,6,3,5,2,0,0,1,0,1,0,0,1,"794316,7214","5828378,127",13.33926308,52.52583583,3756.0
212842,11,12,12200309.0,2021,6,13,6,3,3,6,0,0,1,0,0,1,0,0,"793486,844","5832433,013",13.33064852,52.56263304,3567.0
212841,11,5,5100317.0,2021,6,13,5,3,5,3,0,0,1,0,0,0,0,0,"785732,4466","5828381,442",13.21308097,52.53043255,1857.0
212840,11,4,4500938.0,2021,6,23,2,2,1,5,2,0,1,0,1,0,0,0,"791577,3381","5824846,484",13.29590491,52.49564708,3047.0
212839,11,7,7400826.0,2021,5,17,2,3,1,5,0,1,1,0,0,0,1,0,"796557,3677","5819894,338",13.36464534,52.44857237,4033.0
212838,11,2,2200208.0,2021,6,17,6,3,5,2,0,0,1,0,1,0,0,0,"797276,694","5825534,052",13.38022501,52.498736,4348.0
212837,11,1,1200520.0,2021,6,18,5,3,1,5,0,1,1,0,0,0,0,0,"794145,9501","5828660,058",13.33700257,52.52845533,3657.0
212836,11,10,10400940.0,2021,6,22,3,3,0,6,2,1,0,0,0,0,1,0,"811647,4324","5825429,142",13.59115105,52.48977995,7445.0
212835,11,7,7601544.0,2021,6,7,6,3,0,3,0,0,0,0,1,0,1,1,"798805,6421","5814261,184",13.3925983,52.39685351,4418.0
212834,11,5,5200634.0,2021,5,15,6,3,6,7,0,1,0,1,0,0,0,0,"785050,846","5826304,019",13.20127985,52.51216331,1652.0
212833,11,1,1100310.0,2021,6,11,4,3,1,5,0,1,1,0,0,0,0,0,"799032,8497","5828488,588",13.40867279,52.52425976,4755.0
212832,11,7,7400823.0,2021,7,19,1,2,5,3,0,0,1,0,0,0,0,0,"797358,2972","5822000,408",13.37827167,52.46701617,4239.0
212831,11,7,7400721.0,2021,5,14,3,3,5,7,0,0,1,0,1,0,0,0,"798928,3837","5823915,352",13.40303183,52.48332436,4643.0
212830,11,4,4100101.0,2021,6,9,3,3,6,7,0,1,0,1,0,0,0,0,"791230,0936","5829730,91",13.2950803,52.53962096,3060.0
212829,11,8,8100314.0,2021,7,15,3,3,0,7,0,0,0,0,0,0,1,0,"801153,6626","5823781,85",13.43558193,52.48090502,5143.0
212828,11,3,3500933.0,2021,6,23,3,3,2,6,2,0,1,0,0,0,0,0,"802428,7664","5832556,934",13.46227853,52.55885087,5565.0
212827,11,6,6400737.0,2021,6,9,7,3,1,5,0,0,1,0,1,0,0,0,"786520,3693","5818081,794",13.21581136,52.43767418,1830.0
212826,11,2,2100104.0,2021,6,0,3,3,5,3,2,0,1,0,0,0,0,0,"798833,549","5826136,98",13.40363212,52.50329016,4649.0
212825,11,6,6200423.0,2021,6,21,4,3,1,5,1,0,1,0,0,0,0,0,"793792,5346","5816250,175",13.32087744,52.41739636,3424.0
212824,11,1,1200520.0,2021,6,14,2,3,6,2,0,0,1,1,0,0,0,0,"794554,637","5829073,303",13.34337575,52.53193911,3758.0
212823,11,4,4501152.0,2021,7,19,2,3,0,2,0,1,1,0,0,0,0,0,"794334,6467","5824545,163",13.33613723,52.49146592,3646.0
212822,11,1,1100415.0,2021,6,10,7,3,0,1,0,1,0,0,0,0,0,0,"798290,4048","5829368,498",13.39855136,52.53255365,4558.0
212821,11,4,4200311.0,2021,6,18,4,3,3,6,0,0,1,0,0,0,0,1,"790728,4834","5826716,24",13.28506918,52.51286235,2852.0
212820,11,6,6300528.0,2021,7,16,5,3,0,1,0,0,0,0,1,0,0,1,"790619,4709","5815219,083",13.27345688,52.40984642,2722.0
212819,11,10,10400940.0,2021,6,15,6,2,6,4,0,0,1,1,0,0,0,0,"812780,342","5826729,665",13.60900337,52.5007862,7748.0
212818,11,12,12100205.0,2021,6,17,2,3,0,1,0,0,0,0,1,0,0,0,"793968,0718","5835306,318",13.34027487,52.58813056,3774.0
212817,11,2,2500831.0,2021,5,11,2,3,6,2,0,0,1,1,0,0,0,0,"802853,5274","5827217,888",13.46366014,52.51076192,5551.0
212816,11,3,3400722.0,2021,6,15,6,2,1,5,0,1,1,0,0,0,0,0,"798646,9978","5833923,864",13.40789042,52.5731905,4770.0
212815,11,9,9200715.0,2021,6,19,6,3,5,2,1,0,1,0,0,0,0,0,"809065,7083","5818189,186",13.54654618,52.42636389,6727.0
212814,11,9,9200716.0,2021,6,9,3,3,1,5,0,0,1,0,1,0,0,0,"808648,4654","5819376,616",13.54152525,52.43724121,6730.0
212813,11,8,8200622.0,2021,6,20,6,3,6,4,0,0,1,1,0,0,0,0,"801322,6665","5821706,795",13.43618874,52.46221252,5137.0
212812,11,1,1401045.0,2021,6,23,1,2,0,7,2,0,0,0,0,0,1,0,"796839,8059","5831562,327",13.37918939,52.55301076,4264.0
212811,11,4,4300416.0,2021,6,9,2,3,5,2,0,1,1,0,0,0,0,0,"791879,0274","5826436,316",13.30172981,52.50973842,3151.0
212810,11,1,1400937.0,2021,5,14,5,3,0,2,0,1,1,0,0,0,0,0,"794116,5534","5831499,902",13.33908457,52.55392855,3664.0
212809,11,5,5200629.0,2021,6,15,4,3,5,2,0,1,1,0,0,0,0,0,"784561,249","5828218,304",13.19572262,52.52958254,1557.0
212808,11,5,5200528.0,2021,7,11,1,3,0,1,0,0,0,0,1,0,0,0,"782885,8103","5826891,572",13.16996177,52.51855871,1154.0
212807,11,3,3601348.0,2021,5,12,2,3,5,3,0,1,1,0,0,0,0,0,"799839,0407","5830805,392",13.4226102,52.54458336,4961.0
212806,11,9,9502043.0,2021,6,15,3,3,5,2,0,1,1,0,0,0,0,0,"811371,7049","5822784,817",13.58463426,52.46624037,7338.0
212805,11,1,1200623.0,2021,7,8,3,3,0,7,0,0,1,0,0,0,1,0,"795160,0778","5829278,664",13.35245771,52.53345249,3858.0