ObjectID,State,District,LOR_ab_2021,AccidentYear,AccidentMonth,AccidentHour,DayOfWeek,AccidentCategory,AccidentType,AccidentTypeDetail,LightingCondition,InvolvingBike,InvolvingCar,InvolvingPedestrian,InvolvingMotorcycle,InvolvingHGV,InvolvingOther,RoadCondition,GraphicCoord1,GraphicCoord2,LongitudeWGS84,LatitudeWGS84,quadrant
212804,11,9,9100408.0,2021,7,15,6,3,5,3,0,1,1,0,0,0,0,0,"806564,9404","5820150,632",13.51168132,52.44535002,6232.0
212803,11,12,12500825.0,2021,6,11,2,3,0,7,0,1,0,0,0,0,0,0,"792184,17","5834935,815",13.31369125,52.58577029,3373.0
212802,11,1,1100313.0,2021,6,18,6,3,0,4,0,0,1,1,0,0,0,0,"799757,8569","5827207,148",13.41817253,52.51237556,4852.0
212801,11,7,7100204.0,2021,6,19,5,2,1,5,1,1,1,0,0,0,0,0,"795259,39","5824485,217",13.34966485,52.49042914,3845.0
212800,11,2,2200210.0,2021,6,19,3,3,3,6,0,0,1,0,1,0,0,0,"798845,32","5825098,807",13.40287352,52.49397791,4646.0
212799,11,1,1300732.0,2021,6,6,3,3,0,5,0,0,1,0,0,0,1,0,"797290,4295","5832249,207",13.38643133,52.55892201,4465.0
212798,11,12,12400616.0,2021,6,17,1,2,5,3,0,0,1,0,0,0,0,0,"786548,6764","5833207,97",13.22924629,52.57327696,2070.0
212797,11,4,4501042.0,2021,6,17,7,3,2,6,0,0,1,0,0,0,1,0,"793594,661","5825748,083",13.32632986,52.50264807,3549.0
212796,11,3,3200206.0,2021,7,10,6,3,5,3,0,1,1,0,0,0,0,0,"798100,879","5834696,274",13.40055034,52.58041342,4672.0
212795,11,9,9200819.0,2021,6,16,4,3,0,1,0,1,0,0,0,0,1,0,"810372,1421","5820335,185",13.56769076,52.44485628,7032.0
212794,11,10,10100313.0,2021,6,14,6,3,5,2,0,0,1,0,0,0,0,0,"807804,6386","5830768,486",13.53967248,52.53981117,6660.0
212793,11,9,9100304.0,2021,6,10,2,3,6,7,0,0,1,1,0,0,0,0,"804881,8298","5822141,211",13.48881132,52.46413198,5938.0
212792,11,9,9301025.0,2021,5,7,4,2,0,1,0,1,0,0,0,0,0,0,"810782,362","5815159,307",13.56889955,52.39823869,7118.0
212791,11,3,3200310.0,2021,6,10,4,3,6,3,0,0,1,1,0,0,0,1,"799928,6826","5838169,346",13.43059025,52.61053879,5081.0
212790,11,7,7601442.0,2021,7,18,2,3,5,2,0,0,1,0,1,0,0,0,"799260,9785","5816265,382",13.40106155,52.41457017,4623.0
212789,11,4,4200308.0,2021,7,14,4,2,5,3,0,1,1,0,0,0,0,0,"789830,7975","5827311,568",13.27239675,52.51867731,2754.0
212788,11,2,2100106.0,2021,6,13,4,3,5,3,0,0,1,0,0,0,0,0,"798582,4532","5825563,581",13.39942972,52.49828786,4548.0
212787,11,6,6300528.0,2021,5,15,7,3,5,2,0,1,0,0,0,0,0,0,"789901,7178","5815929,767",13.26354984,52.41659856,2524.0
212786,11,6,6400735.0,2021,6,13,5,3,5,3,0,1,1,0,0,0,0,0,"783929,5457","5815911,209",13.17595798,52.41956308,1225.0
212785,11,5,5100314.0,2021,6,15,4,3,5,3,0,1,0,0,0,0,0,0,"785163,4989","5829607,605",13.20576871,52.54172416,1760.0
212784,11,9,9301126.0,2021,6,6,4,3,1,5,0,0,1,0,1,0,0,0,"812141,3538","5816420,282",13.58998416,52.40876616,7422.0
212783,11,3,3400723.0,2021,6,11,7,3,0,3,0,0,1,0,0,0,1,0,"799550,4927","5834227,605",13.42145687,52.57541653,4970.0
212782,11,11,11200411.0,2021,6,5,4,2,5,3,0,0,1,0,1,0,0,0,"805950,7847","5831916,779",13.51348098,52.5511464,6263.0
212781,11,9,9501737.0,2021,6,11,4,3,5,2,0,1,1,0,0,0,0,0,"814202,7385","5821334,029",13.6248062,52.45161939,7934.0
212780,11,6,6300633.0,2021,6,8,2,3,1,5,0,0,1,0,0,0,1,0,"793004,9061","5817899,029",13.31077355,52.43260032,3229.0
212779,11,7,7601443.0,2021,6,21,7,3,1,7,2,1,0,0,0,0,1,0,"799843,3174","5815223,261",13.4086649,52.40491024,4720.0
212778,11,9,9200512.0,2021,7,14,1,3,2,6,0,0,1,0,0,0,0,0,"809929,469","5821638,908",13.56240815,52.45679101,7036.0
212777,11,1,1401048.0,2021,6,22,7,3,1,5,2,0,1,0,0,0,0,0,"795753,4982","5831167,702",13.36286251,52.55006428,4063.0
212776,11,5,5200632.0,2021,6,12,1,3,0,1,0,1,0,0,0,0,0,0,"785611,001","5828057,371",13.21101712,52.52759063,1756.0
212775,11,5,5100316.0,2021,7,18,5,3,1,5,0,1,1,0,0,0,0,0,"784961,7746","5829180,239",13.2024357,52.53799797,1659.0
212774,11,12,12400618.0,2021,7,13,3,3,2,6,0,0,1,0,0,0,0,0,"786708,4008","5838533,456",13.23620787,52.62093842,2184.0
212773,11,7,7300516.0,2021,7,15,5,2,5,3,0,1,1,0,0,0,0,1,"794142,6981","5822089,978",13.33115222,52.46955985,3539.0
212772,11,10,10200417.0,2021,6,13,5,3,5,2,0,1,1,0,0,0,0,0,"811333,973","5831846,049",13.59255422,52.54746268,7462.0
212771,11,8,8401242.0,2021,5,16,2,3,5,2,0,1,1,0,0,0,0,0,"805041,6253","5817549,805",13.4869648,52.42289153,5826.0
212770,11,1,1300836.0,2021,6,8,6,2,0,1,0,1,0,0,0,0,0,0,"796338,9157","5830721,604",13.37107304,52.54574732,4162.0
212769,11,3,3601452.0,2021,6,15,5,3,2,6,0,1,1,0,0,0,0,1,"801729,0459","5829185,146",13.44892552,52.5290177,5357.0
212768,11,4,4100101.0,2021,6,13,2,3,5,3,0,1,1,0,0,0,0,0,"790966,8817","5829723,739",13.29120399,52.53969728,2960.0
212767,11,7,7300618.0,2021,6,16,2,3,0,7,0,1,0,0,0,0,0,0,"794558,4823","5822193,747",13.33734708,52.47026606,3640.0
212766,11,1,1200627.0,2021,5,13,5,3,5,2,0,0,1,0,0,0,1,0,"795484,9523","5828418,821",13.35646907,52.52556871,3956.0
212765,11,2,2200211.0,2021,6,9,4,3,3,6,0,1,0,0,0,1,0,0,"798281,3592","5824721,648",13.39425364,52.49090563,4546.0
212764,11,9,9502043.0,2021,5,17,1,2,4,6,0,0,1,0,0,0,0,0,"809289,4257","5822760,531",13.55405782,52.46720538,6839.0
212763,11,8,8100312.0,2021,6,17,3,3,5,3,0,1,0,0,0,0,1,0,"801335,795","5824528,944",13.43893109,52.48750092,5145.0
212762,11,2,2300314.0,2021,7,11,2,2,5,2,0,1,0,0,0,0,1,1,"800115,1265","5825741,418",13.42210007,52.49904121,4948.0
212761,11,8,8100208.0,2021,6,0,4,3,5,3,2,0,1,0,0,0,0,0,"801267,0746","5822410,527",13.43600825,52.46855093,5139.0
212760,11,5,5300840.0,2021,7,9,6,3,1,7,0,0,1,0,0,0,0,0,"789661,4476","5829113,631",13.27147779,52.53492309,2658.0
212759,11,10,10100311.0,2021,7,15,6,3,5,3,0,1,1,0,0,0,0,0,"807186,3217","5829215,119",13.52914869,52.52623874,6556.0
212758,11,2,2400623.0,2021,6,18,5,3,5,3,0,1,1,0,0,0,0,0,"800285,593","5827635,978",13.42631268,52.51592904,4953.0
212757,11,3,3200309.0,2021,6,11,5,2,0,1,0,1,0,0,0,0,0,0,"800064,6186","5837442,437",13.43193271,52.60394839,5079.0
212756,11,11,11200410.0,2021,6,20,2,3,5,3,0,0,1,0,0,0,0,0,"806302,447","5832237,161",13.51894684,52.55382008,6364.0
212755,11,3,3601142.0,2021,5,9,2,3,0,1,0,1,0,0,0,0,0,0,"798314,1737","5831155,133",13.40050491,52.54855535,4662.0
212754,11,7,7601544.0,2021,6,18,6,3,5,2,0,0,1,0,0,0,0,0,"799778,8207","5813975,916",13.40660348,52.39376468,4717.0
212753,11,9,9200716.0,2021,6,13,6,3,0,1,0,1,0,0,0,0,0,0,"808721,5917","5819227,512",13.54245987,52.43586366,6729.0
212752,11,2,2200209.0,2021,7,16,6,3,5,2,0,1,1,0,0,0,0,0,"797751,2439","5824596,898",13.38635744,52.4900768,4445.0
212751,11,3,3500932.0,2021,6,7,4,3,5,3,0,1,1,0,0,0,0,0,"800939,7606","5832711,388",13.4405205,52.56106016,5266.0
212750,11,4,4100101.0,2021,6,18,6,3,5,2,0,1,1,0,0,0,0,0,"793351,6447","5829683,116",13.32623028,52.53805455,3559.0
212749,11,7,7400927.0,2021,5,16,6,2,0,3,0,1,0,0,1,0,0,1,"798330,0969","5821002,839",13.39164313,52.45754437,4436.0
212748,11,5,5100316.0,2021,6,14,4,3,2,2,0,0,1,0,1,0,0,0,"783600,6208","5829151,642",13.18239612,52.53845167,1359.0
212747,11,7,7400927.0,2021,7,15,1,3,5,3,0,1,1,0,0,0,0,0,"798109,966","5821903,181",13.38921707,52.46573503,4438.0
212746,11,7,7400823.0,2021,5,12,3,3,5,3,0,1,1,0,0,0,0,0,"797339,9049","5821868,883",13.37788452,52.4658472,4238.0
212745,11,4,4300620.0,2021,6,20,3,3,5,2,1,1,1,0,0,0,0,1,"794161,613","5827014,205",13.33577723,52.51369279,3652.0
212744,11,6,6200421.0,2021,7,12,2,2,5,7,0,0,1,0,0,0,0,0,"793170,215","5816509,091",13.31197985,52.4200512,3225.0
212743,11,1,1100205.0,2021,7,19,3,3,1,5,0,0,1,0,1,0,0,0,"797366,6098","5826943,925",13.38280491,52.51132495,4352.0
212742,11,9,9100101.0,2021,7,20,7,3,1,5,1,1,1,0,0,0,0,0,"802694,6855","5825378,316",13.45965454,52.49436212,5447.0
212741,11,5,5200631.0,2021,6,15,3,3,2,6,0,1,1,0,0,0,0,0,"785131,892","5827149,393",13.20319537,52.51970055,1654.0
212740,11,4,4200311.0,2021,6,13,7,3,2,6,0,0,1,0,0,0,0,0,"790526,8628","5825503,163",13.28104776,52.50209446,2849.0
212739,11,9,9501939.0,2021,6,7,2,3,5,3,0,1,1,0,0,0,0,0,"810896,0862","5821449,099",13.57641159,52.45454109,7235.0
212738,11,1,1100101.0,2021,6,9,3,3,5,2,0,0,0,0,1,0,1,0,"794816,6533","5826249,365",13.34472455,52.50648286,3750.0
212737,11,6,6100103.0,2021,6,13,7,3,6,7,0,0,1,1,0,0,0,0,"792735,4257","5821724,893",13.31017413,52.46704286,3239.0
212736,11,3,3300517.0,2021,6,16,7,3,5,3,0,1,0,0,0,0,0,0,"803373,3914","5833512,452",13.47704372,52.56688942,5768.0
212735,11,2,2300316.0,2021,7,15,7,3,0,1,0,0,0,0,0,0,1,0,"801187,7925","5825955,218",13.43804739,52.50036661,5148.0
212734,11,9,9200715.0,2021,6,6,6,3,5,2,0,0,1,0,0,0,0,0,"807407,227","5818315,324",13.52234756,52.42842864,6427.0
212733,11,11,11300620.0,2021,6,10,2,2,2,5,0,0,1,0,1,0,0,0,"804138,5683","5829833,839",13.48492903,52.53349278,5858.0
212732,11,7,7400927.0,2021,5,6,4,3,0,3,0,1,1,0,0,0,0,0,"799355,7106","5820863,055",13.4065672,52.45573062,4735.0
212731,11,9,9100408.0,2021,6,14,4,3,5,2,0,1,1,0,0,0,0,1,"806735,4549","5820274,535",13.51429606,52.44636486,6333.0
212730,11,1,1200626.0,2021,7,18,3,3,5,2,0,1,1,0,0,0,0,0,"795123,7221","5828265,482",13.35102391,52.52438981,3855.0
212729,11,9,9401329.0,2021,7,16,3,3,5,2,0,0,1,0,0,0,0,0,"812095,9145","5819741,053",13.59241614,52.43855095,7430.0
212728,11,2,2200211.0,2021,6,15,4,3,2,3,0,1,1,0,0,0,0,0,"797960,1786","5824571,611",13.38940297,52.48973614,4445.0
212727,11,3,3601142.0,2021,5,18,7,3,5,2,0,1,1,0,0,0,0,0,"799180,7404","5831110,348",13.41320634,52.5476787,4762.0
212726,11,10,10400837.0,2021,6,16,5,2,5,3,0,1,0,0,0,0,1,0,"810382,5089","5824561,473",13.57177298,52.48272487,7143.0
212725,11,1,1100309.0,2021,6,9,4,3,4,5,0,1,0,0,0,0,0,0,"798177,284","5828904,221",13.39647221,52.52845391,4557.0
212724,11,12,12100103.0,2021,6,12,3,3,3,3,0,0,1,0,1,0,0,1,"795601,2893","5833507,631",13.36270858,52.57112211,4069.0
212723,11,4,4500939.0,2021,6,13,7,3,2,6,0,0,1,0,0,0,1,0,"792030,149","5824055,296",13.30186244,52.48831209,3145.0
212722,11,3,3100103.0,2021,7,7,6,3,5,3,0,0,1,0,0,0,1,1,"804232,9799","5840166,668",13.49579987,52.62604747,6085.0
212721,11,5,5300841.0,2021,6,14,2,2,5,2,0,1,1,0,0,0,0,0,"789689,3957","5829491,977",13.2722185,52.53830015,2759.0
212720,11,8,8100104.0,2021,6,5,6,3,5,3,0,0,1,0,1,0,0,0,"800770,4701","5822754,097",13.42902948,52.47190409,5040.0
212719,11,4,4501150.0,2021,6,14,2,2,0,7,0,0,0,0,0,0,1,0,"793449,0262","5823744,064",13.32242527,52.4847612,3444.0
212718,11,6,6100101.0,2021,6,13,3,3,5,2,0,0,1,0,0,0,0,0,"793156,5697","5820825,201",13.31556562,52.45875155,3336.0
212717,11,2,2100104.0,2021,6,14,7,3,5,2,0,1,1,0,0,0,0,1,"799326,8857","5826227,88",13.4109603,52.50383454,4749.0
212716,11,2,2500833.0,2021,6,18,7,2,1,5,0,1,1,0,0,0,0,0,"802366,6782","5827087,306",13.4563896,52.50986159,5451.0
212715,11,1,1100416.0,2021,7,19,7,3,0,1,0,1,0,0,0,0,0,0,"798715,635","5829536,34",13.40495247,52.53382524,4658.0
212714,11,1,1100415.0,2021,6,9,4,3,0,1,0,1,0,0,0,0,0,0,"798290,3113","5829368,483",13.39854998,52.53255357,4558.0
212713,11,5,5100313.0,2021,6,17,7,3,6,4,0,0,1,1,0,0,0,0,"785497,0819","5830977,481",13.21185186,52.55383154,1864.0
212712,11,10,10100102.0,2021,6,10,2,3,5,2,0,0,1,0,0,0,0,0,"809785,1803","5834076,55",13.57186861,52.56833416,7168.0
212711,11,4,4200310.0,2021,5,8,3,3,5,2,0,0,0,0,1,1,0,0,"789455,2847","5826663,663",13.26631433,52.51306814,2652.0
212710,11,9,9200512.0,2021,6,9,4,2,7,7,0,1,0,0,0,0,0,1,"808315,2441","5821807,01",13.53888189,52.45921049,6636.0
212709,11,4,4400728.0,2021,7,15,2,3,2,6,0,0,1,0,0,0,1,0,"789623,1081","5823342,911",13.26589279,52.48320769,2643.0
212708,11,4,4300622.0,2021,7,18,3,3,6,7,0,0,0,1,0,0,1,0,"793812,7206","5826874,058",13.33052698,52.5126245,3552.0
212707,11,12,12200310.0,2021,6,20,4,3,3,6,1,0,1,0,1,0,0,0,"792154,0882","5833318,896",13.31182347,52.57129142,3269.0
212706,11,11,11100204.0,2021,5,15,7,3,5,2,0,0,1,0,0,0,0,0,"806612,698","5833487,062",13.52466324,52.56484722,6467.0
212705,11,4,4500937.0,2021,6,16,5,3,2,6,0,1,1,0,0,0,0,0,"791557,605","5825089,088",13.29582741,52.49783254,3048.0
212704,11,1,1401048.0,2021,6,16,4,2,5,3,0,1,0,0,0,0,1,0,"795615,608","5831721,991",13.36132834,52.55510781,4064.0
212703,11,8,8401241.0,2021,6,20,3,2,5,3,0,1,1,0,0,0,0,0,"804304,8149","5819651,577",13.47807555,52.44213958,5731.0
212702,11,8,8100312.0,2021,6,0,7,3,0,5,2,1,1,0,0,0,0,0,"800966,0747","5824222,353",13.43322568,52.4849568,5044.0
212701,11,4,4300619.0,2021,6,16,3,3,2,7,0,1,1,0,0,0,0,0,"792929,7422","5827460,336",13.31806907,52.51835518,3354.0
212700,11,8,8100102.0,2021,6,13,4,3,3,6,0,1,1,0,0,0,0,0,"800538,3804","5823367,033",13.42617519,52.47752582,4942.0
212699,11,7,7501031.0,2021,6,9,2,3,2,6,0,0,1,0,0,0,0,0,"798827,7997","5819325,926",13.39744604,52.44224101,4531.0
212698,11,8,8200726.0,2021,6,15,1,3,8,1,0,0,1,0,0,0,0,0,"801428,2045","5820221,118",13.43639631,52.44883776,5133.0
212697,11,1,1100207.0,2021,7,18,1,2,0,1,0,1,0,0,0,0,0,0,"798679,4423","5827605,622",13.40268637,52.5165389,4653.0
212696,11,12,12400723.0,2021,6,1,1,2,1,1,2,0,1,0,0,0,0,0,"791540,4484","5838595,421",13.30743989,52.6189227,3283.0
212695,11,11,11200410.0,2021,7,15,5,2,5,2,0,0,1,0,1,0,0,1,"805228,1729","5832195,906",13.50311322,52.55405342,6164.0
212694,11,7,7300517.0,2021,7,19,3,3,5,3,0,1,0,0,0,0,0,0,"794013,936","5822307,268",13.32945362,52.47157707,3540.0
212693,11,11,11400927.0,2021,7,17,5,3,2,6,0,0,1,0,0,0,0,1,"803503,771","5826622,326",13.47266918,52.50506265,5650.0
212692,11,6,6400838.0,2021,6,17,5,3,5,3,0,0,1,0,0,0,0,0,"787676,2945","5819239,108",13.2337655,52.44744355,2133.0
212691,11,4,4100101.0,2021,5,10,2,3,6,6,0,0,1,1,0,0,0,0,"792320,8463","5829777,308",13.3111582,52.53945287,3260.0
212690,11,4,4501045.0,2021,6,12,6,3,0,7,0,0,0,0,1,0,0,1,"793964,7336","5825058,547",13.33115759,52.49626748,3547.0
212689,11,4,4501148.0,2021,6,7,5,3,2,6,0,0,1,0,0,0,0,1,"792776,6692","5823180,315",13.31205704,52.48006827,3242.0
212688,11,4,4100101.0,2021,6,16,3,3,2,6,0,0,1,0,0,1,0,0,"793338,4803","5829736,306",13.32608369,52.53853846,3560.0
212687,11,8,8100206.0,2021,6,23,1,3,1,5,2,1,1,0,0,0,0,0,"800340,0349","5824312,548",13.42411529,52.48610997,4944.0
212686,11,9,9401534.0,2021,6,13,1,3,1,5,0,1,1,0,0,0,0,0,"810841,3529","5820488,318",13.57471463,52.44596208,7232.0
212685,11,4,4200203.0,2021,5,11,5,3,8,1,0,0,1,0,0,0,0,1,"788159,9492","5827233,064",13.24777253,52.51885898,2354.0
212684,11,4,4501045.0,2021,6,18,4,3,5,2,0,1,1,0,0,0,0,0,"793703,2835","5824901,188",13.32717869,52.49499759,3547.0
212683,11,6,6400735.0,2021,5,13,2,2,0,1,0,1,0,0,0,0,0,0,"780942,654","5816417,592",13.13257757,52.42564535,627.0
212682,11,7,7501030.0,2021,6,11,2,3,5,2,0,0,1,0,0,0,0,0,"798019,162","5819648,38",13.38587191,52.44557276,4332.0
212681,11,2,2100101.0,2021,7,18,2,3,5,2,0,1,1,0,0,0,0,0,"797696,1692","5825814,989",13.38663723,52.50102562,4449.0
212680,11,1,1300731.0,2021,7,8,5,3,5,3,0,1,1,0,0,0,0,1,"797393,8528","5833148,267",13.38875826,52.56692446,4468.0
212679,11,5,5200423.0,2021,7,9,6,2,9,1,0,0,1,0,0,1,0,1,"780867,0362","5828328,922",13.14150231,52.5324905,758.0
212678,11,7,7100205.0,2021,6,13,6,3,5,2,0,1,1,0,0,0,0,0,"796226,0294","5824934,937",13.36426009,52.4939368,4046.0
212677,11,2,2100104.0,2021,6,15,5,3,2,6,0,1,1,0,0,0,0,0,"799290,9507","5826219,902",13.41042528,52.50378274,4749.0
212676,11,1,1100313.0,2021,6,6,2,2,5,2,0,0,1,0,1,0,0,0,"800026,2196","5827062,279",13.42198457,52.51092951,4951.0
212675,11,8,8100207.0,2021,5,16,2,3,5,3,0,1,1,0,0,0,0,0,"801306,9866","5823560,345",13.43763267,52.47883503,5142.0
212674,11,9,9300920.0,2021,6,18,6,3,0,6,0,1,0,0,1,0,0,0,"807801,8161","5817892,561",13.52774377,52.42441791,6526.0
212673,11,4,4501153.0,2021,6,16,6,3,2,6,0,1,1,0,0,0,0,0,"794158,5984","5824051,833",13.33311627,52.48713837,3644.0
212672,11,1,1100416.0,2021,7,16,6,3,5,3,0,1,1,0,0,0,0,0,"798590,0558","5829515,34",13.40308771,52.53370581,4658.0
212671,11,3,3601449.0,2021,6,7,4,2,5,3,0,1,1,0,0,0,0,0,"801915,177","5830324,167",13.4526956,52.53912368,5360.0
212670,11,3,3200205.0,2021,6,12,6,3,5,3,0,0,1,0,1,0,0,1,"797427,6141","5835040,919",13.39095269,52.58387114,4473.0
212669,11,2,2300314.0,2021,5,7,6,3,5,3,0,1,1,0,0,0,0,1,"800216,4193","5825989,203",13.42381112,52.50120648,4949.0
212668,11,2,2100106.0,2021,6,16,5,3,5,3,0,1,0,0,0,0,1,0,"798599,2669","5825564,824",13.39967778,52.4982898,4548.0
212667,11,1,1100311.0,2021,7,18,7,3,0,5,0,1,1,0,0,0,0,0,"799727,2819","5827762,737",13.41822379,52.51737235,4853.0
212666,11,8,8100314.0,2021,5,20,3,3,6,7,1,0,1,1,0,0,0,1,"801001,9074","5823918,226",13.43347718,52.48221106,5143.0
212665,11,4,4200308.0,2021,6,15,3,3,2,6,0,0,1,0,0,0,0,0,"790360,8215","5827303,304",13.28017895,52.51832127,2854.0
212664,11,5,5100105.0,2021,7,12,2,3,5,3,0,0,1,0,0,0,1,0,"784554,2531","5831268,461",13.1982327,52.55693389,1665.0
212663,11,1,1400937.0,2021,7,12,3,3,5,3,0,0,1,0,0,0,0,0,"794138,6871","5831512,042",13.33942085,52.55402543,3764.0
212662,11,4,4300622.0,2021,5,17,6,3,2,6,0,0,1,0,0,0,0,1,"793163,1978","5826876,693",13.32098555,52.51299761,3452.0
212661,11,6,6300633.0,2021,6,8,4,3,5,2,0,1,1,0,0,0,0,0,"793217,9885","5819625,733",13.31541379,52.44796567,3333.0
212660,11,4,4501044.0,2021,7,11,7,2,1,7,0,0,1,0,1,0,0,1,"793384,7463","5824667,413",13.32229428,52.49307321,3446.0
212659,11,8,8401243.0,2021,6,13,2,3,3,6,0,1,1,0,0,0,0,0,"805575,1205","5818616,129",13.49576017,52.43215095,6028.0
212658,11,2,2300316.0,2021,6,18,6,3,5,3,0,1,1,0,0,0,0,0,"800734,127","5826517,945",13.43189253,52.50566069,5050.0
212657,11,4,4501042.0,2021,6,13,3,3,3,5,0,0,1,0,0,0,1,0,"794035,2215","5826211,419",13.33321087,52.5065644,3650.0
212656,11,4,4501147.0,2021,6,17,3,3,2,6,0,1,1,0,0,0,0,0,"793337,0775","5824156,623",13.3211445,52.48851979,3445.0
212655,11,7,7400927.0,2021,6,11,7,3,6,7,0,1,0,1,0,0,0,0,"797997,6256","5821777,244",13.38745584,52.46466743,4438.0
212654,11,12,12100205.0,2021,6,10,6,2,5,3,0,0,1,0,0,0,0,0,"794853,6954","5833052,07",13.35130468,52.56744388,3868.0
212653,11,12,12200515.0,2021,7,17,7,3,5,2,0,1,1,0,0,0,0,0,"790566,889","5834487,095",13.28949387,52.58261381,2972.0
212652,11,8,8401241.0,2021,6,15,6,3,5,3,0,1,1,0,0,0,0,0,"804047,0679","5819184,494",13.47387026,52.43809655,5730.0
212651,11,11,11300721.0,2021,5,18,3,3,2,6,0,0,1,0,0,1,0,0,"805498,8516","5830035,609",13.50510644,52.53454041,6158.0
212650,11,3,3200205.0,2021,6,14,4,3,6,4,0,0,0,1,0,0,1,1,"797209,905","5835567,8",13.38822148,52.5887129,4474.0
212649,11,9,9401534.0,2021,7,14,3,3,5,7,0,1,0,0,0,0,0,0,"810872,4751","5820661,613",13.57533232,52.44749739,7233.0
212648,11,3,3300412.0,2021,7,19,4,3,1,5,0,1,1,0,0,0,0,0,"802695,2622","5838302,644",13.47144577,52.61019992,5680.0
212647,11,10,10100104.0,2021,6,0,5,2,6,4,2,0,0,1,0,0,1,0,"809827,9459","5833677,366",13.57212477,52.56473255,7167.0
212646,11,1,1300730.0,2021,5,22,7,3,5,3,2,0,1,0,0,0,0,0,"796255,2321","5832161,102",13.37112706,52.55869642,4165.0
212645,11,4,4300416.0,2021,6,16,5,3,2,6,0,1,1,0,0,0,0,0,"791711,9303","5826229,797",13.29909366,52.50797638,3151.0
212644,11,5,5300735.0,2021,6,15,4,3,6,7,0,0,1,1,0,0,0,0,"786424,0007","5831257,687",13.22572783,52.55585709,2065.0
212643,11,3,3601243.0,2021,6,17,3,3,5,3,0,1,1,0,0,0,0,0,"799752,5576","5831712,052",13.42215708,52.55275764,4964.0
212642,11,7,7200410.0,2021,6,18,1,3,1,5,0,1,1,0,0,0,0,0,"795564,8758","5823446,066",13.35322959,52.48094862,3943.0
212641,11,3,3601450.0,2021,6,15,3,3,5,3,0,1,1,0,0,0,0,0,"802208,659","5829873,311",13.4565997,52.53492002,5458.0
212640,11,1,1100103.0,2021,6,14,4,3,5,3,0,1,1,0,0,0,0,0,"795886,7211","5826215,599",13.36041464,52.50560089,4050.0
212639,11,2,2300314.0,2021,6,9,1,3,1,5,0,1,1,0,0,0,0,0,"799955,1026","5826104,443",13.42007677,52.50238314,4949.0
212638,11,9,9100101.0,2021,7,22,1,3,6,7,2,1,0,1,0,0,0,0,"801752,573","5825271,098",13.44572258,52.49392276,5246.0
212637,11,2,2400624.0,2021,6,2,7,3,5,3,2,0,1,0,0,0,0,0,"801603,31","5827361,479",13.4454241,52.5127416,5252.0
212636,11,3,3601141.0,2021,7,8,5,3,2,6,0,0,1,0,0,0,0,1,"799213,9422","5831806,162",13.41432153,52.55389733,4864.0
212635,11,11,11100203.0,2021,7,15,5,3,5,2,0,1,1,0,0,0,0,0,"807654,0027","5833601,2",13.54008318,52.56528271,6667.0
212634,11,10,10300731.0,2021,6,8,5,3,5,3,0,1,1,0,0,0,0,0,"808901,1226","5828544,253",13.55372209,52.51925778,6854.0
212633,11,1,1200627.0,2021,5,10,2,3,5,3,0,1,1,0,0,0,0,0,"795993,9429","5828711,501",13.36421026,52.52791622,4056.0
212632,11,5,5200630.0,2021,6,17,5,2,1,5,0,1,1,0,0,0,0,0,"784623,6041","5827267,16",13.1958252,52.521022,1554.0
212631,11,8,8100415.0,2021,6,9,5,3,5,3,0,0,1,0,0,0,0,1,"801820,1934","5823629,994",13.4452295,52.47917593,5242.0
212630,11,11,11300722.0,2021,6,8,3,3,5,2,0,1,1,0,0,0,0,0,"804243,673","5828690,661",13.48542773,52.52318829,5855.0
212629,11,8,8200726.0,2021,6,17,2,3,5,2,0,0,1,0,0,0,0,0,"802369,5023","5819917,824",13.44993045,52.44559952,5332.0
212628,11,7,7300515.0,2021,5,8,4,3,5,3,0,0,1,0,0,0,0,0,"793481,7995","5822494,248",13.32180647,52.47353944,3441.0
212627,11,1,1100311.0,2021,6,7,4,3,1,5,0,0,1,1,0,1,0,0,"799600,0302","5827719,227",13.41631487,52.51705227,4853.0
212626,11,4,4300414.0,2021,5,16,2,3,5,2,0,1,1,0,0,0,0,0,"791755,3171","5827273,985",13.30064658,52.51731417,3153.0
212625,11,4,4501043.0,2021,6,15,2,3,1,5,0,0,1,0,0,0,0,0,"792886,3761","5824734,415",13.31503357,52.49394151,3346.0
212624,11,10,10200525.0,2021,7,12,2,3,5,3,0,1,1,0,0,0,0,1,"812925,8163","5830027,826",13.61424107,52.53025771,7757.0
212623,11,7,7100102.0,2021,6,14,3,3,5,3,0,1,1,0,0,0,0,0,"794963,5639","5825229,694",13.3459796,52.4972628,3847.0
212622,11,1,1100101.0,2021,6,3,4,3,9,1,2,0,1,0,0,0,0,0,"795119,4528","5826500,179",13.34939531,52.50856752,3851.0
212621,11,8,8401244.0,2021,6,16,1,3,5,3,0,0,1,0,0,0,0,0,"805920,3297","5816218,728",13.4986301,52.41047113,6022.0
212620,11,2,2200213.0,2021,7,13,7,3,0,7,0,1,0,0,0,0,0,0,"800213,072","5824624,682",13.42253229,52.48897758,4945.0