ObjectID,State,District,LOR_ab_2021,AccidentYear,AccidentMonth,AccidentHour,DayOfWeek,AccidentCategory,AccidentType,AccidentTypeDetail,LightingCondition,InvolvingBike,InvolvingCar,InvolvingPedestrian,InvolvingMotorcycle,InvolvingHGV,InvolvingOther,RoadCondition,GraphicCoord1,GraphicCoord2,LongitudeWGS84,LatitudeWGS84,quadrant
212619,11,1,1400942.0,2021,6,16,1,3,0,1,0,0,0,0,1,0,0,0,"794624,3051","5830520,777",13.34568327,52.54487701,3761.0
212618,11,2,2200209.0,2021,7,10,5,3,2,6,0,0,1,0,0,0,0,1,"797107,5952","5824317,31",13.37665627,52.48792127,4245.0
212617,11,4,4501041.0,2021,7,6,5,3,5,3,0,0,1,0,1,0,0,0,"793138,696","5825742,545",13.31962677,52.50284358,3449.0
212616,11,3,3601243.0,2021,6,3,5,3,3,6,2,0,1,0,0,1,0,0,"799342,9692","5831760,127",13.41617742,52.55341381,4864.0
212615,11,9,9200715.0,2021,5,18,1,3,0,7,0,1,0,0,0,0,0,0,"807616,7851","5819332,449",13.52635573,52.43742657,6430.0
212614,11,2,2500830.0,2021,6,14,6,3,0,7,0,1,1,0,0,0,0,0,"802383,9197","5827444,469",13.45696738,52.51305327,5452.0
212613,11,4,4300623.0,2021,6,18,4,3,1,5,0,1,1,0,0,0,0,0,"791992,7736","5826118,136",13.30312196,52.50682512,3150.0
212612,11,2,2200209.0,2021,6,18,3,3,5,2,0,1,1,0,0,0,0,0,"797747,0773","5824596,665",13.38629605,52.49007698,4345.0
212611,11,9,9501737.0,2021,6,19,1,3,3,6,0,1,1,0,0,0,0,0,"814400,1628","5820789,09",13.62718897,52.44662272,7933.0
212610,11,1,1100310.0,2021,5,16,4,3,2,6,0,0,1,0,0,0,0,0,"799502,2274","5827569,922",13.41474344,52.5157677,4853.0
212609,11,2,2100104.0,2021,6,18,4,3,5,2,0,1,1,0,0,0,0,0,"798928,399","5826354,184",13.40522036,52.50518513,4650.0
212608,11,5,5100209.0,2021,5,0,2,2,0,1,2,0,0,0,0,0,1,0,"783221,2789","5830516,015",13.17798138,52.55088222,1363.0
212607,11,2,2500836.0,2021,6,21,2,3,0,3,1,1,0,0,0,0,0,0,"803126,2684","5825697,723",13.4662828,52.49698542,5547.0
212606,11,4,4501148.0,2021,7,18,2,3,5,2,0,1,1,0,0,0,0,0,"793021,9065","5823391,714",13.3158436,52.48183187,3343.0
212605,11,1,1200520.0,2021,7,18,6,3,5,2,0,1,1,0,0,0,0,0,"794542,8657","5829070,284",13.34320004,52.53191841,3758.0
212604,11,2,2100106.0,2021,7,16,6,3,0,6,2,0,1,0,0,0,0,1,"799863,3527","5825697,637",13.41836284,52.49878718,4848.0
212603,11,4,4200206.0,2021,6,15,6,3,5,2,0,1,1,0,0,0,0,0,"786240,0194","5826006,448",13.21849928,52.50887259,1951.0
212602,11,2,2500832.0,2021,6,7,5,3,5,2,0,1,0,0,0,0,1,0,"803339,1096","5826745,938",13.47036326,52.50626213,5650.0
212601,11,3,3200204.0,2021,6,11,2,3,0,1,0,1,0,0,0,0,0,0,"799622,7834","5839969,079",13.42771664,52.6268388,5085.0
212600,11,8,8100521.0,2021,5,18,2,3,6,4,0,1,0,1,0,0,0,0,"803362,5617","5822514,492",13.4668563,52.46832325,5539.0
212599,11,2,2300314.0,2021,6,18,6,3,2,6,0,1,1,0,0,0,0,0,"799874,1357","5825991,922",13.41878619,52.50141907,4849.0
212598,11,1,1100104.0,2021,6,7,6,3,5,2,0,1,0,0,0,0,1,0,"796270,0399","5825955,871",13.3658146,52.50306466,4049.0
212597,11,12,12200515.0,2021,7,20,6,3,5,3,0,0,1,0,0,0,0,0,"790138,6932","5835783,1",13.28432686,52.59446091,2876.0
212596,11,5,5100315.0,2021,6,8,4,2,5,3,0,1,1,0,0,0,0,0,"784358,2689","5830020,962",13.19428118,52.54585118,1562.0
212595,11,4,4200311.0,2021,6,18,6,3,2,2,0,0,1,0,0,0,0,0,"790490,4041","5826692,647",13.28155017,52.51277769,2852.0
212594,11,7,7300515.0,2021,5,9,6,3,5,3,0,1,1,0,0,0,0,1,"793902,8276","5822499,164",13.32799166,52.47335713,3540.0
212593,11,10,10100311.0,2021,6,13,5,3,0,1,0,0,0,0,1,0,0,1,"806792,1458","5830310,222",13.52436729,52.53627511,6459.0
212592,11,7,7601544.0,2021,7,1,1,3,0,1,2,0,0,0,0,0,1,0,"799800,3395","5813978,632",13.40692121,52.39377725,4717.0
212591,11,1,1200520.0,2021,5,18,3,3,2,6,0,0,1,0,1,0,0,1,"794575,0472","5828693,176",13.34333894,52.5285205,3757.0
212590,11,3,3400722.0,2021,6,15,3,3,0,1,0,0,0,0,1,0,0,1,"798546,5099","5834188,897",13.40665066,52.57562125,4770.0
212589,11,6,6100101.0,2021,7,19,2,3,5,3,0,1,1,0,0,0,0,0,"792714,3537","5821672,896",13.30981921,52.466588,3238.0
212588,11,11,11400929.0,2021,7,19,3,3,1,5,0,1,1,0,0,0,0,0,"805171,9609","5826697,107",13.49723942,52.50480241,6050.0
212587,11,6,6200316.0,2021,5,15,1,3,1,5,0,1,1,0,0,0,0,0,"796038,4211","5817568,164",13.35497134,52.42800112,3927.0
212586,11,7,7200308.0,2021,6,12,4,3,6,4,0,1,0,1,0,0,0,0,"795361,6807","5823267,792",13.35008828,52.47946045,3842.0
212585,11,7,7300618.0,2021,6,12,4,3,5,3,0,0,1,0,0,0,0,1,"794900,6224","5822846,027",13.34294603,52.47592877,3741.0
212584,11,6,6300526.0,2021,7,18,7,3,5,3,0,0,1,0,0,0,0,0,"788369,0508","5817750,829",13.24264632,52.43373526,2229.0
212583,11,9,9300920.0,2021,6,14,3,3,5,3,0,1,1,0,0,0,0,0,"807727,0947","5817906,922",13.52666156,52.42458864,6426.0
212582,11,5,5100103.0,2021,6,21,6,2,5,2,1,0,1,0,0,0,1,0,"785258,0561","5832246,747",13.20942699,52.56533682,1767.0
212581,11,4,4300620.0,2021,6,18,3,3,0,1,0,1,0,0,0,0,0,0,"794168,8174","5827040,91",13.33590669,52.5139283,3652.0
212580,11,10,10200422.0,2021,6,17,3,3,5,3,0,1,1,0,0,0,0,0,"812167,6208","5831026,52",13.60403835,52.5396418,7660.0
212579,11,9,9502043.0,2021,6,16,7,3,0,7,0,0,1,0,0,0,1,0,"809486,8017","5822444,5",13.55666098,52.46426141,6938.0
212578,11,9,9401329.0,2021,6,14,2,3,5,3,0,1,1,0,0,0,0,0,"811975,3173","5819352,387",13.59028505,52.43513675,7429.0
212577,11,3,3601142.0,2021,7,1,1,3,0,1,2,1,0,0,0,0,0,0,"798371,6029","5830966,889",13.40118022,52.54683655,4662.0
212576,11,1,1100207.0,2021,6,12,7,3,5,3,0,1,1,0,0,0,0,0,"797893,5852","5826671,35",13.39030315,52.50859412,4451.0
212575,11,6,6400844.0,2021,5,12,4,3,2,6,0,0,1,0,1,0,0,0,"792678,8819","5821764,998",13.30937932,52.46743268,3239.0
212574,11,12,12100103.0,2021,6,16,4,3,8,1,0,0,1,0,0,0,0,1,"795346,1042","5833856,879",13.35926528,52.57439132,3970.0
212573,11,6,6300632.0,2021,7,13,3,3,6,4,0,0,1,1,0,0,0,0,"791146,1142","5816515,008",13.28230488,52.42118484,2825.0
212572,11,1,1100102.0,2021,7,0,4,3,5,2,2,1,0,0,0,0,1,1,"796635,3528","5826670,841",13.37181786,52.50927518,4151.0
212571,11,2,2100102.0,2021,6,1,5,3,0,1,2,1,0,0,0,0,0,0,"798378,4254","5826334,29",13.39712369,52.50530785,4550.0
212570,11,9,9502043.0,2021,5,20,2,3,5,3,0,1,1,0,0,0,0,0,"809220,3308","5823020,642",13.55328499,52.46957556,6839.0
212569,11,2,2300417.0,2021,6,19,5,3,1,5,0,1,1,0,0,0,0,0,"800611,7008","5825228,977",13.42893076,52.49417473,5047.0
212568,11,8,8200730.0,2021,6,14,4,3,6,7,0,0,1,1,0,0,0,0,"802234,0033","5817989,746",13.44619961,52.42839268,5227.0
212567,11,1,1400938.0,2021,6,17,3,3,9,1,0,0,0,0,0,0,1,0,"794813,2772","5831330,605",13.34918081,52.55203426,3863.0
212566,11,7,7601341.0,2021,6,19,1,3,5,3,0,1,1,0,0,0,0,0,"797247,117","5815532,195",13.37088768,52.40909509,4122.0
212565,11,10,10100205.0,2021,6,14,3,3,5,3,0,0,1,0,1,0,0,0,"807645,3158","5830814,869",13.53737366,52.54031682,6660.0
212564,11,6,6400737.0,2021,6,17,4,3,5,3,0,1,1,0,0,0,0,0,"784821,1083","5815911,144",13.1890328,52.4190992,1425.0
212563,11,11,11300722.0,2021,6,13,2,3,0,1,0,0,0,0,1,0,0,0,"803912,1891","5828207,871",13.48011585,52.51904606,5754.0
212562,11,10,10200421.0,2021,7,16,2,3,5,3,0,1,1,0,0,0,0,0,"812065,247","5830623,542",13.60215536,52.5360893,7659.0
212561,11,6,6100204.0,2021,6,12,7,3,2,6,0,0,1,0,0,0,0,0,"795437,7767","5820670,573",13.34890585,52.456137,3835.0
212560,11,6,6300634.0,2021,7,14,5,2,0,3,0,1,0,0,1,0,0,1,"791955,0078","5819040,467",13.29637139,52.44339469,3032.0
212559,11,6,6100209.0,2021,7,11,5,3,0,4,0,0,0,1,1,0,0,0,"794546,8518","5821690,419",13.33673202,52.46576026,3638.0
212558,11,3,3400723.0,2021,6,15,6,3,5,2,0,1,0,0,0,0,1,0,"798731,7397","5833693,401",13.40892954,52.57107826,4769.0
212557,11,3,3501038.0,2021,6,15,2,2,2,6,0,0,1,0,0,0,0,0,"803354,1058","5831597,994",13.47501029,52.54974153,5763.0
212556,11,10,10300734.0,2021,6,12,2,2,2,6,0,0,1,0,0,0,1,0,"809596,4906","5825649,215",13.56124564,52.49291911,7046.0
212555,11,7,7100204.0,2021,5,18,2,3,2,7,0,0,1,0,0,0,0,0,"795709,1259","5824900,282",13.35663779,52.49390643,3946.0
212554,11,4,4300414.0,2021,6,11,6,3,6,2,0,0,1,1,0,0,0,0,"791746,4094","5827243,136",13.30048862,52.51704237,3153.0
212553,11,9,9200715.0,2021,6,17,6,3,5,2,0,0,1,0,1,0,0,0,"807413,2478","5818310,789",13.52243167,52.42838462,6427.0
212552,11,4,4300622.0,2021,6,4,3,3,0,1,1,0,1,0,1,0,0,0,"792970,5223","5827374,955",13.31859316,52.51756786,3353.0
212551,11,2,2300316.0,2021,6,7,6,3,5,3,0,1,1,0,0,0,0,1,"800682,474","5826404,124",13.43103101,52.50466895,5050.0
212550,11,4,4500936.0,2021,6,16,2,3,5,3,0,0,1,0,1,0,0,0,"792202,0149","5825328,683",13.3055033,52.49963581,3148.0
212549,11,4,4300622.0,2021,5,18,5,3,3,2,0,1,1,0,0,0,0,1,"793542,3418","5826084,529",13.32585791,52.50569231,3550.0
212548,11,4,4501043.0,2021,6,17,4,2,5,2,0,1,1,0,0,0,0,0,"792674,4122","5825313,971",13.31242959,52.49925077,3348.0
212547,11,3,3500933.0,2021,7,13,1,3,5,2,0,0,1,0,1,0,0,0,"802141,4631","5832019,6",13.45756428,52.55419429,5464.0
212546,11,7,7300619.0,2021,5,20,2,3,2,6,0,1,1,0,0,0,0,0,"795142,8443","5822289,512",13.34600962,52.47080913,3840.0
212545,11,1,1401045.0,2021,6,21,3,3,5,2,1,1,1,0,0,0,0,1,"796676,8063","5831911,272",13.37710419,52.55622746,4265.0
212544,11,7,7200409.0,2021,7,20,3,3,1,5,0,1,1,0,0,0,0,0,"795528,7762","5824442,674",13.35358319,52.48990201,3945.0
212543,11,6,6300630.0,2021,7,20,5,2,6,4,0,0,1,1,0,0,0,0,"793377,0268","5819104,088",13.31728914,52.44320394,3332.0
212542,11,7,7601442.0,2021,6,14,2,3,1,5,0,1,1,0,0,0,0,0,"798610,4941","5815277,31",13.39064449,52.40606842,4421.0
212541,11,2,2300316.0,2021,6,19,6,3,5,3,0,0,1,0,0,0,0,0,"800624,9911","5826274,656",13.43006976,52.50354016,5049.0
212540,11,8,8200623.0,2021,6,17,5,3,1,5,0,1,1,0,0,0,0,0,"802023,5675","5821140,207",13.44596138,52.45674716,5236.0
212539,11,12,12500926.0,2021,6,11,3,3,1,5,0,1,1,0,0,0,0,0,"793199,3588","5835582,681",13.32920512,52.59102287,3575.0
212538,11,4,4501045.0,2021,6,15,3,2,5,2,0,1,0,0,0,1,0,0,"793472,7295","5824731,127",13.3236426,52.49359709,3446.0
212537,11,8,8100103.0,2021,6,20,6,3,2,6,0,1,1,0,0,0,0,0,"800596,0403","5823192,768",13.42686455,52.47593208,5041.0
212536,11,4,4200204.0,2021,6,14,7,2,5,3,0,1,1,0,0,0,0,0,"786560,8085","5826160,343",13.2233455,52.51008395,1951.0
212535,11,2,2400623.0,2021,7,17,7,2,6,4,0,0,1,1,0,0,0,0,"800372,4926","5827151,858",13.42715247,52.51154187,5052.0
212534,11,2,2200213.0,2021,6,7,4,3,3,6,0,0,1,0,1,0,0,0,"799136,8572","5825047,094",13.40710849,52.49335469,4746.0
212533,11,5,5200634.0,2021,6,16,6,3,2,2,0,0,1,0,0,0,1,0,"785568,7999","5826169,469",13.208776,52.51068602,1751.0
212532,11,11,11200410.0,2021,6,8,4,2,6,4,0,0,0,1,0,0,1,0,"805820,3768","5832299,9",13.51191654,52.55465325,6264.0
212531,11,5,5200528.0,2021,5,17,3,3,2,6,0,0,1,0,0,1,0,1,"783477,4397","5826725,86",13.17851647,52.51676566,1353.0
212530,11,1,1300733.0,2021,6,8,4,3,2,2,0,1,1,0,0,0,0,1,"797402,4386","5831562,494",13.38746347,52.55270534,4464.0
212529,11,6,6300633.0,2021,7,8,2,3,0,1,0,0,0,0,1,0,0,1,"793215,9351","5819678,802",13.31543025,52.44844252,3333.0
212528,11,1,1100311.0,2021,7,13,4,3,0,6,0,0,1,0,1,0,0,1,"799639,9303","5827966,074",13.41712346,52.51924295,4854.0
212527,11,11,11200515.0,2021,6,13,4,2,5,3,0,0,1,0,0,0,1,0,"806066,3865","5830635,929",13.5140004,52.53960222,6260.0
212526,11,2,2300417.0,2021,5,14,7,3,0,5,0,0,1,0,1,0,0,0,"800505,6789","5825737,572",13.42783261,52.49879182,5048.0
212525,11,9,9200613.0,2021,6,5,5,3,5,2,0,1,1,0,0,0,0,0,"806804,3765","5821333,531",13.51627971,52.45581727,6335.0
212524,11,9,9300920.0,2021,6,14,4,3,4,7,0,0,1,1,0,0,0,1,"809544,5391","5816903,315",13.55237643,52.41456936,6823.0
212523,11,1,1200520.0,2021,7,1,7,3,1,5,2,1,1,0,0,0,0,1,"794410,9275","5828450,401",13.34071167,52.52643285,3756.0
212522,11,1,1200522.0,2021,6,23,3,2,0,1,2,0,0,0,1,0,0,0,"793711,5073","5827990,802",13.33002574,52.52269005,3555.0
212521,11,8,8100311.0,2021,6,20,7,3,1,5,1,1,1,0,0,0,0,0,"800786,7855","5824395,919",13.43074996,52.48661132,5044.0
212520,11,12,12200310.0,2021,6,13,3,2,0,6,0,0,1,0,0,0,1,0,"791887,2744","5833519,009",13.30807388,52.57322851,3270.0
212519,11,4,4500936.0,2021,6,12,4,2,1,5,0,1,1,0,0,0,0,0,"792032,5661","5825774,021",13.30340474,52.5037189,3149.0
212518,11,6,6300526.0,2021,6,16,2,3,5,2,0,1,1,0,0,0,0,0,"789264,725","5818036,844",13.25603205,52.43582659,2429.0
212517,11,6,6200313.0,2021,6,11,1,3,5,3,0,1,0,0,0,0,1,0,"795670,9119","5818239,31",13.35017534,52.43421626,3829.0
212516,11,9,9200717.0,2021,7,19,7,3,5,2,0,1,1,0,0,0,0,0,"809679,5441","5819053,417",13.5563454,52.43376196,6929.0
212515,11,4,4400727.0,2021,7,10,6,3,0,5,0,1,1,0,0,0,0,1,"791494,6215","5824379,773",13.29428158,52.49150722,3046.0
212514,11,12,12500825.0,2021,6,15,6,3,5,3,0,0,0,0,0,0,1,0,"792382,122","5835069,896",13.31672303,52.58686592,3374.0
212513,11,8,8100418.0,2021,6,19,5,3,5,3,0,1,0,0,0,0,0,0,"801970,3682","5824055,027",13.447819,52.48290255,5343.0
212512,11,9,9401534.0,2021,6,16,2,3,0,2,0,1,1,0,0,0,0,0,"811393,8941","5820154,178",13.58250689,52.4426533,7331.0
212511,11,1,1100103.0,2021,5,11,2,3,5,3,0,0,1,0,0,0,0,0,"795326,0272","5826174,152",13.35214098,52.50553314,3850.0
212510,11,2,2100102.0,2021,6,23,6,3,1,5,2,1,1,0,0,0,0,0,"797951,8774","5826271,524",13.39080166,52.50497834,4450.0
212509,11,1,1100416.0,2021,6,20,7,3,0,1,0,1,0,0,0,0,0,0,"798563,2307","5829229,599",13.40243676,52.53115924,4657.0
212508,11,2,2300314.0,2021,7,6,7,3,6,7,0,0,0,1,0,0,1,0,"799859,8127","5825843,921",13.41844256,52.50010034,4848.0
212507,11,5,5200629.0,2021,6,17,4,2,6,2,0,0,1,1,0,0,0,0,"784706,2844","5828588,154",13.19817164,52.53282288,1658.0
212506,11,6,6300629.0,2021,6,17,6,3,5,2,0,1,1,0,0,0,0,0,"792232,6313","5819593,975",13.30092853,52.44820855,3133.0
212505,11,11,11300721.0,2021,5,10,6,3,6,3,0,0,1,1,0,0,0,1,"804576,2215","5829087,463",13.49067751,52.52655899,5956.0
212504,11,4,4501147.0,2021,6,9,5,3,2,6,0,1,0,0,0,0,1,0,"793235,1934","5823985,129",13.31949738,52.48703714,3444.0
212503,11,7,7400826.0,2021,7,15,1,3,5,2,0,1,1,0,0,0,0,0,"796697,7054","5820025,31",13.36682061,52.44967029,4134.0
212502,11,2,2100104.0,2021,5,13,2,3,5,3,0,0,1,0,0,0,1,0,"798923,6474","5826331,588",13.40513027,52.5049852,4650.0
212501,11,2,2200210.0,2021,6,18,3,3,0,7,0,1,0,0,0,0,0,0,"799011,8678","5825071,293",13.40529469,52.49364008,4646.0
212500,11,2,2400623.0,2021,7,9,3,2,5,2,0,0,1,0,0,0,0,0,"801206,2052","5827463,356",13.43968236,52.51387417,5152.0
212499,11,3,3601245.0,2021,7,20,3,2,5,3,0,1,1,0,0,0,0,0,"800770,7764","5831325,521",13.43677955,52.54873181,5162.0
212498,11,1,1401043.0,2021,5,8,7,2,0,5,0,0,0,0,1,0,1,0,"795595,531","5830834,488",13.36024296,52.54716307,4062.0
212497,11,4,4500936.0,2021,6,15,5,3,1,5,0,1,1,0,0,0,0,0,"792215,5131","5825549,451",13.3058953,52.50160772,3249.0
212496,11,9,9200715.0,2021,6,13,4,3,5,2,0,1,1,0,0,0,0,0,"808207,9399","5818840,293",13.53457089,52.43268303,6629.0
212495,11,3,3400721.0,2021,7,1,7,3,6,2,2,0,1,1,0,0,0,1,"797879,004","5833069,571",13.39582427,52.56595381,4568.0
212494,11,4,4501041.0,2021,6,9,2,3,5,7,0,1,1,0,0,0,0,0,"792956,4381","5825757,269",13.3169623,52.50307346,3349.0
212493,11,4,4500936.0,2021,6,18,6,2,5,2,0,0,1,0,1,0,0,0,"792104,753","5825766,933",13.30445901,52.50361671,3149.0
212492,11,4,4200308.0,2021,6,8,3,3,5,3,0,0,1,0,0,0,0,0,"789836,3889","5827385,346",13.2725432,52.51933578,2754.0
212491,11,1,1300835.0,2021,6,7,3,2,5,3,0,1,1,0,0,0,0,0,"796983,5672","5830179,275",13.3800668,52.54053495,4360.0
212490,11,2,2300315.0,2021,6,21,1,3,1,5,1,1,1,0,0,0,0,0,"800256,8618","5825845,944",13.42427597,52.49990015,4948.0
212489,11,6,6200422.0,2021,6,17,1,3,6,2,0,0,1,1,0,0,0,0,"794515,7038","5817170,714",13.33229063,52.42525997,3526.0
212488,11,3,3500934.0,2021,7,16,1,2,5,2,0,0,1,0,1,0,0,0,"800424,5092","5832291,211",13.4325621,52.55757856,5065.0
212487,11,8,8301037.0,2021,6,14,1,3,2,6,0,0,1,0,0,0,0,0,"804151,0486","5817808,473",13.47414359,52.42570564,5727.0
212486,11,9,9300922.0,2021,6,12,1,3,5,3,0,0,1,0,0,0,0,0,"808183,3165","5815760,559",13.53137363,52.4050958,6520.0
212485,11,3,3400620.0,2021,5,15,3,3,5,3,0,1,1,0,0,0,0,1,"797950,9118","5833664,184",13.39741614,52.57124434,4569.0
212484,11,8,8100417.0,2021,6,11,4,3,2,6,0,0,1,0,0,0,0,1,"802603,269","5823076,336",13.4562225,52.47378015,5441.0
212483,11,2,2200210.0,2021,7,17,3,3,5,2,0,0,1,0,0,0,1,0,"798798,9592","5824938,684",13.40204907,52.49256801,4646.0
212482,11,3,3200309.0,2021,7,10,4,3,2,6,0,0,1,0,0,1,0,1,"800743,5713","5838674,5",13.44304779,52.61461622,5282.0
212481,11,10,10300734.0,2021,6,6,5,3,2,6,0,1,0,0,0,0,1,0,"809552,6471","5826699,676",13.56157812,52.50235788,7049.0
212480,11,5,5200629.0,2021,6,16,2,3,1,5,0,0,1,0,0,0,0,0,"784163,5921","5828032,437",13.18971754,52.52812349,1456.0
212479,11,8,8100314.0,2021,5,23,1,2,5,3,2,0,1,0,1,0,0,0,"801017,5482","5823887,564",13.43367912,52.48192761,5143.0
212478,11,8,8200726.0,2021,6,17,5,3,6,7,0,0,0,1,1,0,0,0,"801468,8944","5820370,328",13.4371279,52.45015274,5134.0
212477,11,11,11200514.0,2021,6,16,4,3,5,3,0,1,1,0,0,0,0,0,"804994,8568","5830197,531",13.49784767,52.53627388,6059.0
212476,11,5,5100313.0,2021,6,17,3,3,5,2,0,1,1,0,0,0,0,0,"785173,9029","5830986,273",13.20710563,52.55407969,1764.0
212475,11,9,9501737.0,2021,6,20,7,2,0,1,0,0,0,0,1,0,0,1,"814202,5218","5821315,22",13.62478533,52.45145096,7934.0
212474,11,7,7400824.0,2021,5,18,5,2,0,2,0,0,1,0,0,0,1,1,"797845,5417","5822041,972",13.3854601,52.46712334,4339.0
212473,11,1,1300836.0,2021,6,8,4,3,5,2,0,0,1,0,1,0,0,0,"796850,3065","5830637,285",13.37851691,52.5447131,4261.0
212472,11,5,5100210.0,2021,5,16,1,3,5,2,0,0,1,0,0,0,0,0,"784170,0491","5830056,296",13.19154325,52.5462662,1562.0
212471,11,1,1300836.0,2021,6,15,2,3,5,2,0,0,1,0,0,0,0,0,"796291,6715","5830599,411",13.37026938,52.54467769,4161.0
212470,11,9,9300922.0,2021,7,19,2,3,5,3,0,1,1,0,0,0,0,0,"807903,28","5815334,351",13.52687827,52.40143353,6419.0
212469,11,1,1401044.0,2021,6,20,4,2,5,3,1,0,1,0,1,0,0,0,"796121,0416","5831193,362",13.36829015,52.55009462,4163.0
212468,11,5,5100101.0,2021,7,7,6,3,6,4,0,1,0,1,0,0,0,0,"785413,7548","5833157,779",13.21250181,52.57342333,1870.0
212467,11,4,4501041.0,2021,7,13,5,3,6,2,0,0,1,1,0,0,0,0,"792966,5567","5825541,686",13.31692127,52.5011354,3349.0
212466,11,2,2200207.0,2021,6,11,6,3,5,2,0,1,1,0,0,0,0,0,"797090,4104","5824707,864",13.37675212,52.49143154,4246.0
212465,11,2,2400522.0,2021,6,8,5,2,2,6,0,0,1,0,0,0,0,0,"801610,2569","5828869,682",13.44689358,52.52625591,5356.0
212464,11,9,9200715.0,2021,6,16,2,3,2,2,0,0,1,0,1,0,0,0,"809059,6504","5818759,475",13.54698437,52.43147823,6728.0
212463,11,4,4400726.0,2021,6,9,3,3,5,3,0,1,1,0,0,0,0,0,"791095,3446","5823983,181",13.28807092,52.48816485,2945.0
212462,11,12,12500824.0,2021,6,19,6,3,5,3,0,1,1,0,0,0,0,0,"790629,6702","5835988,963",13.29173543,52.59604427,2976.0
212461,11,1,1100308.0,2021,6,16,6,3,4,6,0,1,1,0,0,0,0,0,"796995,1064","5828649,303",13.37886934,52.52681419,4256.0
212460,11,11,11100101.0,2021,6,16,4,3,0,6,0,1,1,0,0,0,0,0,"807265,8063","5835970,469",13.53656968,52.58673509,6674.0
212459,11,4,4200309.0,2021,6,12,6,3,5,3,0,0,1,0,0,0,0,0,"789074,0831","5827182,024",13.26116302,52.51791757,2553.0
212458,11,4,4300517.0,2021,6,15,2,3,0,6,0,0,1,0,1,0,0,0,"791702,6409","5827827,104",13.30035752,52.52230096,3155.0
212457,11,4,4300620.0,2021,5,4,6,2,8,7,1,0,1,0,0,0,0,0,"793516,196","5827652,86",13.32685708,52.51976573,3554.0
212456,11,4,4200203.0,2021,6,12,4,3,2,6,0,0,0,0,1,0,0,0,"788000,3439","5826601,195",13.24487984,52.51327828,2252.0
212455,11,8,8200725.0,2021,7,14,1,3,0,3,0,0,1,0,1,0,0,0,"799922,841","5819071,996",13.41328059,52.4393654,4831.0
212454,11,1,1200623.0,2021,5,15,3,3,5,3,0,0,1,0,0,0,0,1,"795104,3273","5828858,389",13.35126509,52.52971526,3857.0
212453,11,3,3601243.0,2021,6,11,3,3,3,6,0,1,1,0,0,0,0,0,"799932,3894","5831724,626",13.42481285,52.55277135,4964.0
212452,11,3,3601346.0,2021,7,19,3,3,0,1,0,1,0,0,0,0,0,0,"799252,2706","5830516,565",13.41372312,52.54231707,4861.0
212451,11,9,9200717.0,2021,7,15,6,3,6,4,0,0,0,1,1,0,0,0,"809336,0044","5819648,624",13.55185895,52.43929052,6830.0
212450,11,1,1100414.0,2021,6,14,2,3,1,5,0,1,1,0,0,0,1,0,"797223,6718","5829184,324",13.38270688,52.53148547,4357.0
212449,11,8,8100417.0,2021,6,18,6,3,5,2,0,1,1,0,0,0,0,0,"802576,84","5823079,536",13.45583748,52.47382348,5441.0
212448,11,12,12500928.0,2021,6,20,3,3,3,6,0,0,1,0,0,0,0,0,"792610,5158","5837534,336",13.32226245,52.6088355,3480.0
212447,11,12,12400721.0,2021,6,11,3,3,5,3,0,1,1,0,0,0,0,0,"791055,6428","5840426,821",13.3019116,52.63560047,3188.0
212446,11,4,4500939.0,2021,6,15,1,3,3,6,0,0,1,0,1,0,0,0,"792496,929","5824381,588",13.30900382,52.49098734,3246.0
212445,11,1,1401046.0,2021,6,14,7,3,6,4,0,0,1,1,0,0,0,0,"794624,4266","5829872,576",13.3451102,52.5390663,3760.0
212444,11,6,6400736.0,2021,7,19,7,2,2,2,0,1,1,0,0,0,0,0,"787373,8754","5816619,685",13.22707605,52.42411737,2026.0
212443,11,1,1100415.0,2021,6,12,4,3,0,1,0,1,0,0,0,0,0,0,"798301,8822","5829371,92",13.39872314,52.53257804,4558.0
212442,11,1,1100310.0,2021,6,2,6,3,9,1,2,0,0,0,1,0,0,0,"799481,4554","5828832,856",13.41557535,52.52709936,4856.0
212441,11,1,1300834.0,2021,6,6,2,3,6,2,0,0,1,1,0,0,0,0,"798088,9068","5829998,19",13.3961544,52.53830822,4559.0
212440,11,4,4200308.0,2021,5,16,4,3,2,6,0,0,1,0,0,0,1,0,"789480,8106","5827488,642",13.26740725,52.52045072,2654.0
212439,11,2,2200210.0,2021,6,8,4,3,0,2,0,1,1,0,0,0,0,1,"798492,5748","5825223,544",13.39780494,52.49528904,4547.0
212438,11,8,8301036.0,2021,7,11,2,3,2,6,0,0,1,0,0,0,0,0,"803816,5018","5818110,696",13.4695131,52.42860031,5627.0
212437,11,10,10400938.0,2021,7,13,4,3,5,3,0,1,1,0,0,0,0,0,"813001,15","5828494,14",13.61390469,52.51647112,7753.0
212436,11,4,4400835.0,2021,6,8,4,3,6,4,0,0,1,1,0,0,0,0,"793194,9833","5822520,326",13.31761878,52.47392725,3341.0
212435,11,7,7501134.0,2021,5,11,7,3,2,6,0,0,1,0,1,0,0,0,"799388,8175","5817704,35",13.40422316,52.42739882,4627.0