ObjectID,State,District,LOR_ab_2021,AccidentYear,AccidentMonth,AccidentHour,DayOfWeek,AccidentCategory,AccidentType,AccidentTypeDetail,LightingCondition,InvolvingBike,InvolvingCar,InvolvingPedestrian,InvolvingMotorcycle,InvolvingHGV,InvolvingOther,RoadCondition,GraphicCoord1,GraphicCoord2,LongitudeWGS84,LatitudeWGS84,quadrant
212434,11,7,7200409.0,2021,6,14,5,3,6,4,0,0,0,1,1,0,0,0,"795463,4403","5824419,78",13.35260341,52.48973214,3845.0
212433,11,3,3100101.0,2021,6,15,4,3,5,2,0,0,1,0,0,0,1,0,"803006,4692","5842057,867",13.47946982,52.64368285,5790.0
212432,11,9,9100409.0,2021,6,18,3,3,0,1,0,1,0,0,0,0,0,0,"806970,1868","5820068,175",13.51754941,52.44438367,6332.0
212431,11,2,2200210.0,2021,6,3,7,3,0,1,1,0,0,0,1,0,0,0,"798731,3426","5824997,661",13.40110898,52.49313366,4646.0
212430,11,1,1400940.0,2021,6,16,3,3,5,2,0,1,1,0,0,0,0,0,"795791,864","5832049,696",13.36421254,52.55794966,4065.0
212429,11,7,7501134.0,2021,6,22,4,3,5,2,2,1,1,0,0,0,0,0,"798320,2137","5818973,59",13.38968589,52.43935986,4431.0
212428,11,4,4100101.0,2021,6,8,2,3,2,6,0,0,1,0,0,0,0,0,"791096,6529","5829125,414",13.2925879,52.53426405,3058.0
212427,11,4,4501041.0,2021,6,23,1,3,3,6,2,1,1,0,0,0,0,0,"792864,1205","5825526,874",13.31540348,52.5010576,3349.0
212426,11,3,3300516.0,2021,7,0,1,3,1,5,2,0,0,0,1,0,1,0,"800135,3887","5833860,721",13.42973002,52.57180584,5069.0
212425,11,4,4501040.0,2021,6,22,1,3,3,6,2,0,1,0,0,0,1,0,"792338,3616","5825392,415",13.3075621,52.50013413,3248.0
212424,11,1,1100313.0,2021,6,20,4,3,0,2,1,1,0,0,1,0,0,1,"799768,6456","5826564,029",13.41775184,52.50660508,4850.0
212423,11,9,9301228.0,2021,7,21,4,2,0,1,1,1,0,0,0,0,0,0,"818693,3788","5812585,767",13.68233949,52.37063366,8810.0
212422,11,1,1200517.0,2021,7,8,5,3,5,3,0,1,1,0,0,0,0,0,"794421,5645","5829389,02",13.34169931,52.53484119,3758.0
212421,11,2,2200207.0,2021,6,7,5,3,5,2,0,1,0,0,0,0,1,0,"797090,9083","5824705,964",13.37675774,52.49141423,4246.0
212420,11,8,8200623.0,2021,5,11,1,3,6,7,0,0,1,1,0,0,0,0,"801393,9295","5821142,903",13.43672539,52.4571189,5136.0
212419,11,3,3601141.0,2021,6,6,6,3,5,3,0,0,1,0,1,0,0,0,"799240,6989","5831804,734",13.41471371,52.55386983,4864.0
212418,11,12,12200309.0,2021,6,6,4,3,3,6,0,0,1,0,1,0,0,0,"793585,6029","5832350,255",13.33202804,52.56183792,3566.0
212417,11,3,3400721.0,2021,6,15,3,3,5,3,0,1,0,0,0,0,0,0,"798050,2994","5832924,247",13.39821344,52.56455744,4567.0
212416,11,7,7601544.0,2021,6,10,6,3,5,2,0,1,1,0,0,0,0,0,"799436,499","5814036,082",13.4016414,52.39449122,4617.0
212415,11,6,6400844.0,2021,6,15,2,3,2,6,0,0,1,0,0,0,0,0,"790509,4402","5821289,576",13.27711978,52.46432836,2738.0
212414,11,5,5100103.0,2021,6,18,1,3,6,4,0,0,1,1,0,0,0,0,"785336,9646","5832488,376",13.21079583,52.56746187,1768.0
212413,11,5,5100315.0,2021,5,14,5,3,5,3,0,0,1,0,0,0,1,0,"784657,3959","5829702,3",13.19840733,52.54283785,1661.0
212412,11,1,1300732.0,2021,6,17,4,3,6,4,0,0,1,1,0,0,0,0,"797670,2294","5832849,339",13.39255561,52.56409392,4467.0
212411,11,1,1300834.0,2021,5,20,1,3,5,3,2,1,1,0,0,0,0,0,"798356,9026","5830141,889",13.40022311,52.53944963,4660.0
212410,11,7,7200409.0,2021,6,7,3,3,5,5,0,0,1,0,1,0,0,0,"795514,2982","5824438,883",13.35336721,52.48987586,3945.0
212409,11,3,3400724.0,2021,7,11,2,3,0,3,0,0,1,0,0,0,1,1,"799992,0057","5834943,82",13.42860072,52.58159293,5072.0
212408,11,3,3701554.0,2021,6,13,5,3,2,7,0,1,0,0,0,0,1,0,"798892,4502","5829878,085",13.4078588,52.53679155,4759.0
212407,11,8,8100415.0,2021,7,18,6,3,1,5,0,1,1,0,0,0,0,0,"801758,9313","5823551,302",13.44425897,52.47850446,5242.0
212406,11,6,6400840.0,2021,7,15,6,3,5,7,0,0,1,0,0,0,0,1,"788829,2185","5819597,161",13.25099221,52.45004581,2334.0
212405,11,5,5100316.0,2021,6,13,6,3,0,1,0,0,0,0,1,0,0,0,"784959,0969","5829454,942",13.20263193,52.54046233,1660.0
212404,11,1,1400937.0,2021,6,22,5,3,5,2,2,1,0,0,1,0,0,0,"793672,1624","5832252,013",13.33321436,52.56091056,3666.0
212403,11,2,2400521.0,2021,6,22,1,3,6,4,2,0,0,1,1,0,0,0,"801135,4575","5828569,214",13.43964399,52.52382523,5155.0
212402,11,4,4200310.0,2021,5,11,4,3,5,3,0,0,1,0,0,0,0,0,"789992,273","5826317,665",13.27390367,52.50968098,2751.0
212401,11,1,1100103.0,2021,7,14,5,3,3,6,0,0,1,0,1,0,0,1,"795302,2237","5826181,818",13.35179809,52.50561475,3850.0
212400,11,4,4200309.0,2021,7,16,3,3,5,3,0,1,1,0,0,0,0,0,"788854,0725","5827199,004",13.25794438,52.51818638,2454.0
212399,11,1,1300835.0,2021,7,11,5,3,0,7,0,1,0,0,0,0,0,0,"797834,9266","5829817,682",13.39225893,52.53682907,4459.0
212398,11,11,11300620.0,2021,6,11,5,3,5,2,0,0,1,0,0,0,0,0,"804214,7853","5829078,362",13.48535792,52.52667922,5856.0
212397,11,7,7100101.0,2021,5,21,1,3,5,3,1,0,1,0,0,0,1,0,"794590,44","5825443,031",13.34068785,52.49937678,3748.0
212396,11,3,3500934.0,2021,6,8,6,2,0,7,0,0,1,0,0,1,0,0,"801018,3748","5831559,367",13.44063203,52.55069104,5263.0
212395,11,3,3500934.0,2021,6,12,5,3,5,3,0,1,1,0,0,0,0,1,"800692,6709","5831572,278",13.43585459,52.55098665,5163.0
212394,11,1,1100310.0,2021,6,15,3,3,5,3,0,1,0,0,0,0,0,0,"798998,6666","5828614,374",13.40828354,52.52540599,4756.0
212393,11,4,4501043.0,2021,6,17,2,3,5,3,0,1,1,0,0,0,0,0,"793107,4003","5825211,409",13.31869955,52.49809894,3348.0
212392,11,5,5300840.0,2021,5,16,5,3,8,1,0,0,0,0,1,0,0,1,"789314,6283","5828977,662",13.26626049,52.53388831,2658.0
212391,11,7,7601544.0,2021,6,9,4,2,5,3,0,0,1,0,0,0,0,0,"799789,4776","5813976,931",13.40676053,52.39376795,4717.0
212390,11,4,4300619.0,2021,5,21,1,3,0,2,1,0,1,0,0,0,1,0,"792751,258","5827034,88",13.31507179,52.51463695,3353.0
212389,11,8,8100418.0,2021,6,13,2,3,5,3,0,1,0,0,0,0,1,0,"802497,2086","5823290,326",13.45485983,52.4757569,5441.0
212388,11,4,4501150.0,2021,7,17,2,3,5,2,0,1,1,0,0,0,0,0,"793436,0827","5823923,258",13.32239296,52.48637455,3444.0
212387,11,2,2300316.0,2021,6,16,5,3,6,4,0,0,1,1,0,0,0,0,"800900,9093","5826104,86",13.43396909,52.50186615,5149.0
212386,11,2,2300314.0,2021,7,18,6,3,1,5,0,1,1,0,0,0,0,0,"799873,2745","5825880,214",13.41867295,52.50041824,4848.0
212385,11,11,11300620.0,2021,7,4,5,3,5,2,2,1,1,0,0,0,0,0,"804135,9342","5829849,914",13.48490503,52.53363832,5858.0
212384,11,3,3400721.0,2021,6,8,5,3,2,6,0,0,1,0,1,0,0,0,"797773,972","5832951,971",13.39417371,52.56495715,4567.0
212383,11,5,5300840.0,2021,6,13,4,3,6,7,0,0,0,1,0,0,1,0,"789158,4676","5829394,627",13.26432747,52.53770938,2559.0
212382,11,4,4100101.0,2021,6,16,2,3,4,1,0,1,0,0,0,0,0,0,"793198,9618","5829705,797",13.32400556,52.53834004,3459.0
212381,11,6,6200316.0,2021,5,14,2,2,5,3,0,0,1,0,1,0,0,0,"796050,1948","5817534,813",13.35511447,52.42769578,3927.0
212380,11,2,2100104.0,2021,6,18,6,3,5,3,0,1,1,0,0,0,0,0,"799326,9758","5826235,744",13.41096869,52.50390498,4749.0
212379,11,9,9301126.0,2021,6,15,5,3,2,3,0,1,1,0,0,0,0,0,"809932,4094","5817931,083",13.55901301,52.4235606,6926.0
212378,11,8,8100104.0,2021,6,13,3,3,6,4,0,0,1,1,0,0,0,0,"800873,322","5822466,695",13.43027993,52.46927137,5039.0
212377,11,3,3601245.0,2021,6,19,6,3,2,6,0,0,1,0,0,0,0,0,"800356,6136","5831559,894",13.43090195,52.55106105,5063.0
212376,11,3,3601450.0,2021,5,15,6,2,5,2,0,0,1,0,1,0,0,1,"802188,2419","5829415,232",13.45588316,52.53082561,5457.0
212375,11,4,4501040.0,2021,6,13,4,3,2,6,0,1,0,0,0,0,0,0,"792720,8803","5825940,936",13.31366332,52.5048464,3350.0
212374,11,6,6100210.0,2021,7,15,1,3,6,7,0,1,0,1,0,0,0,0,"795020,517","5820946,016",13.34302627,52.45883156,3736.0
212373,11,7,7100101.0,2021,5,12,3,3,5,3,0,1,1,0,0,0,0,1,"794698,4775","5824904,944",13.34179871,52.49449483,3747.0
212372,11,5,5200528.0,2021,6,16,3,3,2,6,0,0,1,0,0,0,0,0,"783647,7675","5825205,886",13.17972448,52.50304865,1349.0
212371,11,1,1100206.0,2021,7,9,3,3,2,6,0,1,1,0,0,0,0,0,"798320,187","5827226,743",13.39706805,52.51333938,4552.0
212370,11,9,9200511.0,2021,7,1,7,3,9,1,2,0,1,0,0,0,0,1,"807152,8879","5822219,691",13.52220791,52.46356352,6438.0
212369,11,7,7300516.0,2021,6,12,2,3,2,7,0,1,0,0,0,0,1,0,"793966,557","5821803,939",13.32831462,52.46709044,3539.0
212368,11,4,4501040.0,2021,6,19,6,3,0,6,0,1,0,0,0,0,0,0,"792712,6776","5825681,392",13.31331464,52.50252407,3349.0
212367,11,3,3200204.0,2021,6,11,3,3,2,6,0,0,1,0,1,0,0,0,"798473,8302","5837329,093",13.40841052,52.60380811,4779.0
212366,11,5,5400943.0,2021,6,19,3,3,5,3,0,1,1,0,0,0,0,0,"780002,4018","5821527,362",13.1230692,52.4719467,440.0
212365,11,5,5200420.0,2021,6,0,7,2,0,1,2,0,0,0,0,0,1,0,"782845,5755","5828574,969",13.17080238,52.53367348,1158.0
212364,11,8,8100103.0,2021,6,13,6,2,5,3,0,0,1,0,1,0,0,0,"800690,1141","5822916,687",13.42799659,52.47340569,5040.0
212363,11,1,1100309.0,2021,7,22,6,3,2,6,2,0,1,0,1,0,0,0,"798595,668","5829067,891",13.40276829,52.52969199,4657.0
212362,11,7,7200409.0,2021,6,16,6,3,3,6,0,0,1,0,0,0,1,0,"795480,3311","5824423,565",13.35285481,52.48975693,3945.0
212361,11,9,9100408.0,2021,6,13,2,3,5,3,0,0,1,0,0,0,0,0,"806721,7863","5820288,971",13.51410882,52.44650191,6333.0
212360,11,6,6300526.0,2021,5,9,4,3,5,2,0,1,1,0,0,0,0,0,"789572,6365","5817322,703",13.25993034,52.42926107,2528.0
212359,11,5,5100105.0,2021,6,14,4,3,2,6,0,0,1,0,0,0,0,1,"783901,0427","5831186,706",13.18855351,52.55654181,1465.0
212358,11,6,6300528.0,2021,7,18,3,3,5,3,0,1,1,0,0,0,0,0,"789377,9989","5817000,59",13.25679687,52.42647616,2427.0
212357,11,1,1100415.0,2021,7,10,4,3,2,6,0,0,1,0,0,0,1,1,"797672,17","5829236,95",13.38934626,52.53171246,4458.0
212356,11,4,4300622.0,2021,6,11,4,3,5,3,0,1,1,0,0,0,0,0,"793684,3036","5826066,528",13.3279276,52.50545454,3550.0
212355,11,3,3100101.0,2021,5,14,7,3,9,1,0,0,1,0,0,0,0,0,"803425,7865","5843454,481",13.48693177,52.65596567,5894.0
212354,11,8,8100209.0,2021,6,16,5,3,5,2,0,1,1,0,0,0,0,0,"801754,7935","5822047,803",13.44283824,52.4650306,5238.0
212353,11,11,11501238.0,2021,6,17,4,3,5,3,0,1,1,0,0,0,0,0,"804077,5736","5825982,505",13.48051288,52.49900866,5848.0
212352,11,4,4300619.0,2021,6,16,3,2,5,2,0,1,0,0,0,0,1,0,"792646,5259","5827106,32",13.31359565,52.5153336,3353.0
212351,11,8,8100415.0,2021,6,21,7,3,5,3,1,1,1,0,0,0,0,0,"801831,0936","5823631,422",13.44539081,52.47918271,5242.0
212350,11,4,4400832.0,2021,6,10,3,3,5,2,0,1,1,0,0,0,0,0,"791296,6325","5822046,667",13.28933521,52.47069661,2940.0
212349,11,12,12200309.0,2021,6,15,4,3,5,7,0,0,1,0,0,0,0,0,"792565,4813","5832826,723",13.31744224,52.56665834,3368.0
212348,11,4,4501045.0,2021,6,17,2,2,5,2,0,1,1,0,0,0,0,0,"793926,2663","5824959,58",13.33050527,52.49540102,3547.0
212347,11,5,5300737.0,2021,6,20,2,3,5,7,0,0,1,0,1,0,0,0,"787413,171","5830102,212",13.2392779,52.54497654,2261.0
212346,11,8,8401243.0,2021,7,23,1,3,9,1,2,0,1,0,0,0,0,0,"805564,561","5818548,468",13.4955435,52.43155043,6028.0
212345,11,1,1200625.0,2021,6,21,7,3,5,2,2,0,1,0,1,0,0,0,"794704,0414","5828852,221",13.34537593,52.52987652,3757.0
212344,11,6,6300524.0,2021,7,9,5,3,5,3,0,0,1,0,0,1,0,1,"789237,9976","5817139,682",13.25486388,52.42779722,2427.0
212343,11,3,3601243.0,2021,7,23,4,3,2,6,2,1,1,0,0,0,0,0,"799706,3281","5831440,175",13.42123187,52.55034615,4963.0
212342,11,5,5200526.0,2021,6,13,5,3,6,4,0,0,0,1,0,1,0,0,"781903,9054","5827177,299",13.15577132,52.52162918,955.0
212341,11,1,1300834.0,2021,5,14,1,3,6,7,0,0,0,1,0,0,1,0,"798036,9104","5830081,636",13.39546486,52.53908465,4560.0
212340,11,9,9100305.0,2021,6,10,6,3,1,5,0,1,1,0,0,0,0,0,"804956,7061","5822610,36",13.49033878,52.46829501,5939.0
212339,11,3,3601142.0,2021,6,14,4,3,0,1,0,1,0,0,0,0,0,0,"798788,61","5830924,716",13.40727365,52.54622999,4762.0
212338,11,2,2100106.0,2021,6,10,3,3,5,3,0,1,1,0,0,0,0,0,"798596,7674","5825585,35",13.39965947,52.49847516,4548.0
212337,11,1,1100205.0,2021,6,7,2,3,5,2,0,1,1,0,0,0,0,0,"796964,1171","5826974,227",13.37691854,52.51181584,4252.0
212336,11,2,2200210.0,2021,5,13,5,3,3,6,0,1,1,0,0,0,0,1,"798193,5676","5825453,277",13.39361929,52.49751175,4548.0
212335,11,4,4501045.0,2021,6,18,4,3,5,2,0,1,0,0,0,0,1,0,"793490,6361","5825214,135",13.32433116,52.49791742,3448.0
212334,11,2,2500830.0,2021,5,12,2,3,1,5,0,1,1,0,0,0,0,0,"802280,815","5827494,671",13.45549826,52.51356038,5452.0
212333,11,2,2300314.0,2021,6,21,2,3,5,3,1,1,1,0,0,0,0,0,"800287,116","5826088,922",13.42493942,52.50206141,4949.0
212332,11,5,5100316.0,2021,7,12,2,3,5,3,0,0,1,0,0,0,0,1,"784962,2004","5829251,328",13.20250293,52.53863513,1660.0
212331,11,6,6300632.0,2021,7,8,6,3,2,6,0,0,1,0,0,0,0,0,"792268,0533","5816691,557",13.29891075,52.42216955,3125.0
212330,11,4,4200311.0,2021,7,11,6,3,3,6,0,0,1,0,0,0,1,1,"790035,5888","5826136,548",13.27438231,52.50803422,2751.0
212329,11,5,5200631.0,2021,6,12,6,3,2,6,0,0,1,0,0,0,0,0,"784768,6925","5827090,913",13.19780692,52.51936601,1554.0
212328,11,10,10100315.0,2021,6,6,5,3,3,2,0,0,1,0,0,0,0,0,"809915,0579","5831589,587",13.57145678,52.5459734,7162.0
212327,11,1,1100207.0,2021,6,14,2,3,5,3,0,1,1,0,0,0,0,0,"798313,3897","5827342,992",13.39707239,52.51438512,4552.0
212326,11,2,2400624.0,2021,5,18,2,3,0,7,0,1,0,0,0,0,0,0,"801916,1881","5827102,679",13.44978583,52.51024888,5351.0
212325,11,5,5100316.0,2021,6,12,6,3,0,2,0,0,1,0,0,0,1,0,"784846,4177","5829227,947",13.20078036,52.53848602,1659.0
212324,11,12,12400721.0,2021,6,9,5,3,5,3,0,0,1,0,0,0,0,1,"790591,8842","5839722,659",13.29445879,52.62953622,3086.0
212323,11,7,7200412.0,2021,7,8,6,2,5,2,0,1,0,0,0,0,1,1,"796260,1125","5822939,836",13.36298742,52.47603396,4041.0
212322,11,5,5100211.0,2021,6,9,4,2,6,4,0,0,1,1,0,0,1,0,"783434,3484","5829183,758",13.17997851,52.53882613,1360.0
212321,11,4,4501042.0,2021,6,2,1,2,0,1,2,0,1,0,0,0,0,0,"794310,5902","5825933,744",13.3370109,52.50392673,3649.0
212320,11,8,8300934.0,2021,5,7,6,3,0,1,0,0,0,0,1,0,0,1,"802539,3994","5818924,643",13.45152352,52.43660352,5330.0
212319,11,7,7400825.0,2021,6,7,5,3,2,2,0,0,1,0,0,0,1,0,"797817,6479","5820911,679",13.38404219,52.4570067,4336.0
212318,11,9,9501737.0,2021,7,15,2,3,0,1,0,1,0,0,0,0,0,0,"814203,9348","5821492,842",13.62497315,52.45304182,7935.0
212317,11,12,12200413.0,2021,5,22,2,2,0,7,2,0,0,0,0,0,1,0,"789642,5637","5833971,42",13.27543926,52.57848364,2771.0
212316,11,3,3400721.0,2021,6,8,3,3,1,5,0,1,0,0,0,1,0,0,"798374,8778","5832752,919",13.40283368,52.56284395,4667.0
212315,11,1,1100308.0,2021,7,13,2,3,5,2,0,1,1,0,0,0,0,0,"797041,2176","5829321,45",13.38014759,52.5328141,4358.0
212314,11,4,4501147.0,2021,7,16,3,2,0,4,0,0,0,1,1,0,0,0,"792864,0018","5824318,429",13.31433931,52.49022433,3345.0
212313,11,12,12200411.0,2021,5,18,6,3,3,2,0,1,1,0,0,0,0,0,"793197,2529","5832314,297",13.32628371,52.56172483,3566.0
212312,11,8,8100419.0,2021,6,15,4,3,2,6,0,0,1,0,1,0,0,0,"802627,3007","5824372,997",13.45775205,52.48538883,5444.0
212311,11,11,11400931.0,2021,7,22,7,3,2,3,2,0,1,0,0,0,0,1,"806598,0298","5827332,626",13.51876948,52.50969862,6351.0
212310,11,1,1100207.0,2021,6,21,2,3,0,4,1,0,0,1,1,0,0,0,"797876,2576","5826733,908",13.39010457,52.50916434,4451.0
212309,11,7,7400822.0,2021,6,7,6,3,5,3,0,1,1,0,0,0,0,0,"796508,1003","5822474,7",13.3662145,52.47172985,4140.0
212308,11,7,7100102.0,2021,6,15,3,3,3,5,0,1,1,0,0,0,0,0,"794977,5562","5825248,565",13.34620182,52.49742441,3847.0
212307,11,9,9200715.0,2021,6,16,3,3,2,6,0,0,1,0,0,0,0,0,"808421,9694","5819101,113",13.53794971,52.43489989,6629.0
212306,11,1,1300834.0,2021,6,16,2,2,2,6,0,0,1,0,0,0,0,0,"797524,716","5830992,355",13.38875078,52.54752799,4462.0
212305,11,3,3500934.0,2021,6,11,7,2,5,3,0,1,1,0,0,0,0,0,"801107,9263","5831517,277",13.44191061,52.55026429,5263.0
212304,11,3,3701554.0,2021,7,12,6,3,5,3,0,0,1,0,0,0,0,0,"799230,1211","5829270,098",13.41227513,52.53115658,4757.0
212303,11,3,3200207.0,2021,6,16,7,3,5,3,0,1,1,0,0,0,0,0,"798603,0009","5835174,639",13.40836979,52.58442591,4773.0
212302,11,7,7400721.0,2021,6,11,2,3,2,6,0,1,1,0,0,0,0,0,"797487,4648","5822868,231",13.38094135,52.47472498,4341.0
212301,11,2,2500727.0,2021,5,18,2,3,5,3,0,1,1,0,0,0,0,0,"802448,4569","5828284,765",13.45867934,52.52054901,5454.0
212300,11,6,6400838.0,2021,6,19,6,3,0,7,0,1,0,0,0,0,0,0,"786428,3207","5818353,313",13.21469364,52.44015683,1831.0
212299,11,12,12100205.0,2021,6,7,6,2,5,3,0,0,0,0,1,0,1,0,"795483,4612","5834273,412",13.36165749,52.57805057,4071.0
212298,11,3,3200204.0,2021,7,16,6,3,5,2,0,1,1,0,0,0,0,0,"796559,7595","5840104,359",13.38271856,52.62973226,4386.0
212297,11,2,2400521.0,2021,6,6,4,3,5,5,0,1,1,0,0,0,0,0,"801190,518","5828476,236",13.44036889,52.52296144,5255.0
212296,11,1,1100310.0,2021,6,1,6,3,2,6,2,0,1,0,0,0,0,0,"799525,1211","5828817,777",13.4162035,52.52694021,4856.0
212295,11,12,12200412.0,2021,6,12,2,3,5,2,0,0,1,0,0,0,0,0,"791167,6855","5834028,571",13.29793323,52.57818207,3071.0
212294,11,12,12601134.0,2021,5,13,6,3,0,2,0,0,1,0,1,0,0,1,"795309,0453","5837238,658",13.36173457,52.60472573,4079.0
212293,11,10,10100206.0,2021,6,15,4,3,5,3,0,0,1,0,0,0,0,0,"808837,5746","5832766,809",13.55671283,52.55713512,6965.0
212292,11,4,4501042.0,2021,7,22,1,3,6,7,0,0,0,1,0,0,1,0,"794415,6534","5825874,292",13.33850174,52.5033371,3649.0
212291,11,3,3601243.0,2021,5,17,3,3,2,6,0,0,1,0,0,0,1,1,"799571,5269","5831734,177",13.419515,52.55305555,4864.0
212290,11,9,9100101.0,2021,6,22,3,3,4,1,2,1,1,0,0,0,0,0,"802316,3716","5825319,932",13.4540461,52.49404849,5447.0
212289,11,11,11300722.0,2021,7,15,2,3,1,7,0,0,1,0,0,0,0,0,"804079,2107","5828208,197",13.4825701,52.51895588,5854.0
212288,11,8,8100209.0,2021,7,11,3,2,6,4,0,0,1,1,0,0,0,0,"801111,3423","5822001,024",13.43335311,52.46496628,5038.0
212287,11,4,4300623.0,2021,7,14,6,3,0,1,0,1,1,0,0,0,0,1,"792293,0553","5826110,669",13.3075271,52.50659738,3250.0
212286,11,9,9100101.0,2021,6,9,3,3,5,2,0,1,1,0,0,0,0,0,"802113,3509","5824768,475",13.4505648,52.48921815,5345.0
212285,11,11,11501340.0,2021,6,5,6,3,2,6,0,0,1,0,0,0,0,0,"807271,3888","5824551,955",13.52609513,52.48439908,6444.0
212284,11,2,2400624.0,2021,6,9,3,3,6,4,0,0,1,1,0,0,0,0,"801761,7585","5827427,929",13.44781213,52.51324957,5352.0
212283,11,6,6400844.0,2021,6,4,3,3,1,7,2,0,1,0,0,0,1,0,"790406,1302","5820927,123",13.27528799,52.46113381,2737.0
212282,11,3,3200204.0,2021,6,16,2,3,1,5,0,0,1,0,1,0,0,0,"797407,7166","5838811,461",13.39404707,52.61767968,4583.0
212281,11,12,12100204.0,2021,6,18,7,3,6,4,0,0,1,1,0,0,0,0,"795608,536","5833075,371",13.36242995,52.56724339,4068.0
212280,11,4,4400729.0,2021,7,11,6,3,2,6,0,0,1,0,0,0,0,0,"790555,123","5822291,228",13.27866264,52.47328404,2740.0
212279,11,4,4400726.0,2021,6,11,7,3,5,3,0,1,1,0,0,0,0,0,"791212,4926","5823798,185",13.2896297,52.48644387,2944.0
212278,11,4,4200308.0,2021,6,6,2,3,5,2,0,1,1,0,0,0,0,0,"790376,8995","5827323,641",13.28043299,52.51849503,2854.0
212277,11,4,4200308.0,2021,5,18,4,3,5,3,0,0,1,0,1,0,0,0,"789576,0314","5827170,964",13.26853018,52.51755211,2653.0
212276,11,1,1401049.0,2021,6,16,4,3,3,6,0,0,1,0,1,0,0,1,"796361,664","5831941,086",13.37249599,52.5566663,4165.0
212275,11,11,11100309.0,2021,7,16,3,3,5,2,0,1,1,0,0,0,0,0,"805281,9657","5833240,752",13.50486522,52.5633875,6167.0
212274,11,12,12200413.0,2021,7,9,4,3,5,3,0,1,1,0,0,0,0,1,"789393,4282","5833721,935",13.27155508,52.57637954,2671.0
212273,11,8,8100102.0,2021,6,8,4,3,5,2,0,1,1,0,0,0,0,0,"800180,1503","5823632,335",13.42115526,52.48010084,4942.0
212272,11,7,7100102.0,2021,5,14,1,3,5,3,0,1,1,0,0,0,0,0,"795483,3069","5825553,177",13.35390045,52.49988143,3948.0
212271,11,1,1401045.0,2021,6,12,5,3,3,6,0,0,1,0,0,1,0,0,"796619,0313","5831752,024",13.37611219,52.55483146,4264.0
212270,11,3,3601245.0,2021,6,6,4,3,5,7,0,0,1,0,0,0,0,0,"800310,0311","5830867,263",13.42959067,52.54487853,5061.0
212269,11,1,1200627.0,2021,6,17,3,3,0,5,0,1,0,0,0,0,1,0,"796055,8183","5828509,629",13.36493994,52.52607303,4056.0
212268,11,9,9300921.0,2021,6,21,7,3,5,2,1,0,1,0,0,0,0,0,"809992,8644","5816041,389",13.55814914,52.4065912,6921.0
212267,11,8,8100206.0,2021,6,16,3,3,3,2,0,1,1,0,0,0,0,0,"800721,1222","5823800,503",13.42924872,52.48131058,5043.0
212266,11,9,9501838.0,2021,6,12,4,3,0,1,0,1,0,0,0,0,0,0,"818431,9593","5820300,144",13.68584698,52.43990873,8831.0
212265,11,12,12400618.0,2021,6,18,2,3,5,2,0,1,1,0,0,0,0,0,"786734,2147","5838513,872",13.23657117,52.62074922,2184.0
212264,11,6,6400842.0,2021,7,12,7,3,5,2,0,1,1,0,0,0,0,0,"789836,963","5820292,259",13.26638292,52.45574423,2635.0
212263,11,4,4300517.0,2021,6,16,1,3,5,3,0,0,1,0,1,0,0,0,"791397,3684","5828595,015",13.29654382,52.52934842,3057.0
212262,11,3,3200204.0,2021,7,5,5,3,6,4,0,0,1,1,0,0,0,1,"799040,3109","5839071,536",13.41832518,52.61911485,4883.0
212261,11,4,4501045.0,2021,7,16,5,3,1,5,0,1,1,0,0,0,0,1,"793503,084","5825302,669",13.32459202,52.49870439,3448.0
212260,11,6,6400844.0,2021,6,7,5,3,5,2,0,1,1,0,0,0,0,0,"791443,5246","5820645,517",13.29026798,52.45805691,2936.0
212259,11,6,6100207.0,2021,5,5,2,2,1,5,0,0,1,0,1,0,0,0,"793665,971","5819948,011",13.32226993,52.45061434,3434.0
212258,11,11,11501341.0,2021,6,17,5,2,4,1,0,1,0,0,0,0,0,0,"806280,4537","5824474,039",13.51147634,52.4842575,6244.0
212257,11,8,8200832.0,2021,6,18,6,2,6,2,0,0,1,1,0,0,0,0,"801708,754","5817221,211",13.43780462,52.42179396,5125.0
212256,11,9,9200715.0,2021,6,8,3,3,2,6,0,0,1,0,0,0,0,0,"808205,5554","5818755,755",13.534458,52.43192673,6628.0
212255,11,9,9100202.0,2021,6,8,2,2,4,6,0,0,1,0,0,0,0,0,"802843,0808","5824248,473",13.46080694,52.48415309,5544.0
212254,11,4,4500937.0,2021,6,13,1,3,1,5,0,1,1,0,0,0,0,0,"790958,8769","5825016,348",13.28696903,52.49749997,2948.0
212253,11,12,12500825.0,2021,5,13,5,2,0,1,0,0,0,0,1,0,0,0,"791529,6373","5834371,707",13.30356142,52.58106439,3172.0
212252,11,2,2200213.0,2021,6,16,4,3,5,2,0,0,1,0,1,0,0,0,"799774,9582","5824824,895",13.41627926,52.49101294,4846.0
212251,11,1,1100310.0,2021,5,1,2,3,5,2,2,0,1,0,0,0,0,0,"799479,819","5828830,293",13.41554899,52.52707728,4856.0
212250,11,2,2300314.0,2021,6,11,2,3,0,2,0,1,0,0,0,0,1,0,"800117,1204","5825741,586",13.42212951,52.49904162,4948.0
212249,11,10,10200420.0,2021,7,15,2,3,0,4,0,0,0,1,0,0,1,0,"811166,222","5830726,584",13.58903982,52.53752669,7459.0