ObjectID,State,District,LOR_ab_2021,AccidentYear,AccidentMonth,AccidentHour,DayOfWeek,AccidentCategory,AccidentType,AccidentTypeDetail,LightingCondition,InvolvingBike,InvolvingCar,InvolvingPedestrian,InvolvingMotorcycle,InvolvingHGV,InvolvingOther,RoadCondition,GraphicCoord1,GraphicCoord2,LongitudeWGS84,LatitudeWGS84,quadrant
210768,11,2,2400623.0,2021,5,19,5,3,1,5,0,1,1,0,0,0,0,0,"801241,2658","5827768,991",13.44047416,52.51659426,5253.0
210767,11,3,3500933.0,2021,5,20,4,3,6,4,1,0,1,1,0,0,0,0,"802650,4373","5832424,402",13.4654176,52.55753986,5565.0
210766,11,8,8401139.0,2021,4,15,4,3,5,3,0,1,1,0,0,0,0,0,"803577,5312","5818638,677",13.46648847,52.43346523,5529.0
210765,11,12,12601031.0,2021,4,12,6,3,3,2,0,0,1,0,0,0,1,0,"793475,1896","5836992,618",13.33451481,52.60351323,3679.0
210764,11,3,3400619.0,2021,4,8,3,2,5,2,0,0,1,0,1,0,0,0,"795633,7013","5835623,174",13.36507233,52.59006819,4075.0
210763,11,1,1100206.0,2021,3,12,4,3,5,3,0,1,1,0,0,0,0,0,"797883,8696","5827479,959",13.39088419,52.51584761,4453.0
210762,11,3,3200310.0,2021,4,15,6,3,2,6,0,0,1,0,0,0,0,0,"799269,2216","5837678,515",13.42043629,52.60650283,4979.0
210761,11,4,4200308.0,2021,5,11,7,3,0,2,0,0,1,0,0,0,1,0,"789948,368","5827379,847",13.27418413,52.51922695,2754.0
210760,11,3,3601346.0,2021,5,9,6,3,1,5,0,1,1,0,0,0,0,0,"799419,6476","5830809,642",13.41644799,52.54485209,4861.0
210759,11,1,1300733.0,2021,4,19,2,3,5,7,0,0,1,0,1,0,0,1,"797288,5386","5831275,629",13.38553165,52.55019612,4363.0
210758,11,5,5300839.0,2021,4,17,5,3,0,7,0,1,0,0,0,0,0,0,"788897,9076","5830083,753",13.26109571,52.54402576,2561.0
210757,11,6,6400843.0,2021,4,19,3,3,0,2,1,1,1,0,0,0,0,1,"791677,0874","5820658,463",13.29370703,52.45804837,3036.0
210756,11,4,4300416.0,2021,4,18,3,2,5,3,0,1,0,0,1,0,0,1,"791997,7192","5825978,282",13.30307195,52.50556871,3150.0
210755,11,4,4501042.0,2021,5,17,5,3,0,1,0,1,0,0,0,0,0,1,"793903,6187","5826058,263",13.33114225,52.50526235,3550.0
210754,11,8,8100105.0,2021,4,6,4,3,5,2,0,1,0,0,0,0,1,0,"801173,8018","5821800,491",13.43408877,52.46313441,5137.0
210753,11,1,1400942.0,2021,3,8,2,3,6,4,0,1,0,1,0,0,0,0,"794609,3496","5830796,727",13.34570815,52.54735878,3762.0
210752,11,2,2500726.0,2021,4,15,6,3,5,2,0,1,1,0,0,0,0,0,"801962,1072","5828236,961",13.45148974,52.52039007,5354.0
210751,11,4,4300623.0,2021,3,9,6,2,5,2,0,1,1,0,0,0,0,1,"792736,2973","5826094,556",13.31402489,52.50621528,3350.0
210750,11,12,12500930.0,2021,5,14,3,3,2,6,0,0,1,0,0,0,0,1,"792909,6433","5835184,728",13.32458876,52.58761154,3474.0
210749,11,5,5200629.0,2021,5,9,2,3,5,2,0,0,1,0,0,0,0,0,"784300,0923","5828706,849",13.19230106,52.53409914,1558.0
210748,11,12,12100103.0,2021,4,17,5,3,6,7,0,0,1,1,0,0,0,1,"795647,1912","5833554,514",13.3634257,52.57151745,4069.0
210747,11,4,4501044.0,2021,4,16,3,3,0,6,0,0,1,0,1,0,0,0,"793183,0973","5824554,802",13.31923356,52.49217204,3446.0
210746,11,7,7400826.0,2021,3,15,3,2,4,6,0,0,1,0,0,0,0,0,"796761,2048","5819990,106",13.36772098,52.44932025,4133.0
210745,11,6,6300524.0,2021,4,14,6,3,6,4,0,0,1,1,0,0,0,0,"788513,2224","5816864,052",13.24399604,52.42570872,2227.0
210744,11,9,9100306.0,2021,4,8,3,3,2,6,0,0,1,0,0,0,1,0,"804218,5224","5821056,354",13.4780892,52.45477834,5735.0
210743,11,10,10200417.0,2021,5,13,7,3,5,2,0,1,1,0,0,0,0,0,"811298,162","5831620,77",13.59181667,52.54546437,7462.0
210742,11,1,1100207.0,2021,5,12,7,3,1,5,0,1,1,0,0,0,0,1,"798309,0806","5826736,331",13.39646531,52.50894955,4551.0
210741,11,11,11200514.0,2021,3,16,3,3,2,7,0,0,1,0,0,0,0,0,"805436,6294","5830302,949",13.50443764,52.53697127,6159.0
210740,11,9,9501939.0,2021,4,14,2,3,5,3,0,1,1,0,0,0,0,0,"810822,8129","5821366,1",13.57525949,52.45383895,7235.0
210739,11,6,6100101.0,2021,5,15,2,3,5,3,0,1,0,0,0,0,1,0,"793517,6294","5820653,656",13.32071357,52.4570199,3436.0
210738,11,3,3400620.0,2021,5,18,5,3,5,2,0,1,0,0,0,0,0,0,"797949,959","5833669,902",13.39740726,52.57129612,4569.0
210737,11,11,11200513.0,2021,5,18,4,3,2,6,0,0,1,0,0,0,0,0,"804350,5283","5830824,248",13.48895133,52.54225105,5961.0
210736,11,6,6300632.0,2021,4,10,6,3,5,3,0,0,1,0,0,0,0,0,"792504,638","5817473,217",13.30306353,52.42905069,3127.0
210735,11,5,5100105.0,2021,3,11,4,2,2,6,0,0,1,0,0,0,0,0,"784379,9378","5831073,071",13.19550099,52.55527308,1564.0
210734,11,7,7601341.0,2021,5,18,3,3,0,2,0,1,1,0,0,0,0,0,"797599,5324","5815556,719",13.3760752,52.40912347,4222.0
210733,11,6,6100207.0,2021,4,8,4,3,2,6,0,0,1,0,0,0,1,0,"793402,6135","5820065,231",13.31850868,52.45180659,3334.0
210732,11,1,1100309.0,2021,3,14,4,3,8,7,0,0,0,0,0,0,1,0,"798659,6103","5828550,589",13.40324343,52.52502007,4656.0
210731,11,7,7200307.0,2021,5,20,2,3,5,3,2,0,1,0,0,0,0,1,"794839,2389","5824674,058",13.34366175,52.49234907,3746.0
210730,11,8,8100521.0,2021,4,11,2,3,5,3,0,0,1,0,0,0,0,0,"803761,1029","5821792,987",13.4720485,52.46163508,5637.0
210729,11,5,5400943.0,2021,5,17,2,3,2,7,2,0,1,0,1,0,0,1,"780259,9578","5821084,826",13.12647929,52.46784643,539.0
210728,11,8,8200833.0,2021,5,12,3,2,5,3,0,1,1,0,0,0,0,0,"802291,299","5816652,757",13.44583172,52.41637729,5224.0
210727,11,2,2100106.0,2021,5,16,7,3,3,6,0,1,1,0,0,0,0,0,"799196,2182","5825623,839",13.40849825,52.49849185,4748.0
210726,11,9,9200716.0,2021,5,14,6,3,5,3,0,1,1,0,0,0,0,0,"808916,4005","5819068,123",13.54516918,52.43432524,6729.0
210725,11,8,8200831.0,2021,4,9,2,3,2,6,0,0,1,0,0,0,1,1,"799899,7779","5816559,146",13.41068905,52.41685378,4724.0
210724,11,4,4400830.0,2021,4,10,6,3,5,3,0,1,1,0,0,0,0,0,"791309,672","5822998,915",13.29035837,52.47922657,2942.0
210723,11,2,2200210.0,2021,4,15,3,3,5,2,0,1,1,0,0,0,0,0,"798288,8761","5825321,198",13.39490081,52.49627574,4547.0
210722,11,1,1200517.0,2021,5,6,4,3,5,2,0,1,1,0,0,0,0,1,"793500,7226","5829379,96",13.32815425,52.53525665,3559.0
210721,11,5,5300736.0,2021,4,15,3,3,2,6,0,0,1,0,0,0,0,0,"786087,0864","5829144,833",13.21895179,52.53709091,1959.0
210720,11,3,3601142.0,2021,3,10,3,3,1,5,0,1,0,0,0,0,1,0,"799033,3107","5831080,022",13.41101131,52.54748781,4762.0
210719,11,5,5300841.0,2021,4,15,5,3,2,6,0,0,1,0,0,0,0,0,"789245,9695","5829300,595",13.26553216,52.53681993,2659.0
210718,11,4,4500939.0,2021,3,16,6,3,2,7,0,0,1,0,0,0,0,0,"791954,3249","5824170,025",13.30084942,52.48938118,3145.0
210717,11,1,1100310.0,2021,5,14,4,3,5,2,0,1,0,0,0,1,0,0,"799508,8506","5828834,917",13.41597982,52.52710278,4856.0
210716,11,10,10100207.0,2021,5,15,4,3,6,4,0,0,1,1,0,0,0,0,"810260,5632","5832047,698",13.57696351,52.54988209,7263.0
210715,11,11,11100203.0,2021,4,18,5,3,5,3,1,1,0,0,0,0,0,0,"806852,5446","5834050,803",13.52871208,52.56976435,6569.0
210714,11,1,1300836.0,2021,5,17,1,3,2,6,0,0,1,0,0,0,0,0,"796733,7103","5830469,411",13.37665262,52.54327181,4261.0
210713,11,5,5200629.0,2021,4,12,3,3,2,6,0,0,1,0,0,0,0,0,"784651,8568","5828611,369",13.1973913,52.53305946,1558.0
210712,11,2,2200209.0,2021,5,7,6,3,6,2,0,0,1,1,0,0,0,0,"796835,9202","5823980,338",13.37236682,52.48504842,4144.0
210711,11,7,7300619.0,2021,4,18,2,3,1,5,1,1,1,0,0,0,0,0,"795371,9868","5822246,74",13.34933534,52.47030186,3840.0
210710,11,4,4501045.0,2021,3,10,2,3,2,6,0,0,1,0,0,0,0,0,"793984,0062","5825106,578",13.33148306,52.49668768,3547.0
210709,11,2,2300314.0,2021,4,18,3,3,0,1,0,1,0,0,0,0,0,1,"799886,4533","5825915,856",13.41889861,52.50073048,4848.0
210708,11,10,10100206.0,2021,4,10,3,3,5,3,0,0,1,0,0,0,0,0,"808836,3845","5832767,342",13.55669583,52.55714057,6965.0
210707,11,1,1200623.0,2021,5,18,6,3,5,7,0,0,1,0,0,0,0,1,"795036,0619","5829174,788",13.35054249,52.53258847,3858.0
210706,11,5,5100316.0,2021,4,10,5,3,2,6,0,0,1,0,0,0,0,0,"784819,6563","5829067,201",13.20024906,52.53705877,1659.0
210705,11,6,6200317.0,2021,3,17,3,3,1,5,0,0,1,0,0,0,0,0,"796242,7693","5817008,897",13.35747272,52.42287708,3926.0
210704,11,7,7501031.0,2021,4,11,7,3,5,2,0,0,0,0,1,0,1,0,"798539,9938","5819659,86",13.39352267,52.44539154,4532.0
210703,11,12,12400619.0,2021,3,14,7,3,2,6,0,1,1,0,0,0,0,1,"787044,3865","5836939,116",13.23977394,52.60646714,2279.0
210702,11,9,9501737.0,2021,5,10,2,3,4,6,0,1,0,0,0,0,0,0,"816733,2985","5821240,477",13.66183191,52.44932094,8433.0
210701,11,2,2400624.0,2021,5,18,5,3,6,7,0,0,0,1,0,0,1,0,"801420,0642","5827677,026",13.44301783,52.51567118,5253.0
210700,11,1,1100103.0,2021,5,10,4,2,5,3,0,0,1,0,1,0,0,0,"795328,1595","5826172,31",13.35217067,52.50551548,3850.0
210699,11,4,4200311.0,2021,4,15,7,3,2,6,0,0,1,0,0,0,0,0,"789747,3709","5825169,712",13.26930615,52.49951948,2648.0
210698,11,2,2300316.0,2021,5,15,1,3,5,3,0,1,1,0,0,0,0,1,"800747,3528","5826523,524",13.43209185,52.50570341,5050.0
210697,11,9,9501838.0,2021,4,16,3,2,4,6,0,0,1,0,1,0,0,0,"818397,6752","5821163,517",13.68616692,52.44766468,8833.0
210696,11,12,12601235.0,2021,3,15,3,3,2,2,0,0,1,0,0,1,0,0,"795290,0625","5836367,028",13.36067763,52.59692277,4077.0
210695,11,12,12601133.0,2021,4,11,7,3,5,3,0,0,1,0,0,0,0,0,"795399,1409","5836785,656",13.36265685,52.6006161,4078.0
210694,11,9,9401329.0,2021,5,11,7,3,5,3,0,1,1,0,0,0,0,0,"811681,9439","5818517,256",13.58520509,52.42781996,7327.0
210693,11,8,8300934.0,2021,4,12,2,3,1,5,0,0,1,0,0,0,0,0,"803363,8612","5818275,501",13.46302565,52.43032862,5528.0
210692,11,7,7100101.0,2021,5,21,2,3,1,7,2,1,1,0,0,0,0,0,"794827,1935","5825123,939",13.34388299,52.49638847,3747.0
210691,11,1,1401045.0,2021,5,18,6,3,2,6,0,0,1,0,0,0,0,1,"796998,4725","5831896,803",13.38182196,52.55592244,4365.0
210690,11,11,11300618.0,2021,5,16,5,3,2,6,0,0,1,0,0,0,0,0,"802917,1286","5828723,423",13.46596519,52.5242205,5555.0
210689,11,2,2500835.0,2021,4,6,2,3,5,3,0,1,0,0,0,0,1,1,"802560,095","5825955,021",13.45820194,52.49960573,5448.0
210688,11,10,10200629.0,2021,3,9,4,3,0,7,0,1,0,0,0,0,0,0,"810813,5377","5828156,218",13.58145419,52.5146939,7353.0
210687,11,1,1100207.0,2021,4,16,3,2,5,3,0,1,1,0,0,0,0,0,"797894,2297","5826569,598",13.39022156,52.50768169,4450.0
210686,11,1,1300835.0,2021,5,18,4,3,2,1,0,0,1,0,0,0,1,0,"797680,7924","5830672,293",13.39075884,52.54457378,4461.0
210685,11,1,1200517.0,2021,3,19,1,3,0,2,2,0,1,0,0,0,1,1,"792601,7101","5828770,457",13.31440119,52.53027608,3357.0
210684,11,1,1200627.0,2021,4,18,4,3,2,6,0,0,1,0,0,0,0,0,"795969,007","5828703,631",13.36383675,52.52785921,4056.0
210683,11,4,4500936.0,2021,3,14,5,3,0,3,0,0,1,0,1,0,0,0,"792303,0669","5825374,439",13.30702786,52.49999188,3248.0
210682,11,5,5100314.0,2021,5,17,3,3,3,6,0,0,1,0,0,0,1,0,"785174,216","5829628,195",13.20594398,52.54190316,1760.0
210681,11,2,2100103.0,2021,4,16,1,3,2,6,0,0,1,0,0,0,0,0,"798688,7846","5826443,916",13.40178106,52.50612069,4650.0
210680,11,1,1100313.0,2021,5,7,2,3,5,3,0,0,1,0,0,0,0,1,"799981,7286","5826940,108",13.42122085,52.50985891,4951.0
210679,11,9,9100304.0,2021,4,9,4,2,1,5,0,1,1,0,0,0,0,0,"804865,5379","5822180,672",13.48860829,52.46449475,5938.0
210678,11,6,6400842.0,2021,5,19,1,2,3,6,0,0,1,0,1,0,0,0,"789613,6836","5820478,853",13.263268,52.45753548,2536.0
210677,11,1,1300835.0,2021,5,18,6,3,5,3,0,1,1,0,0,0,0,0,"796984,508","5830180,333",13.38008157,52.54054392,4360.0
210676,11,1,1100207.0,2021,4,9,3,3,5,3,0,0,1,0,0,0,0,0,"798856,3431","5826771,77",13.40453678,52.50896769,4651.0
210675,11,1,1400938.0,2021,4,13,6,3,2,6,0,1,0,0,0,0,0,0,"794594,0914","5829881,353",13.34467199,52.53916138,3760.0
210674,11,9,9301126.0,2021,3,6,4,3,5,3,0,0,1,0,0,0,0,0,"810838,3205","5818461,054",13.57278515,52.42779621,7127.0
210673,11,11,11300620.0,2021,4,15,2,2,5,3,0,0,1,0,0,0,0,0,"804212,2582","5829085,582",13.48532739,52.52674534,5856.0
210672,11,2,2200209.0,2021,5,16,3,3,5,7,0,0,1,0,0,0,0,0,"797761,5257","5824597,537",13.386509,52.49007693,4445.0
210671,11,3,3300411.0,2021,5,19,6,3,0,1,0,0,1,0,0,0,0,1,"803873,1378","5839557,324",13.48994006,52.62078769,5984.0
210670,11,7,7300618.0,2021,5,23,3,3,1,5,2,0,1,0,0,0,1,0,"794330,2207","5821982,17",13.33380974,52.46849241,3639.0
210669,11,1,1200517.0,2021,5,10,5,3,5,7,0,0,1,0,0,0,0,0,"793515,9364","5828169,441",13.32730915,52.52439677,3555.0
210668,11,3,3601141.0,2021,4,5,6,2,5,2,1,1,1,0,0,0,0,0,"799246,3127","5831804,245",13.41479583,52.55386237,4864.0
210667,11,3,3200308.0,2021,3,10,4,2,6,2,0,0,1,1,0,0,0,0,"799160,2107","5837581,822",13.41874392,52.60569615,4879.0
210666,11,1,1100206.0,2021,5,11,3,3,5,3,0,1,1,0,0,0,0,0,"797738,3024","5827592,283",13.38884585,52.51693394,4453.0
210665,11,3,3701660.0,2021,3,18,2,3,1,5,1,1,1,0,0,0,0,0,"800439,5716","5829074,332",13.42987427,52.52873663,5057.0
210664,11,9,9401329.0,2021,4,3,4,3,7,7,2,0,0,0,1,0,0,0,"814011,5416","5818615,385",13.61944784,52.42736737,7827.0
210663,11,4,4100101.0,2021,3,16,5,2,8,1,0,0,0,0,1,0,0,0,"793380,7838","5829953,568",13.32689748,52.54046333,3560.0
210662,11,3,3601449.0,2021,5,21,2,3,1,5,2,0,1,0,0,0,0,0,"801692,91","5830121,6",13.44924441,52.53743116,5359.0
210661,11,4,4501045.0,2021,4,20,2,3,5,3,2,0,1,0,0,0,0,0,"793478,8413","5824756,3",13.32375454,52.49381946,3446.0
210660,11,6,6200314.0,2021,5,8,2,3,1,5,0,1,1,0,0,0,0,0,"794715,2898","5818097,505",13.33603416,52.43346077,3629.0
210659,11,12,12200412.0,2021,4,18,4,3,5,2,0,1,1,0,0,0,0,0,"788665,8742","5833198,299",13.26039256,52.57207145,2569.0
210658,11,2,2500726.0,2021,5,7,7,3,5,2,0,0,1,0,0,0,1,0,"801868,1959","5828990,971",13.45079423,52.52720027,5356.0
210657,11,1,1100206.0,2021,5,22,5,3,5,3,2,0,1,0,0,0,0,0,"797738,4514","5827591,403",13.38884726,52.51692598,4453.0
210656,11,4,4501153.0,2021,4,10,2,3,5,2,0,1,0,0,0,0,1,0,"794093,671","5824092,924",13.33219909,52.4875417,3545.0
210655,11,8,8200726.0,2021,4,20,5,3,4,6,2,0,1,0,0,0,0,0,"801338,7904","5820019,382",13.43490263,52.44707883,5133.0
210654,11,7,7100101.0,2021,4,15,3,3,5,2,0,0,1,0,0,1,0,0,"794607,622","5825510,042",13.34099951,52.49996821,3748.0
210653,11,1,1401049.0,2021,5,15,4,3,5,2,0,1,1,0,0,0,0,0,"795882,7878","5831928,604",13.36544188,52.5568148,4065.0
210652,11,1,1100205.0,2021,4,17,3,3,5,3,0,1,1,0,0,0,0,0,"797159,0215","5826452,686",13.37931648,52.50703466,4250.0
210651,11,9,9501941.0,2021,3,7,3,3,2,6,0,0,1,0,1,0,0,0,"810887,8495","5821268,891",13.57612301,52.45293082,7234.0
210650,11,7,7300619.0,2021,4,12,6,2,0,3,0,1,1,0,0,0,0,0,"795875,2336","5822993,678",13.35738494,52.47672525,3941.0
210649,11,12,12400722.0,2021,3,14,6,3,5,3,0,0,1,0,0,0,0,0,"790879,5397","5839182,398",13.29822142,52.62453897,3085.0
210648,11,9,9200511.0,2021,5,19,3,2,3,6,0,0,1,0,1,0,0,1,"807289,7978","5822424,288",13.52440518,52.46532019,6438.0
210647,11,5,5100101.0,2021,5,13,2,3,0,1,0,1,0,0,0,0,0,0,"785333,6841","5833396,333",13.21152879,52.57560414,1870.0
210646,11,7,7200307.0,2021,4,14,6,3,2,6,0,0,1,0,1,0,0,0,"794964,9204","5824054,56",13.3449592,52.48672778,3744.0
210645,11,10,10100209.0,2021,4,17,2,3,5,3,0,1,1,0,0,0,0,0,"810010,9645","5832300,158",13.57352989,52.5522866,7164.0
210644,11,5,5100317.0,2021,5,22,6,2,6,4,2,0,1,1,0,0,0,0,"785502,3541","5828592,297",13.20987935,52.53244361,1758.0
210643,11,4,4300619.0,2021,4,17,3,3,2,6,0,0,1,0,0,0,0,0,"791702,3155","5827524,136",13.30008704,52.51958508,3154.0
210642,11,3,3300411.0,2021,3,13,3,3,6,7,0,0,1,1,0,0,0,0,"804184,3156","5838973,412",13.49398552,52.61538035,6082.0
210641,11,5,5100210.0,2021,4,12,6,3,5,3,0,1,1,0,0,0,0,0,"783977,2623","5830082,41",13.18873021,52.54660086,1462.0
210640,11,12,12601235.0,2021,4,9,3,3,5,7,0,0,1,0,0,0,1,0,"794743,7568","5835811,825",13.35214132,52.59224225,3875.0
210639,11,2,2200209.0,2021,5,18,6,3,1,5,0,0,1,0,0,0,0,0,"796928,6953","5823985,285",13.37373347,52.48504233,4244.0
210638,11,9,9501737.0,2021,3,15,4,3,2,2,0,1,1,0,0,0,0,0,"814210,1481","5821997,471",13.6255391,52.45756021,7936.0
210637,11,3,3400829.0,2021,4,18,6,3,2,6,0,1,1,0,0,0,0,0,"799671,6944","5832818,828",13.42196727,52.56272253,4967.0
210636,11,6,6200313.0,2021,3,11,7,3,2,6,0,1,1,0,0,0,0,1,"795169,1472","5818216,855",13.34279615,52.43428596,3729.0
210635,11,3,3400828.0,2021,5,18,2,2,5,3,0,1,1,0,0,0,0,0,"799731,8901","5832503,607",13.42256792,52.55986398,4966.0
210634,11,4,4300623.0,2021,5,12,5,3,6,4,0,0,1,1,0,0,0,1,"792144,5823","5826481,474",13.30567121,52.5100011,3251.0
210633,11,7,7100205.0,2021,5,13,4,3,5,3,0,0,1,0,0,0,0,0,"796166,5526","5825313,327",13.363723,52.49736101,4047.0
210632,11,1,1100103.0,2021,4,22,6,3,5,2,2,0,1,0,0,0,1,0,"795418,8692","5825827,07",13.35319692,52.50237156,3949.0
210631,11,12,12100102.0,2021,5,12,1,3,5,3,0,0,1,0,0,0,0,0,"796297,6875","5833228,963",13.37270511,52.56824553,4168.0
210630,11,11,11200410.0,2021,4,17,4,3,5,3,0,1,1,0,0,0,0,0,"804935,8343","5831927,764",13.49856845,52.55181397,6063.0
210629,11,11,11401137.0,2021,3,14,4,3,0,2,0,1,1,0,0,0,0,0,"807105,9107","5825754,011",13.52477365,52.4952652,6447.0
210628,11,12,12200412.0,2021,4,15,1,2,5,3,0,1,1,0,0,0,0,0,"789846,1393","5833340,272",13.27788339,52.572717,2770.0
210627,11,1,1100102.0,2021,5,13,7,3,1,5,0,1,1,0,0,0,0,0,"796167,8003","5826733,968",13.36500498,52.51009509,4051.0
210626,11,8,8100208.0,2021,5,10,7,3,5,7,0,0,1,0,0,0,0,0,"801532,7246","5822707,815",13.44017575,52.47106904,5240.0
210625,11,11,11100204.0,2021,4,7,2,3,6,2,0,0,1,1,0,0,0,0,"806911,1095","5832628,248",13.52825769,52.55698239,6565.0
210624,11,4,4300624.0,2021,5,21,2,3,1,5,2,0,1,0,0,0,0,0,"792784,8947","5826601,347",13.31518463,52.51073243,3351.0
210623,11,5,5100317.0,2021,5,8,6,3,5,3,0,0,1,0,0,0,0,0,"787090,7813","5828345,623",13.23301921,52.52939769,2157.0
210622,11,1,1100206.0,2021,5,8,4,3,5,2,0,1,1,0,0,0,0,0,"797205,2731","5827496,998",13.38092854,52.51637056,4353.0
210621,11,1,1100415.0,2021,4,18,7,3,5,3,0,1,1,0,0,0,0,0,"797694,4832","5829016,599",13.3894769,52.5297251,4457.0
210620,11,1,1100312.0,2021,4,9,5,3,1,5,0,1,1,0,0,0,0,0,"799667,707","5827114,459",13.41676463,52.51159429,4852.0
210619,11,2,2400624.0,2021,5,19,4,3,2,6,1,1,1,0,0,0,0,1,"801917,8482","5827099,652",13.44980747,52.51022083,5351.0
210618,11,7,7400826.0,2021,4,14,3,3,2,6,0,0,1,0,0,0,0,0,"796534,0894","5819872,936",13.36428482,52.44839315,4033.0
210617,11,9,9100305.0,2021,3,14,2,3,6,4,0,0,1,1,0,0,0,0,"804978,3575","5822612,401",13.49065839,52.46830121,5939.0
210616,11,8,8301036.0,2021,4,13,5,2,2,6,0,0,1,0,0,0,1,0,"803706,4172","5817990,796",13.46779009,52.42758677,5627.0
210615,11,2,2400623.0,2021,3,9,5,2,6,4,0,0,0,1,1,0,0,0,"800578,3564","5827052,834",13.43008739,52.51054089,5051.0
210614,11,2,2100106.0,2021,5,9,3,3,0,4,0,1,0,1,0,0,0,1,"799991,4029","5825443,1",13.42001426,52.49643529,4947.0
210613,11,1,1400940.0,2021,4,3,1,2,1,5,2,0,1,0,0,0,0,0,"795122,4718","5832317,478",13.35460527,52.56071328,3966.0
210612,11,9,9200717.0,2021,5,11,2,3,6,7,0,0,1,1,0,0,0,0,"809501,696","5819089,949",13.55377149,52.43419,6829.0
210611,11,3,3300411.0,2021,4,7,4,3,5,3,0,1,1,0,0,0,0,0,"804039,1861","5838951,363",13.4918283,52.61526396,5982.0
210610,11,1,1300732.0,2021,5,11,1,3,0,6,0,0,1,0,1,0,0,0,"797268,3287","5832174,751",13.38603959,52.55826667,4365.0
210609,11,3,3501038.0,2021,4,10,1,3,4,6,0,1,1,0,0,0,0,0,"803476,1819","5832683,07",13.47779706,52.55939869,5766.0
210608,11,4,4300620.0,2021,5,11,6,3,1,1,0,1,1,0,0,0,0,0,"794088,3629","5827146,693",13.33481801,52.51491997,3653.0
210607,11,2,2500834.0,2021,4,11,2,3,5,2,0,1,1,0,0,0,0,0,"802157,4383","5826942,178",13.45318413,52.50867673,5351.0
210606,11,3,3601244.0,2021,4,18,6,3,6,7,0,1,0,1,0,0,0,1,"800187,3399","5831655,755",13.42849958,52.5520136,5063.0
210605,11,7,7300619.0,2021,4,12,4,2,5,7,0,0,1,0,0,0,0,0,"796052,811","5822853,723",13.35986767,52.47537443,4041.0
210604,11,8,8100102.0,2021,5,0,5,3,5,3,2,0,1,0,0,0,0,1,"800380,7412","5823330,469",13.42382815,52.4772848,4942.0
210603,11,6,6300525.0,2021,4,14,4,3,2,2,0,1,0,0,0,0,1,0,"790094,426","5815241,695",13.26577912,52.41032762,2622.0
210602,11,1,1200520.0,2021,3,15,3,3,2,2,0,1,1,0,0,0,0,0,"794567,6066","5828658,639",13.34319898,52.52821492,3756.0
210601,11,7,7601544.0,2021,4,19,7,3,4,6,0,0,1,0,0,0,0,0,"798978,1575","5814307,475",13.39516757,52.39717431,4518.0
210600,11,5,5100316.0,2021,3,7,7,3,5,7,0,0,1,0,0,0,1,0,"784310,417","5828924,089",13.19263871,52.53604154,1559.0
210599,11,7,7400823.0,2021,5,21,3,3,5,2,1,0,1,0,0,0,0,1,"796917,1111","5822287,268",13.37205152,52.46982755,4139.0
210598,11,4,4501043.0,2021,5,18,2,3,0,3,0,1,1,0,0,0,0,0,"792646,445","5825180,872",13.31190183,52.49807258,3248.0
210597,11,2,2500836.0,2021,4,17,6,3,2,6,0,0,1,0,0,0,0,0,"803197,3467","5825808,267",13.46742723,52.49793672,5648.0
210596,11,1,1200623.0,2021,5,17,6,3,3,6,0,1,1,0,0,0,0,1,"795355,2858","5829461,35",13.35548958,52.53498437,3958.0
210595,11,8,8100314.0,2021,4,10,4,3,1,5,0,0,1,0,0,0,0,0,"801216,177","5823802,376",13.43651823,52.48105452,5143.0
210594,11,1,1100416.0,2021,3,15,2,3,1,5,0,1,0,0,0,0,1,0,"798816,6552","5829368,547",13.40628651,52.53226584,4658.0
210593,11,8,8301036.0,2021,4,23,5,3,1,5,2,0,1,0,0,0,0,0,"803633,8726","5817894,444",13.46663895,52.42676343,5527.0
210592,11,1,1100207.0,2021,4,11,3,3,5,2,0,1,1,0,0,0,0,0,"798028,9545","5826591,209",13.39222008,52.50780182,4451.0
210591,11,2,2500835.0,2021,5,14,6,3,5,2,0,1,1,0,0,0,0,1,"803250,8299","5826009,436",13.46839583,52.49971006,5648.0
210590,11,9,9301025.0,2021,5,23,6,3,1,5,2,0,1,0,0,0,0,1,"811803,1879","5814733,061",13.58345836,52.39383871,7317.0
210589,11,8,8401241.0,2021,3,16,3,3,5,2,0,0,1,0,0,0,0,0,"804046,9733","5818556,012",13.47329729,52.4324636,5628.0
210588,11,5,5300737.0,2021,4,8,2,3,0,2,0,1,1,0,0,0,0,0,"787936,3246","5830043,031",13.24691998,52.54416972,2361.0
210587,11,4,4200310.0,2021,5,15,2,3,5,2,0,0,1,0,0,0,0,0,"789222,1374","5826009,91",13.26232018,52.50733074,2550.0
210586,11,3,3200308.0,2021,5,15,5,3,2,2,0,1,1,0,0,0,0,0,"799808,1992","5836713,973",13.42749804,52.5975605,5077.0
210585,11,1,1401044.0,2021,4,17,3,3,5,3,0,1,1,0,0,0,0,1,"796203,5215","5830765,259",13.36912119,52.54621227,4162.0
210584,11,4,4200311.0,2021,5,14,4,3,2,6,0,0,1,0,0,0,1,0,"790111,7531","5825343,899",13.27481069,52.50088751,2749.0