ObjectID,State,District,LOR_ab_2021,AccidentYear,AccidentMonth,AccidentHour,DayOfWeek,AccidentCategory,AccidentType,AccidentTypeDetail,LightingCondition,InvolvingBike,InvolvingCar,InvolvingPedestrian,InvolvingMotorcycle,InvolvingHGV,InvolvingOther,RoadCondition,GraphicCoord1,GraphicCoord2,LongitudeWGS84,LatitudeWGS84,quadrant
210583,11,10,10300731.0,2021,4,13,3,3,2,6,0,0,1,0,0,0,0,0,"809651,8128","5830245,859",13.56633491,52.53408118,7058.0
210582,11,3,3100102.0,2021,3,10,2,3,5,2,0,0,1,0,1,0,0,0,"804573,0491","5841313,946",13.50186569,52.6361391,6188.0
210581,11,12,12200309.0,2021,4,18,5,3,2,6,0,0,1,0,0,0,0,0,"793300,9093","5832617,591",13.32807657,52.56438787,3567.0
210580,11,6,6100205.0,2021,3,0,7,3,5,7,2,0,1,0,0,0,0,0,"795462,9563","5819669,253",13.3483895,52.44714719,3833.0
210579,11,2,2100101.0,2021,5,13,4,3,2,6,0,0,1,0,0,0,0,0,"797863,8747","5825584,128",13.38889406,52.49886471,4448.0
210578,11,5,5100317.0,2021,5,16,2,3,4,2,0,1,1,0,0,0,0,0,"787662,468","5828015,617",13.24113786,52.52613763,2256.0
210577,11,12,12601032.0,2021,4,13,6,3,5,3,0,0,1,0,0,0,0,0,"792936,5673","5837545,425",13.32707357,52.60875928,3580.0
210576,11,12,12100102.0,2021,4,21,2,3,2,6,2,1,1,0,0,0,0,0,"795743,2834","5833133,185",13.36446375,52.56768846,4068.0
210575,11,8,8401241.0,2021,5,16,6,3,6,4,0,0,1,1,0,0,0,0,"803961,597","5819064,75",13.47250788,52.43707081,5630.0
210574,11,4,4300623.0,2021,4,16,4,3,5,2,0,1,0,0,0,0,1,0,"792737,0017","5826395,065",13.31429951,52.50890888,3351.0
210573,11,2,2500831.0,2021,3,10,3,3,5,2,0,1,1,0,0,0,0,0,"803045,7907","5826985,973",13.46627335,52.50857653,5551.0
210572,11,12,12100101.0,2021,4,17,4,3,5,3,0,0,1,0,0,0,0,0,"796391,6412","5832679,726",13.37359657,52.56327109,4267.0
210571,11,12,12200309.0,2021,5,9,6,3,0,5,0,0,1,0,0,0,1,1,"793235,9022","5832454,835",13.32697643,52.56296387,3567.0
210570,11,9,9100101.0,2021,5,21,6,3,5,3,0,0,1,0,0,0,0,0,"802083,3078","5825008,762",13.4503415,52.49138848,5346.0
210569,11,2,2300315.0,2021,3,18,4,3,5,2,0,1,1,0,0,0,0,0,"800366,2415","5825803,936",13.42584457,52.49946342,4948.0
210568,11,11,11300826.0,2021,4,7,6,3,7,7,0,1,0,0,0,0,0,0,"803817,764","5827191,561",13.47780059,52.5099898,5751.0
210567,11,2,2200210.0,2021,3,9,7,3,5,3,0,0,1,0,0,0,1,1,"798292,0991","5824815,637",13.39449549,52.49174226,4546.0
210566,11,5,5100317.0,2021,5,18,2,3,0,1,0,1,0,0,0,0,0,0,"787112,8967","5828132,338",13.23316013,52.52747381,2156.0
210565,11,8,8100521.0,2021,5,15,6,3,2,6,0,0,1,0,0,0,1,1,"802972,5344","5821814,863",13.4604971,52.46226891,5537.0
210564,11,7,7400826.0,2021,5,1,4,3,1,7,2,0,1,0,0,0,0,0,"796885,6199","5820214,751",13.36974601,52.45126644,4134.0
210563,11,1,1100206.0,2021,4,20,6,3,5,3,1,1,1,0,0,0,0,0,"797875,927","5827467,061",13.39075595,52.51573634,4453.0
210562,11,5,5100209.0,2021,5,21,7,3,5,2,0,0,1,0,0,0,0,0,"783702,8617","5830173,49",13.18477229,52.54756048,1462.0
210561,11,5,5100316.0,2021,4,18,4,2,9,1,0,0,0,0,1,0,0,1,"784934,7103","5829359,492",13.20219146,52.53961929,1660.0
210560,11,3,3701660.0,2021,3,13,4,3,6,7,0,1,0,1,0,0,0,0,"800435,652","5829516,187",13.43021598,52.53269925,5058.0
210559,11,5,5300735.0,2021,4,17,6,3,6,4,0,0,1,1,0,0,0,0,"786507,7523","5831466,784",13.22714029,52.55768772,2065.0
210558,11,5,5100317.0,2021,4,10,2,2,2,6,0,0,1,0,0,0,0,0,"787529,407","5828039,601",13.23920266,52.52642285,2256.0
210557,11,11,11200410.0,2021,4,16,2,3,5,3,0,1,1,0,0,0,0,0,"805037,0174","5832122,788",13.50023533,52.5535052,6064.0
210556,11,1,1100309.0,2021,5,11,1,3,1,5,0,1,1,0,0,0,0,1,"798993,1595","5828846,541",13.40841137,52.52749004,4756.0
210555,11,6,6400838.0,2021,5,15,7,3,5,3,0,1,1,0,0,0,0,0,"786423,2763","5818351,422",13.21461801,52.44014251,1831.0
210554,11,4,4501148.0,2021,4,13,3,3,0,7,0,0,0,0,0,0,1,0,"792810,4942","5823233,029",13.31259998,52.4805227,3343.0
210553,11,7,7400927.0,2021,5,11,3,3,5,3,0,0,1,0,0,0,1,0,"798627,8785","5820661,229",13.39570718,52.45431963,4535.0
210552,11,6,6100103.0,2021,5,20,7,3,2,6,1,0,1,0,0,0,0,0,"793026,298","5821527,579",13.31427042,52.46511806,3338.0
210551,11,1,1200623.0,2021,5,1,5,3,5,2,2,0,1,0,1,0,0,0,"795863,1895","5828935,953",13.36248821,52.5299992,4057.0
210550,11,9,9301228.0,2021,4,12,1,2,9,1,0,0,1,0,0,0,0,1,"816441,27","5810287,859",13.64720391,52.35134696,8205.0
210549,11,7,7200307.0,2021,4,10,5,3,5,3,0,1,1,0,0,0,0,0,"794807,6164","5824037,366",13.34263407,52.4866586,3744.0
210548,11,4,4400835.0,2021,5,16,5,3,5,3,0,0,1,0,0,0,0,1,"793380,5828","5821960,262",13.31985095,52.4688068,3439.0
210547,11,6,6400839.0,2021,4,17,3,3,2,7,0,0,0,0,1,0,1,0,"788677,962","5819252,59",13.24847487,52.44703644,2333.0
210546,11,4,4500939.0,2021,3,23,2,3,3,6,2,0,1,0,0,0,0,0,"792440,736","5824095,889",13.30792781,52.48845622,3245.0
210545,11,10,10200629.0,2021,4,11,6,3,6,2,0,0,1,1,0,0,0,0,"810950,1536","5828191,658",13.58349405,52.51493362,7353.0
210544,11,8,8200727.0,2021,3,11,5,3,5,3,0,1,1,0,0,0,0,0,"802191,6309","5819276,057",13.44674095,52.43994557,5231.0
210543,11,8,8401246.0,2021,5,7,2,3,5,3,0,1,0,0,0,0,1,0,"806188,8218","5816650,17",13.50295971,52.41418786,6123.0
210542,11,1,1300733.0,2021,4,17,1,3,2,6,0,0,1,0,1,0,0,0,"797190,1846","5831917,126",13.38465961,52.55600004,4365.0
210541,11,6,6100207.0,2021,5,11,2,3,2,2,0,1,1,0,0,0,0,0,"794242,3052","5820272,06",13.33101181,52.4532094,3535.0
210540,11,3,3400724.0,2021,4,6,4,2,5,3,0,1,1,0,0,0,0,0,"800023,6073","5834674,557",13.428822,52.57916205,5071.0
210539,11,7,7601544.0,2021,5,14,7,3,5,2,0,0,1,0,0,0,0,0,"799777,221","5813975,764",13.4065799,52.39376419,4717.0
210538,11,4,4100102.0,2021,4,18,7,3,0,6,0,0,1,0,1,0,0,0,"791203,482","5829155,589",13.29418486,52.5344775,3058.0
210537,11,2,2200211.0,2021,5,12,5,3,1,7,0,0,1,0,0,0,0,0,"798554,5671","5824513,745",13.39807937,52.4888927,4545.0
210536,11,1,1300836.0,2021,4,12,3,3,0,6,0,1,1,0,0,0,0,0,"796474,1266","5829938,145",13.37236194,52.53865089,4160.0
210535,11,12,12500927.0,2021,4,12,7,3,0,3,0,1,0,0,0,0,1,0,"792794,4076","5836693,198",13.32422627,52.60119616,3478.0
210534,11,7,7300619.0,2021,4,1,4,2,1,5,2,1,1,0,0,0,0,0,"796009,5244","5822793,464",13.35917873,52.47485772,3941.0
210533,11,6,6400843.0,2021,5,12,6,3,6,7,0,0,1,1,0,0,0,0,"791566,9191","5820631,349",13.29206653,52.45786408,2936.0
210532,11,2,2200210.0,2021,4,22,5,3,0,7,2,1,0,0,0,0,0,1,"798216,9787","5825458,16",13.3939675,52.49754273,4548.0
210531,11,12,12601235.0,2021,3,11,2,3,2,6,0,0,1,0,0,0,0,0,"795713,779","5836429,467",13.36697085,52.59725222,4177.0
210530,11,6,6300634.0,2021,4,9,1,3,5,2,0,0,0,0,1,0,1,0,"791767,1237","5817838,673",13.29256587,52.43272084,3029.0
210529,11,5,5100316.0,2021,3,14,6,2,6,4,0,0,1,1,0,0,0,0,"783857,7676","5829096,614",13.18613039,52.53782439,1459.0
210528,11,10,10400940.0,2021,5,17,4,3,5,2,0,0,1,0,0,0,1,1,"812385,0122","5824266,174",13.60088919,52.47893681,7542.0
210527,11,1,1100206.0,2021,5,16,3,3,3,6,0,1,0,0,0,0,1,0,"797786,9752","5827254,199",13.38925846,52.51387686,4452.0
210526,11,2,2500727.0,2021,4,19,6,3,2,6,0,1,1,0,0,0,0,0,"802686,985","5828122,1",13.46203612,52.51895872,5554.0
210525,11,6,6300527.0,2021,4,16,3,3,6,4,0,0,1,1,0,0,0,0,"790716,254","5817905,514",13.27721013,52.43387959,2729.0
210524,11,3,3601244.0,2021,3,14,3,3,5,3,0,0,1,0,0,0,0,0,"800113,3531","5831694,208",13.42744639,52.55239902,5064.0
210523,11,1,1100103.0,2021,4,16,6,3,5,7,0,1,1,0,0,0,0,0,"796028,2645","5825596,058",13.36194317,52.49997048,4048.0
210522,11,1,1401045.0,2021,5,14,7,3,6,2,0,0,1,1,0,0,0,1,"796463,5106","5831924,831",13.37397935,52.55646516,4265.0
210521,11,3,3300517.0,2021,5,2,7,1,8,1,2,0,1,0,0,0,0,0,"803713,779","5834120,683",13.48260723,52.57215095,5869.0
210520,11,9,9200715.0,2021,3,15,4,3,2,6,0,0,1,0,0,0,0,0,"808991,7883","5818093,084",13.54537372,52.42554437,6726.0
210519,11,9,9100306.0,2021,4,16,2,3,2,2,0,0,1,0,1,0,0,0,"805019,534","5820673,16",13.48949084,52.45089752,5934.0
210518,11,1,1300834.0,2021,5,18,2,3,2,6,0,0,1,0,0,0,0,0,"797971,3904","5830851,769",13.39519243,52.5460237,4562.0
210517,11,4,4501042.0,2021,5,15,5,3,5,2,0,0,1,0,1,0,0,0,"793967,5306","5826143,208",13.33215617,52.50598941,3550.0
210516,11,4,4300619.0,2021,5,20,4,3,0,7,0,0,0,0,1,0,0,0,"792376,9613","5827629,068",13.31009392,52.52016446,3254.0
210515,11,4,4500937.0,2021,4,16,6,3,0,2,0,1,1,0,0,0,0,0,"791019,738","5824863,47",13.28772946,52.49609696,2947.0
210514,11,8,8100103.0,2021,4,15,5,3,3,6,0,0,1,0,1,0,0,0,"800704,3264","5822907,393",13.42819682,52.47331455,5040.0
210513,11,10,10100311.0,2021,5,13,1,3,5,2,0,1,1,0,0,0,0,0,"807490,1125","5829152,222",13.53355439,52.52550381,6556.0
210512,11,3,3601245.0,2021,5,18,3,3,5,2,0,1,0,0,0,0,0,0,"800880,784","5831061,928",13.43815822,52.54630844,5162.0
210511,11,2,2500833.0,2021,4,18,4,3,0,1,0,1,0,0,0,0,0,0,"802339,075","5827095,172",13.45599126,52.50994739,5451.0
210510,11,4,4501153.0,2021,3,13,4,3,5,2,0,1,1,0,0,0,0,0,"794027,6652","5824057,516",13.33119856,52.48725984,3545.0
210509,11,11,11300617.0,2021,5,14,2,2,6,4,0,0,1,1,0,0,0,0,"803149,3056","5829581,299",13.47015906,52.53178042,5658.0
210508,11,7,7100102.0,2021,4,19,2,3,2,7,0,1,1,0,0,0,0,0,"795090,7289","5825114,548",13.34774537,52.49616185,3847.0
210507,11,2,2100106.0,2021,5,15,2,3,5,7,0,0,1,0,1,0,0,0,"799968,1088","5825473,111",13.41969919,52.49671708,4847.0
210506,11,4,4300518.0,2021,5,11,2,2,5,7,0,1,1,0,0,0,0,0,"792089,4329","5827965,03",13.30616336,52.52333038,3255.0
210505,11,9,9200818.0,2021,5,18,6,3,1,5,0,1,1,0,0,0,0,1,"810495,6761","5820356,262",13.5695221,52.44497503,7132.0
210504,11,2,2200211.0,2021,5,7,5,3,6,4,0,0,0,1,0,0,1,0,"798324,5812","5824173,567",13.39439772,52.48596915,4544.0
210503,11,11,11501340.0,2021,4,7,2,3,3,6,0,1,0,0,0,1,0,0,"807347,5202","5825140,76",13.52775568,52.48963318,6545.0
210502,11,5,5100316.0,2021,4,7,5,2,0,1,0,0,0,0,1,0,0,0,"785000,3635","5829395,381",13.20318766,52.53990673,1660.0
210501,11,8,8100312.0,2021,5,15,4,3,3,6,0,0,1,0,0,0,0,0,"801446,3402","5823875,745",13.43996351,52.48158514,5143.0
210500,11,2,2200213.0,2021,5,19,4,3,2,6,0,1,0,0,0,0,1,0,"800153,1657","5825058,227",13.42204318,52.49289657,4946.0
210499,11,4,4300517.0,2021,4,15,7,3,0,2,0,1,1,0,0,0,0,0,"791705,952","5827845,831",13.30042261,52.52246707,3155.0
210498,11,4,4501146.0,2021,5,19,7,3,0,5,0,1,0,0,0,0,1,0,"792314,0156","5823781,556",13.30579113,52.48570615,3244.0
210497,11,6,6100208.0,2021,4,11,5,3,6,4,0,0,1,1,0,0,0,0,"794767,8279","5820566,029",13.33898251,52.45556154,3635.0
210496,11,11,11100204.0,2021,3,15,4,3,5,2,0,1,0,0,0,0,1,0,"806850,4751","5832567,741",13.52731017,52.55647429,6465.0
210495,11,6,6200423.0,2021,5,18,1,3,4,6,0,1,1,0,0,0,0,1,"793831,7005","5816317,239",13.32151057,52.41797654,3424.0
210494,11,6,6400736.0,2021,4,14,1,2,7,7,0,1,0,0,0,0,0,0,"786205,4406","5816042,821",13.20944612,52.41955762,1725.0
210493,11,6,6400840.0,2021,4,16,2,3,2,6,0,0,1,0,0,0,0,0,"788858,8146","5819535,177",13.2513729,52.44947446,2333.0
210492,11,3,3200206.0,2021,5,15,2,3,6,7,0,0,1,1,0,0,0,0,"798409,5363","5834846,318",13.40522717,52.58158916,4672.0
210491,11,1,1100103.0,2021,5,18,7,3,0,5,0,1,1,0,0,0,0,0,"796169,4011","5825980,485",13.36435816,52.50333993,4049.0
210490,11,7,7100101.0,2021,5,17,3,3,2,6,0,0,1,0,0,0,1,0,"794527,4735","5825835,308",13.3401099,52.50292728,3749.0
210489,11,8,8401139.0,2021,5,17,6,3,4,5,0,1,1,0,0,0,0,0,"803192,2754","5818917,705",13.46109197,52.43617983,5530.0
210488,11,6,6100207.0,2021,5,14,4,3,2,6,0,1,1,0,0,0,0,0,"794229,6137","5820280,901",13.33083337,52.45329549,3535.0
210487,11,12,12200411.0,2021,4,18,1,3,2,6,0,0,1,0,0,1,0,1,"793187,3609","5832335,98",13.32615736,52.56192454,3566.0
210486,11,7,7601546.0,2021,3,12,4,2,2,6,0,0,1,0,0,0,0,0,"798116,2034","5814245,239",13.38248122,52.39708625,4318.0
210485,11,11,11501340.0,2021,5,18,5,2,5,3,0,0,1,0,0,0,1,1,"808002,1569","5824740,509",13.53699691,52.48567719,6644.0
210484,11,6,6100205.0,2021,4,15,3,2,6,4,0,0,1,1,0,0,0,0,"795096,379","5819670,725",13.34301264,52.44735837,3733.0
210483,11,8,8100208.0,2021,3,12,1,3,6,4,0,1,0,1,0,0,0,0,"801626,816","5822565,477",13.44142807,52.46974129,5239.0
210482,11,8,8200832.0,2021,4,10,6,3,6,4,0,0,1,1,0,0,0,0,"800999,4577","5816277,305",13.42655651,52.41372387,4923.0
210481,11,2,2200209.0,2021,3,8,5,3,5,2,0,1,1,0,0,0,0,0,"797101,3481","5824481,482",13.3767109,52.4893963,4245.0
210480,11,4,4501043.0,2021,5,7,3,2,5,2,0,1,0,0,0,1,0,0,"792834,1337","5824344,824",13.31392385,52.49047697,3345.0
210479,11,5,5100105.0,2021,5,9,2,3,2,6,0,0,1,0,0,0,1,0,"784747,7598","5831111,673",13.20094479,52.55542699,1664.0
210478,11,4,4300620.0,2021,4,10,5,3,0,6,0,0,1,0,0,0,1,1,"793843,5917","5827013,998",13.33110415,52.51386235,3552.0
210477,11,7,7100102.0,2021,5,22,7,3,6,2,2,0,1,1,0,0,0,0,"795468,0303","5825557,035",13.35367948,52.49992429,3948.0
210476,11,10,10100205.0,2021,4,12,7,2,0,6,0,0,1,0,1,0,0,0,"807582,069","5831311,494",13.53690382,52.54480324,6661.0
210475,11,4,4400834.0,2021,5,13,6,3,5,2,0,1,1,0,0,0,0,0,"792603,69","5823006,821",13.30936496,52.47860566,3242.0
210474,11,10,10300734.0,2021,4,16,2,3,1,3,0,0,1,0,0,0,0,0,"809943,9957","5827056,326",13.56765712,52.50533191,7050.0
210473,11,2,2100105.0,2021,4,20,5,3,5,3,2,1,0,0,0,0,1,0,"799559,5717","5825858,404",13.41404579,52.50039505,4848.0
210472,11,5,5100105.0,2021,5,12,6,3,5,3,0,0,1,0,0,0,0,1,"785162,1209","5831166,2",13.20708689,52.55569906,1765.0
210471,11,4,4200310.0,2021,4,9,4,3,2,6,0,0,1,0,0,1,0,0,"789871,6341","5826226,511",13.27205168,52.50892789,2751.0
210470,11,7,7601442.0,2021,3,13,3,3,5,3,0,0,1,0,1,0,0,0,"799724,9294","5815167,695",13.40688007,52.40447697,4720.0
210469,11,9,9501939.0,2021,4,14,6,3,5,3,0,1,1,0,0,0,0,0,"811062,368","5821898,305",13.57926925,52.45847206,7236.0
210468,11,4,4501153.0,2021,3,13,6,3,3,6,0,0,1,0,1,0,0,0,"794028,9179","5824040,703",13.33120212,52.48710845,3544.0
210467,11,7,7300517.0,2021,5,16,3,3,2,6,0,1,1,0,0,0,0,0,"794406,0384","5822360,137",13.33525618,52.47183983,3640.0
210466,11,1,1200522.0,2021,5,22,4,3,5,2,2,1,1,0,0,0,0,0,"794572,0299","5828352,012",13.34299235,52.52546384,3756.0
210465,11,6,6100103.0,2021,4,20,5,3,6,2,2,0,1,1,0,0,0,1,"792746,0369","5821717,847",13.3103237,52.466974,3239.0
210464,11,3,3300413.0,2021,4,9,5,3,6,4,0,0,1,1,0,0,0,0,"803227,4207","5838048,183",13.4790476,52.6076227,5780.0
210463,11,3,3701556.0,2021,4,19,3,3,0,6,0,1,1,0,0,0,0,0,"799785,1214","5829557,283",13.4206914,52.53342579,4958.0
210462,11,4,4300416.0,2021,3,11,3,3,3,6,0,1,1,0,0,0,0,0,"791960,073","5826031,317",13.30256538,52.5060643,3150.0
210461,11,3,3400724.0,2021,4,17,6,3,5,2,0,1,1,0,0,0,0,0,"800024,9774","5834542,705",13.42872283,52.57797948,5071.0
210460,11,1,1300732.0,2021,5,15,1,2,0,1,0,0,1,0,1,0,0,1,"797314,8624","5832307,139",13.38684258,52.55942796,4466.0
210459,11,4,4400726.0,2021,3,14,3,3,3,6,0,0,0,0,1,0,1,0,"790725,7001","5824965,319",13.28349931,52.49716675,2847.0
210458,11,5,5200423.0,2021,4,7,2,3,5,7,0,0,0,0,1,1,0,0,"781984,6157","5828468,785",13.15805308,52.53316752,1058.0
210457,11,10,10200418.0,2021,5,14,3,3,2,1,0,1,1,0,0,0,0,0,"810964,2229","5830915,731",13.58624814,52.53933699,7360.0
210456,11,12,12200412.0,2021,5,16,6,3,2,6,0,0,1,0,0,1,0,1,"791561,4305","5834014,732",13.30371532,52.57784718,3171.0
210455,11,5,5100105.0,2021,5,11,4,3,1,5,0,1,1,0,0,0,0,0,"785043,0519","5831879,566",13.2059481,52.56215734,1766.0
210454,11,4,4200310.0,2021,5,17,4,3,5,3,0,0,1,0,0,0,0,0,"789652,579","5826500,596",13.26907158,52.51150148,2652.0
210453,11,7,7100102.0,2021,4,17,6,3,1,5,0,1,1,0,0,0,0,0,"795353,5195","5825531,227",13.35197458,52.49975492,3848.0
210452,11,3,3601244.0,2021,4,9,5,3,5,3,0,1,1,0,0,0,0,0,"800085,3217","5831671,277",13.42701347,52.55220893,5064.0
210451,11,5,5100314.0,2021,5,18,3,3,3,6,0,0,1,0,0,0,0,0,"785196,7087","5829765,028",13.20639222,52.54311822,1761.0
210450,11,1,1100310.0,2021,3,10,1,3,5,2,0,0,1,0,0,0,0,0,"799244,971","5828468,804",13.41177225,52.52396604,4755.0
210449,11,5,5300841.0,2021,4,9,5,3,6,7,0,0,0,1,0,0,1,0,"789549,5489","5829288,376",13.26998492,52.53654916,2659.0
210448,11,1,1300732.0,2021,3,17,5,3,5,2,0,1,1,0,0,0,0,0,"797411,3538","5832512,327",13.38844564,52.56121451,4466.0
210447,11,3,3400826.0,2021,5,7,2,3,6,7,0,0,0,1,0,0,1,0,"798644,406","5832754,616",13.40679959,52.5627114,4767.0
210446,11,1,1300733.0,2021,4,9,2,3,5,3,0,1,1,0,0,0,0,1,"797152,8574","5831854,653",13.38405472,52.5554604,4364.0
210445,11,12,12500825.0,2021,5,6,2,3,5,3,0,0,1,0,0,0,0,0,"792398,9887","5835229,928",13.31711252,52.58829146,3374.0
210444,11,5,5100312.0,2021,4,13,5,2,5,7,0,0,1,0,0,0,0,1,"784464,7669","5830880,657",13.19658395,52.5535036,1564.0
210443,11,4,4200311.0,2021,5,13,1,3,5,2,0,1,1,0,0,0,0,0,"790294,4297","5826007,627",13.27807298,52.50674075,2750.0
210442,11,8,8200730.0,2021,5,20,6,2,2,7,0,0,1,0,0,0,0,0,"801454,0998","5818082,269",13.43484711,52.42965227,5128.0
210441,11,2,2300316.0,2021,4,15,2,3,5,3,0,0,0,0,1,0,1,0,"801245,4986","5826202,133",13.43911829,52.5025479,5149.0
210440,11,1,1100415.0,2021,4,22,5,3,2,7,2,1,1,0,0,0,0,0,"798193,9159","5829354,222",13.3971203,52.53247848,4558.0
210439,11,8,8100312.0,2021,4,17,3,3,5,3,0,1,1,0,1,0,0,0,"801259,2858","5824833,055",13.43808263,52.49026896,5145.0
210438,11,4,4300414.0,2021,5,12,4,3,1,5,0,1,1,0,0,0,0,0,"791355,9799","5826634,306",13.29421798,52.511793,3052.0
210437,11,11,11501238.0,2021,4,13,3,3,0,2,0,1,1,0,0,0,0,0,"804098,6172","5825992,899",13.48083142,52.49909009,5848.0
210436,11,5,5100316.0,2021,3,11,3,3,5,2,0,0,1,0,0,0,1,0,"784102,6845","5829005,308",13.18965369,52.53687809,1459.0
210435,11,5,5200633.0,2021,4,16,5,3,5,2,0,1,1,0,0,0,0,0,"783761,7864","5826932,03",13.18287153,52.51846634,1354.0
210434,11,9,9100407.0,2021,3,16,6,3,2,2,0,0,1,0,0,0,0,0,"805519,9313","5821502,419",13.49759011,52.45805039,6036.0
210433,11,4,4400728.0,2021,5,17,3,3,5,3,0,0,1,0,0,0,0,0,"789610,2421","5823358,909",13.26571775,52.48335794,2643.0
210432,11,2,2400625.0,2021,5,17,4,3,3,6,0,1,1,0,0,0,0,0,"801094,223","5826637,1",13.43728972,52.5065301,5150.0
210431,11,7,7300517.0,2021,4,15,6,3,6,7,0,0,1,1,0,0,0,0,"794355,7701","5822213,594",13.33438895,52.47055324,3640.0
210430,11,6,6300632.0,2021,4,8,3,3,5,3,0,1,1,0,0,0,0,0,"791543,6516","5817466,664",13.28896373,52.42950489,2928.0
210429,11,12,12200309.0,2021,5,11,6,2,6,4,0,0,1,1,0,0,0,0,"793326,2949","5832770,154",13.3285849,52.56574183,3567.0
210428,11,1,1401049.0,2021,4,9,3,3,5,2,0,1,1,0,0,0,0,0,"795878,0702","5831961,265",13.36540161,52.55711013,4065.0
210427,11,1,1300836.0,2021,3,12,3,2,5,3,0,0,1,0,0,0,0,0,"796661,7177","5830361,176",13.37549748,52.54234081,4261.0
210426,11,1,1200520.0,2021,4,10,4,3,5,2,0,1,1,0,0,0,0,0,"794585,3778","5828435,086",13.34326212,52.52620133,3756.0
210425,11,12,12500927.0,2021,4,7,3,3,6,2,0,0,1,1,0,0,0,0,"792636,1769","5835828,416",13.32113237,52.59352904,3476.0
210424,11,5,5100209.0,2021,5,10,6,3,5,2,0,0,1,0,0,0,0,1,"783561,0834","5830196,711",13.18270687,52.5478425,1362.0
210423,11,12,12200515.0,2021,4,16,4,2,3,6,0,1,0,0,0,0,0,0,"789171,9593","5835322,169",13.26969236,52.59084352,2675.0
210422,11,1,1100310.0,2021,3,18,3,3,2,6,0,0,1,0,0,0,0,0,"799140,942","5828465,348",13.41024037,52.52399215,4755.0
210421,11,9,9200512.0,2021,4,17,1,3,5,3,0,0,1,0,1,0,0,0,"809343,8583","5821490,412",13.55367952,52.45579196,6835.0
210420,11,9,9502043.0,2021,3,1,7,3,9,1,2,0,1,0,0,0,0,0,"811363,3094","5822769,213",13.58449651,52.46610532,7338.0
210419,11,7,7601442.0,2021,5,15,2,3,1,5,0,1,0,0,0,0,1,0,"798600,6482","5814860,203",13.3901283,52.40233487,4420.0
210418,11,4,4200310.0,2021,5,9,5,3,5,2,0,1,1,0,0,0,0,0,"789870,1354","5826218,139",13.27202237,52.50885363,2751.0
210417,11,10,10200417.0,2021,5,19,4,3,5,3,0,1,1,0,0,0,0,0,"811313,9615","5831718,315",13.59214033,52.54632947,7462.0
210416,11,1,1100416.0,2021,4,14,6,3,2,6,0,0,1,0,0,0,0,0,"798161,2878","5829854,623",13.39708962,52.53698175,4559.0
210415,11,1,1200518.0,2021,1,14,2,3,6,4,0,0,1,1,0,0,0,1,"793377,8003","5828532,281",13.32559904,52.5277238,3456.0
210414,11,1,1300733.0,2021,2,16,1,3,5,2,0,1,1,0,0,0,0,0,"797163,1137","5831883,339",13.38423124,52.55571194,4365.0
210413,11,3,3300514.0,2021,3,0,1,3,8,1,2,0,1,0,0,0,0,0,"801614,8219","5836167,289",13.45359257,52.59166164,5475.0
210412,11,9,9301024.0,2021,1,12,3,3,0,7,0,0,1,0,0,0,0,0,"810137,5056","5815890,396",13.56012882,52.40515612,6921.0
210411,11,2,2500833.0,2021,2,13,2,3,2,6,0,0,1,0,0,0,0,2,"802748,6808","5826962,893",13.461888,52.50853462,5551.0
210410,11,1,1200623.0,2021,2,17,5,3,2,2,1,0,1,0,0,0,0,0,"795471,3704","5829570,434",13.35729303,52.5358993,3959.0
210409,11,5,5100316.0,2021,1,12,5,3,2,6,0,0,1,0,0,0,0,0,"784498,2462","5828898,495",13.19537859,52.53571404,1559.0
210408,11,3,3200204.0,2021,3,12,4,3,5,2,0,1,1,0,0,0,0,0,"798057,5053","5837198,717",13.40216383,52.60286789,4678.0
210407,11,7,7400823.0,2021,1,16,3,3,5,7,2,1,1,0,0,0,0,1,"797333,887","5821876,502",13.37780299,52.46591877,4238.0
210406,11,11,11200513.0,2021,1,9,3,3,5,3,0,1,1,0,0,0,0,1,"804874,0878","5830920,13",13.49673562,52.5428177,6061.0
210405,11,8,8100314.0,2021,2,13,3,3,2,6,0,0,1,0,0,0,1,0,"801050,7554","5823853,811",13.43413616,52.48160676,5143.0
210404,11,1,1100312.0,2021,3,11,2,3,1,5,0,0,1,0,0,0,1,0,"799475,5319","5826607,826",13.41348549,52.50715862,4850.0
210403,11,8,8401245.0,2021,3,18,3,3,2,2,2,0,1,0,0,0,1,0,"806766,0612","5815614,745",13.5104717,52.40458473,6220.0
210402,11,2,2100106.0,2021,2,12,2,2,2,6,0,0,1,0,0,0,0,1,"799987,3088","5825420,943",13.41993418,52.49623893,4847.0
210401,11,3,3601245.0,2021,2,17,7,3,0,2,2,1,1,0,0,0,0,0,"800292,5455","5831596,042",13.42999257,52.55142038,5063.0
210400,11,3,3500934.0,2021,1,16,7,3,5,2,2,0,1,0,0,0,1,1,"801311,7324","5831931,585",13.44528329,52.55386506,5264.0
210399,11,1,1300836.0,2021,2,6,2,3,5,7,2,1,1,0,0,0,0,1,"796369,9621","5830303,188",13.37115623,52.54197977,4161.0