ObjectID,State,District,LOR_ab_2021,AccidentYear,AccidentMonth,AccidentHour,DayOfWeek,AccidentCategory,AccidentType,AccidentTypeDetail,LightingCondition,InvolvingBike,InvolvingCar,InvolvingPedestrian,InvolvingMotorcycle,InvolvingHGV,InvolvingOther,RoadCondition,GraphicCoord1,GraphicCoord2,LongitudeWGS84,LatitudeWGS84,quadrant
210028,11,8,8200831.0,2021,1,8,4,2,0,1,0,1,0,0,0,0,0,1,"799583,6171","5816399,471",13.40591121,52.41559563,4624.0
210027,11,5,5300841.0,2021,3,14,6,3,5,3,0,1,1,0,0,0,0,0,"789440,8795","5829305,047",13.26840173,52.53675635,2659.0
210026,11,4,4200310.0,2021,2,12,1,3,3,6,0,0,1,0,0,0,0,2,"789757,0611","5826410,351",13.27052828,52.51063692,2651.0
210025,11,8,8200623.0,2021,2,17,3,3,0,1,1,0,0,0,1,0,0,0,"802438,9451","5820695,363",13.45165306,52.45253029,5334.0
210024,11,6,6100102.0,2021,1,11,1,3,5,3,0,1,1,0,0,0,0,1,"793743,4784","5820564,566",13.32394951,52.4560999,3435.0
210023,11,11,11200411.0,2021,3,7,4,3,5,3,0,1,1,0,0,0,0,0,"805872,3617","5831391,245",13.51184392,52.54648049,6262.0
210022,11,12,12601235.0,2021,3,16,5,2,6,4,0,0,1,1,0,0,0,1,"795576,1379","5836409,157",13.36492651,52.597145,4077.0
210021,11,11,11200513.0,2021,3,23,6,2,5,3,2,0,1,0,0,0,1,0,"804754,6881","5830828,946",13.49489678,52.54206726,6061.0
210020,11,9,9200511.0,2021,2,14,4,3,0,4,0,0,0,1,0,0,1,1,"806845,4612","5821988,463",13.51748439,52.4616639,6337.0
210019,11,9,9200716.0,2021,3,13,2,3,5,3,0,1,1,0,0,0,0,0,"808915,0425","5819069,522",13.54515056,52.43433854,6729.0
210018,11,10,10100205.0,2021,1,21,5,2,9,7,2,0,1,0,0,0,0,1,"807662,7483","5832374,329",13.53907447,52.55428271,6664.0
210017,11,9,9100408.0,2021,2,13,4,2,0,1,0,0,0,0,1,0,0,1,"806131,8065","5820061,822",13.50524698,52.44479673,6132.0
210016,11,12,12200307.0,2021,1,10,5,3,6,4,0,0,1,1,0,0,0,1,"793384,6156","5833152,269",13.32978083,52.56913584,3568.0
210015,11,1,1100101.0,2021,3,8,7,2,6,7,0,0,1,1,0,0,0,0,"794813,9915","5826013,412",13.3444765,52.50436914,3750.0
210014,11,9,9100407.0,2021,2,20,4,3,8,1,2,0,0,0,1,0,0,0,"805513,9064","5821506,514",13.49750546,52.45809045,6036.0
210013,11,5,5100208.0,2021,1,18,1,3,6,2,2,0,1,1,0,0,0,1,"782360,4737","5830508,553",13.16531327,52.55126224,1163.0
210012,11,1,1300835.0,2021,3,15,6,2,2,6,0,1,0,0,0,0,0,1,"797593,1391","5829486,284",13.38840785,52.53399059,4458.0
210011,11,7,7601442.0,2021,3,12,7,3,5,2,0,0,1,0,0,0,0,1,"799682,0021","5815153,967",13.40623865,52.40437741,4620.0
210010,11,3,3500933.0,2021,1,15,6,3,6,4,0,0,1,1,0,0,0,1,"801842,9701","5831740,958",13.45292168,52.55186233,5363.0
210009,11,1,1100310.0,2021,1,11,1,2,5,2,0,0,1,0,1,0,0,0,"799248,351","5828469,191",13.41182226,52.52396765,4755.0
210008,11,9,9100304.0,2021,2,6,1,3,1,5,1,0,1,0,0,0,0,0,"804603,0006","5822449,152",13.48500082,52.46704747,5839.0
210007,11,1,1100207.0,2021,3,19,1,3,2,6,2,0,1,0,0,0,1,1,"798846,513","5827280,413",13.4048491,52.51353234,4652.0
210006,11,8,8100102.0,2021,1,14,3,2,6,2,0,0,0,1,0,0,1,0,"800549,8214","5823370,203",13.426346,52.47754794,4942.0
210005,11,10,10400939.0,2021,2,13,2,3,6,4,0,0,1,1,0,0,0,2,"812920,1857","5827974,368",13.61222667,52.51185988,7752.0
210004,11,2,2100104.0,2021,2,18,5,2,5,2,2,0,1,0,0,0,1,0,"799230,0838","5825987,067",13.40932199,52.50172909,4749.0
210003,11,8,8100415.0,2021,1,7,4,3,2,2,2,0,1,0,0,1,0,1,"802027,0781","5823473,143",13.44812448,52.47765568,5342.0
210002,11,5,5100206.0,2021,3,6,4,3,2,6,0,0,1,0,1,0,0,0,"781791,6459","5831601,727",13.1578742,52.5613587,1066.0
210001,11,1,1100415.0,2021,1,14,7,3,5,2,0,0,1,0,0,0,0,1,"798316,3121","5829369,129",13.39893273,52.53254512,4558.0
210000,11,1,1100207.0,2021,2,10,5,3,5,3,0,1,1,0,0,0,0,0,"798164,0871","5826610,307",13.39422235,52.50789917,4551.0
209999,11,1,1300733.0,2021,1,13,7,3,5,2,0,1,1,0,0,0,0,1,"797235,074","5831321,961",13.38478693,52.55064062,4363.0
209998,11,4,4100102.0,2021,3,6,5,3,2,6,0,0,1,0,0,0,0,1,"791402,5771","5829175,381",13.29712916,52.53454852,3058.0
209997,11,8,8200832.0,2021,2,17,1,3,4,5,2,0,1,0,0,0,0,2,"801492,801","5817773,32",13.43513611,52.42686173,5127.0
209996,11,1,1100308.0,2021,3,7,7,3,1,5,0,0,1,0,0,0,0,1,"797293,8078","5828254,644",13.38290655,52.52311373,4355.0
209995,11,3,3200205.0,2021,3,12,2,3,6,4,0,0,1,1,0,0,0,0,"797496,9327","5835051,724",13.39198248,52.58393009,4473.0
209994,11,4,4200310.0,2021,2,12,6,3,5,3,0,0,1,0,0,0,0,0,"789992,273","5826317,665",13.27390367,52.50968098,2751.0
209993,11,5,5100103.0,2021,1,17,7,2,6,4,2,0,1,1,0,0,0,0,"785529,4253","5831850,572",13.21307875,52.56164255,1866.0
209992,11,6,6100101.0,2021,1,7,2,3,5,3,0,0,1,0,0,0,0,1,"793397,0539","5820361,463",13.31868737,52.45446522,3335.0
209991,11,3,3701660.0,2021,2,10,6,2,5,3,0,1,0,0,0,0,1,0,"800459,2998","5829718,6",13.43074653,52.53450049,5058.0
209990,11,2,2500835.0,2021,3,15,2,3,5,2,0,1,1,0,0,0,0,0,"803092,251","5826028,647",13.46608437,52.49997034,5548.0
209989,11,5,5300736.0,2021,2,19,3,3,1,5,2,0,1,0,0,0,0,1,"786515,1285","5829221,338",13.22531149,52.53755195,2059.0
209988,11,7,7200410.0,2021,2,9,5,3,6,4,0,1,0,1,0,0,0,0,"795726,978","5824016,603",13.35611576,52.48597528,3944.0
209987,11,1,1100206.0,2021,1,8,2,3,0,2,0,1,1,0,0,0,0,1,"797159,8964","5827689,134",13.3804334,52.51811757,4354.0
209986,11,3,3400725.0,2021,3,16,4,3,5,2,0,0,1,0,1,0,0,0,"799849,8873","5835578,126",13.42708346,52.58735669,5074.0
209985,11,3,3200205.0,2021,1,15,7,3,5,3,0,0,1,0,0,0,0,1,"798108,672","5836955,329",13.40269794,52.60065823,4678.0
209984,11,1,1401045.0,2021,1,12,3,3,5,7,0,0,0,0,0,1,1,1,"796859,5629","5831905,851",13.37978713,52.55607929,4365.0
209983,11,10,10100209.0,2021,1,10,3,3,5,3,0,0,1,0,0,0,0,1,"810013,0413","5832314,066",13.57357341,52.55241006,7164.0
209982,11,5,5400943.0,2021,2,20,1,3,8,1,2,0,1,0,0,0,0,0,"781371,2897","5819764,103",13.14168251,52.45543258,735.0
209981,11,9,9401534.0,2021,3,15,3,3,0,7,0,0,1,0,0,0,0,0,"810899,6972","5820441,115",13.5755264,52.44550589,7232.0
209980,11,7,7501133.0,2021,3,14,4,3,5,3,0,0,1,0,0,0,0,0,"797089,1122","5818576,681",13.37127522,52.43647208,4130.0
209979,11,9,9200512.0,2021,2,8,2,3,2,6,0,0,1,0,0,0,0,1,"808550,1655","5821662,134",13.54219461,52.45777954,6736.0
209978,11,9,9200510.0,2021,3,0,2,3,5,3,2,1,1,0,0,0,0,0,"806128,2801","5822121,953",13.50708375,52.46326252,6138.0
209977,11,3,3500934.0,2021,1,9,3,3,6,4,0,0,1,1,0,0,0,1,"801173,8497","5831650,243",13.44300053,52.55141963,5263.0
209976,11,10,10100206.0,2021,2,15,3,3,2,6,0,0,1,0,0,0,0,1,"809530,7964","5832682,27",13.5668268,52.55598398,7065.0
209975,11,10,10200525.0,2021,1,16,5,3,2,6,1,0,1,0,0,0,0,1,"812989,6131","5830186,104",13.61532747,52.5316394,7857.0
209974,11,4,4300412.0,2021,3,13,6,3,3,6,0,0,1,0,0,0,0,0,"791615,6713","5827511,214",13.29880237,52.51951557,3054.0
209973,11,3,3601141.0,2021,3,8,6,3,5,2,0,1,1,0,0,0,0,1,"798828,6688",5831788,13.40863952,52.55394606,4764.0
209972,11,1,1300733.0,2021,2,15,1,3,2,6,0,0,1,0,0,0,0,2,"797155,5009","5831862,046",13.38410022,52.55552524,4364.0
209971,11,9,9200717.0,2021,2,15,3,3,0,6,0,1,0,0,0,1,0,0,"809163,6558","5819530,171",13.54922197,52.4383264,6830.0
209970,11,1,1100206.0,2021,1,11,7,3,5,2,0,1,0,0,0,0,1,1,"797186,0805","5827524,159",13.38067079,52.51662448,4353.0
209969,11,8,8100104.0,2021,3,23,4,2,5,3,2,1,1,0,0,0,0,1,"800942,3518","5822305,633",13.4311478,52.4677897,5039.0
209968,11,4,4300416.0,2021,3,12,6,2,5,3,0,0,1,0,0,0,0,0,"791990,7681","5825974,035",13.3029661,52.50553435,3150.0
209967,11,11,11300619.0,2021,3,11,6,3,6,7,0,0,0,1,0,0,1,1,"803282,6055","5829082,958",13.47166356,52.52723976,5656.0
209966,11,12,12400722.0,2021,2,12,5,3,1,5,0,0,1,0,0,0,0,0,"791517,3217","5838366,824",13.30689775,52.61688582,3282.0
209965,11,4,4501045.0,2021,1,13,1,3,5,3,0,0,1,0,0,0,0,0,"793959,6471","5824932,277",13.33097146,52.49513828,3547.0
209964,11,3,3100103.0,2021,3,15,3,2,6,4,0,0,1,1,0,0,0,0,"804031,4357","5839848,704",13.49253911,52.62331059,5984.0
209963,11,12,12200412.0,2021,1,20,1,3,6,2,2,0,1,1,0,0,0,0,"790966,2216","5833829,754",13.294794,52.57650747,3071.0
209962,11,4,4501150.0,2021,2,19,4,3,6,2,2,0,1,1,0,0,0,1,"793459,7394","5823931,761",13.32274784,52.48643807,3444.0
209961,11,2,2200213.0,2021,3,7,6,3,2,7,0,0,1,0,0,0,0,0,"800044,5395","5824715,975",13.42013981,52.48988853,4945.0
209960,11,3,3601348.0,2021,2,16,4,3,5,3,0,0,1,0,0,0,0,2,"799861,9659","5830465,012",13.42264,52.5415198,4960.0
209959,11,5,5200420.0,2021,2,11,6,3,2,6,0,0,1,0,0,0,0,1,"782880,4323","5828579,284",13.17131856,52.53369407,1258.0
209958,11,3,3300517.0,2021,1,9,2,3,5,2,0,1,1,0,0,0,0,1,"803364,9103","5833523,725",13.47692929,52.56699518,5768.0
209957,11,3,3601348.0,2021,3,9,5,3,1,5,0,1,1,0,0,0,0,0,"799916,5713","5830686,872",13.42364306,52.54347835,4961.0
209956,11,11,11100308.0,2021,3,13,6,3,6,4,0,0,0,1,0,0,1,0,"805206,6747","5833334,198",13.50384388,52.56426721,6167.0
209955,11,11,11100309.0,2021,3,9,2,3,2,6,0,0,1,0,0,0,0,0,"805417,1452","5833320,993",13.50692713,52.56403083,6167.0
209954,11,11,11100101.0,2021,1,10,3,3,2,6,0,0,1,0,0,0,0,1,"803897,0207","5834706,632",13.48583977,52.57730025,5871.0
209953,11,7,7100206.0,2021,1,18,4,3,0,2,2,0,1,0,0,0,1,1,"796011,754","5824630,217",13.36084241,52.4913215,4046.0
209952,11,5,5200528.0,2021,2,13,2,2,0,2,0,0,1,0,0,0,1,0,"783900,6508","5826594,507",13.18462454,52.51536777,1453.0
209951,11,6,6400841.0,2021,3,12,2,3,5,3,0,0,1,0,0,0,0,0,"790190,9508","5818819,302",13.27029822,52.44235093,2631.0
209950,11,6,6100205.0,2021,1,16,4,3,5,3,1,1,1,0,0,0,0,0,"795836,4284","5819499,657",13.35371856,52.44542493,3932.0
209949,11,12,12100205.0,2021,2,20,7,2,1,1,2,0,1,0,0,1,0,1,"795094,0199","5834198,204",13.35586004,52.57758772,3971.0
209948,11,7,7200410.0,2021,3,15,2,3,6,4,0,0,1,1,0,0,0,0,"795574,4622","5823459,767",13.35338249,52.48106625,3943.0
209947,11,2,2200209.0,2021,1,14,4,3,1,5,0,1,1,0,0,0,0,1,"797055,3169","5824293,668",13.37586754,52.48773779,4245.0
209946,11,12,12400617.0,2021,3,13,4,3,0,7,0,1,0,0,0,0,0,0,"785446,4569","5837371,701",13.21661469,52.61118701,1881.0
209945,11,6,6300528.0,2021,1,12,6,3,5,2,0,1,1,0,0,0,0,2,"789583,0122","5817203,029",13.25997889,52.42818265,2527.0
209944,11,7,7601341.0,2021,1,17,4,3,3,6,2,0,1,0,0,0,0,0,"797756,2582","5815637,903",13.37844468,52.409766,4222.0
209943,11,8,8100521.0,2021,1,6,5,3,5,3,2,1,1,0,0,0,0,2,"802482,4154","5822558,764",13.45397933,52.46920807,5439.0
209942,11,2,2200212.0,2021,2,10,3,2,6,4,0,0,1,1,0,0,0,0,"800134,1712","5824420,761",13.4211901,52.48719314,4944.0
209941,11,1,1100313.0,2021,3,11,2,2,4,6,0,1,0,0,0,1,0,0,"800271,8029","5826812,741",13.4253673,52.50855769,4951.0
209940,11,1,1300835.0,2021,3,15,4,3,6,4,0,0,1,1,0,0,0,0,"797402,2386","5830014,542",13.38607448,52.53882998,4360.0
209939,11,6,6100204.0,2021,2,6,4,3,5,7,2,0,1,0,1,0,0,1,"795419,6436","5820151,629",13.34818067,52.45149479,3834.0
209938,11,5,5200629.0,2021,3,16,3,3,2,6,0,0,1,0,0,1,0,0,"784841,8801","5828556,947",13.2001385,52.53247224,1658.0
209937,11,4,4400834.0,2021,1,17,5,3,6,4,2,1,0,1,0,0,0,1,"792703,7778","5823107,109",13.31092252,52.47945108,3242.0
209936,11,2,2100101.0,2021,2,3,2,3,0,1,2,0,0,0,0,0,1,2,"797841,0804","5825649,184",13.38861745,52.4994603,4448.0
209935,11,12,12200310.0,2021,3,19,6,3,5,2,2,1,1,0,0,0,0,0,"792119,7441","5833152,324",13.31117143,52.5698166,3269.0
209934,11,12,12500825.0,2021,2,14,5,3,6,4,0,0,1,1,0,0,0,0,"791263,4047","5834599,734",13.29984373,52.58325118,3173.0
209933,11,12,12100102.0,2021,1,11,6,3,5,3,0,0,1,0,0,1,0,0,"796733,7918","5833439,012",13.37930854,52.56989083,4269.0
209932,11,7,7400927.0,2021,1,16,3,3,2,6,1,0,1,0,0,0,1,1,"798427,9681","5821047,981",13.39311962,52.45789558,4536.0
209931,11,1,1100309.0,2021,1,18,4,3,1,5,2,1,1,0,0,0,0,1,"797974,241","5828708,174",13.39331232,52.52680762,4556.0
209930,11,4,4400830.0,2021,2,16,2,3,0,7,0,1,0,0,0,0,0,0,"792456,353","5823099,367",13.30728287,52.47951424,3242.0
209929,11,4,7300515.0,2021,3,19,3,3,2,6,2,0,1,0,0,0,1,0,"793401,7597","5822272,651",13.32043654,52.4715959,3440.0
209928,11,11,11501339.0,2021,3,18,4,3,0,2,2,0,1,0,1,0,0,0,"806360,2016","5825047,834",13.51317446,52.48935529,6245.0
209927,11,2,2400521.0,2021,2,20,2,2,6,4,2,0,1,1,0,0,0,2,"800735,9064","5828488,342",13.43369945,52.52332087,5155.0
209926,11,8,8100415.0,2021,2,14,1,3,2,6,0,0,1,0,0,0,0,0,"801483,5111","5823877,875",13.44051114,52.48158371,5243.0
209925,11,4,4501042.0,2021,1,15,7,3,2,6,0,0,1,0,0,0,0,0,"794414,0082","5825875,234",13.3384784,52.50334644,3649.0
209924,11,6,6300524.0,2021,2,10,2,3,5,2,0,1,1,0,0,0,0,2,"788266,8855","5816714,592",13.24025442,52.42449855,2226.0
209923,11,7,7100205.0,2021,1,10,5,3,0,2,0,0,0,0,0,0,1,0,"796054,4282","5825342,474",13.36210207,52.49768312,4048.0
209922,11,6,6400841.0,2021,3,14,5,3,5,3,0,1,1,0,0,0,0,0,"790009,4873","5819156,125",13.2679283,52.44546693,2632.0
209921,11,9,9300922.0,2021,3,9,6,2,4,5,0,0,1,0,0,0,0,1,"807991,056","5815469,697",13.52828885,52.40259718,6520.0
209920,11,3,3500934.0,2021,2,14,4,3,5,3,0,1,1,0,0,0,0,0,"801095,7429","5831492,418",13.44170893,52.55004821,5263.0
209919,11,2,2200211.0,2021,1,13,6,3,2,6,0,0,1,0,0,0,1,0,"797917,0925","5824578,66",13.38877657,52.48982283,4445.0
209918,11,9,9200613.0,2021,3,16,4,2,1,5,0,1,1,0,0,0,0,0,"807334,1011","5821034,796",13.52377616,52.45284235,6434.0
209917,11,11,11401033.0,2021,1,0,5,2,0,7,2,0,1,0,0,0,0,1,"806922,4417","5827729,016",13.52390015,52.51306872,6452.0
209916,11,9,9100305.0,2021,3,5,6,2,5,2,2,0,1,0,0,0,1,1,"805014,8883","5822700,789",13.49127529,52.46907301,5939.0
209915,11,12,12400720.0,2021,2,9,6,3,5,7,0,0,1,0,0,0,0,0,"790090,7795","5840098,831",13.2874061,52.63317639,2987.0
209914,11,9,9200715.0,2021,3,11,1,3,2,6,0,0,1,0,0,0,0,1,"807685,4364","5818114,884",13.52624212,52.42647586,6427.0
209913,11,4,4200308.0,2021,2,14,5,3,3,2,0,0,1,0,0,0,0,0,"790576,6992","5827337,965",13.2833818,52.51851702,2854.0
209912,11,12,12100204.0,2021,1,7,6,3,5,3,2,0,1,0,0,0,0,1,"795471,099","5832482,135",13.35987979,52.56200021,4066.0
209911,11,8,8401246.0,2021,3,15,3,3,5,2,0,1,0,0,1,0,0,0,"807005,1593","5817444,192",13.51565314,52.42084698,6325.0
209910,11,8,8100208.0,2021,1,17,2,3,2,6,2,0,0,0,0,0,1,1,"801593,958","5822840,268",13.44119424,52.47222244,5240.0
209909,11,1,1100308.0,2021,2,12,4,3,1,5,0,1,1,0,0,0,0,1,"797493,8255","5828806,548",13.3863397,52.52795179,4456.0
209908,11,3,3400724.0,2021,3,17,6,3,5,3,1,1,1,0,0,0,0,0,"800030,6468","5834667,931",13.42891958,52.57909878,5071.0
209907,11,3,3500934.0,2021,2,11,5,3,2,6,0,0,1,0,0,1,0,2,"801059,9122","5831419,745",13.4411162,52.54941664,5263.0
209906,11,9,9100409.0,2021,2,15,5,3,5,3,0,0,1,0,0,0,1,0,"807062,2563","5818317,923",13.51729212,52.42864564,6327.0
209905,11,1,1100207.0,2021,1,9,3,3,5,3,0,1,1,0,0,0,0,0,"798481,8171","5826666,263",13.39894011,52.50822701,4551.0
209904,11,1,1400942.0,2021,3,15,5,3,5,3,0,0,1,0,0,0,0,0,"794648,3517","5830521,459",13.34603745,52.54487012,3861.0
209903,11,10,10100104.0,2021,3,19,7,3,6,4,2,0,1,1,0,0,0,1,"810321,1266","5833581,103",13.57928735,52.56358904,7267.0
209902,11,7,7501029.0,2021,3,12,2,3,5,2,0,0,1,0,0,0,1,0,"797539,533","5819904,582",13.37906392,52.44813057,4233.0
209901,11,6,6400843.0,2021,1,18,3,3,6,4,2,0,1,1,0,0,0,1,"792010,5294","5820635,54",13.2985805,52.45766481,3036.0
209900,11,1,1400937.0,2021,1,14,4,3,5,2,0,0,1,0,0,0,0,0,"793963,9515","5832013,577",13.33729518,52.55861569,3665.0
209899,11,4,4400728.0,2021,2,10,2,3,5,2,0,1,1,0,0,0,0,0,"790684,5371","5822677,51",13.28089926,52.47667826,2841.0
209898,11,9,9200614.0,2021,3,19,2,3,5,3,2,1,1,0,0,0,0,1,"808381,0692","5820893,165",13.53900372,52.45098344,6634.0
209897,11,1,1100312.0,2021,3,12,5,3,1,5,0,1,1,0,0,0,0,1,"799264,1482","5826920,941",13.41066179,52.51008123,4751.0
209896,11,12,12200309.0,2021,1,5,4,3,1,5,2,1,1,0,0,0,0,1,"793008,9193","5832673,572",13.32383063,52.56504693,3467.0
209895,11,10,10200629.0,2021,2,13,7,3,5,3,0,0,1,0,0,0,0,1,"811123,3312","5828405,991",13.58623826,52.51675559,7353.0
209894,11,10,10200627.0,2021,2,14,7,2,6,4,0,0,1,1,0,0,0,0,"811178,3624","5829839,525",13.58838783,52.52957056,7457.0
209893,11,12,12500824.0,2021,1,17,4,3,1,5,2,0,1,0,0,1,0,1,"790634,4532","5835709,823",13.29156087,52.59353928,2976.0
209892,11,3,3400721.0,2021,3,15,4,3,6,7,0,0,1,1,0,0,0,0,"797998,3787","5832663,995",13.39721598,52.56225307,4566.0
209891,11,12,12200411.0,2021,2,20,3,3,5,3,2,0,1,0,0,0,0,1,"792897,799","5832158,918",13.32174163,52.56049311,3466.0
209890,11,12,12601235.0,2021,1,15,4,3,5,2,0,0,1,0,0,0,0,0,"795279,5599","5836363,276",13.36051968,52.59689484,4077.0
209889,11,4,4100101.0,2021,1,15,4,2,0,7,0,0,1,0,1,0,0,1,"790122,5964","5829360,124",13.2784727,52.53688762,2759.0
209888,11,12,12200309.0,2021,3,13,6,3,2,6,0,0,1,0,0,0,1,0,"792537,7334","5832838,495",13.31704441,52.56677878,3368.0
209887,11,9,9100306.0,2021,2,8,3,3,2,6,0,0,1,0,0,0,0,0,"804259,3534","5820137,122",13.4778509,52.44651673,5733.0
209886,11,1,1100310.0,2021,3,19,4,3,5,7,2,1,1,0,0,0,0,0,"798950,7953","5827814,98",13.40686153,52.51826683,4754.0
209885,11,11,11300722.0,2021,3,20,5,2,5,3,2,0,1,0,0,0,1,1,"803421,0518","5828617,527",13.47327343,52.52299119,5655.0
209884,11,3,3601450.0,2021,2,6,5,3,3,6,2,0,1,0,0,0,0,1,"801920,879","5829797,985",13.45230138,52.53440436,5358.0
209883,11,12,12200412.0,2021,3,15,3,3,6,2,0,0,1,1,0,0,0,0,"790717,5594","5834501,027",13.29172358,52.58265822,2972.0
209882,11,9,9501941.0,2021,1,12,6,3,2,2,0,0,1,0,0,0,0,1,"812063,2022","5821198,31",13.59329745,52.45162865,7434.0
209881,11,2,2500831.0,2021,2,18,3,3,5,2,2,0,1,0,1,0,0,1,"802857,7406","5827211,39",13.46371611,52.51070134,5551.0
209880,11,11,11400929.0,2021,3,18,7,3,5,3,1,0,1,0,0,0,0,0,"804591,784","5826374,121",13.48842259,52.50223181,5949.0
209879,11,11,11200515.0,2021,2,7,4,3,5,3,0,1,1,0,0,0,0,0,"806173,8157","5830411,628",13.5153728,52.53753165,6359.0
209878,11,4,4500936.0,2021,1,16,6,3,5,3,1,0,1,0,0,0,0,0,"792297,4459","5825381,09",13.30695113,52.50005452,3248.0
209877,11,8,8100104.0,2021,3,8,5,1,5,2,0,1,0,0,0,1,0,0,"800270,9511","5822151,402",13.42115515,52.46677666,4939.0
209876,11,8,8100314.0,2021,3,17,7,3,6,2,1,0,1,1,0,0,0,1,"800330,0662","5824358,379",13.42401022,52.48652625,4944.0
209875,11,3,3100101.0,2021,3,9,2,3,5,3,0,0,1,0,0,1,0,0,"800420,952","5841151,586",13.4405482,52.63699678,5288.0
209874,11,11,11100204.0,2021,2,14,7,3,6,4,0,0,1,1,0,0,0,0,"806299,855","5833624,487",13.52018914,52.56625493,6368.0
209873,11,10,10100312.0,2021,1,4,1,3,9,1,2,0,1,0,0,0,0,0,"807932,828","5829216,076",13.54011855,52.52582621,6656.0
209872,11,9,9100101.0,2021,1,17,3,3,5,2,2,1,0,0,0,0,1,1,"802345,114","5824755,558",13.45395608,52.48897407,5445.0
209871,11,6,6300633.0,2021,1,14,4,2,6,4,0,0,1,1,0,0,0,0,"793207,8349","5819560,008",13.31520713,52.4473819,3333.0
209870,11,2,2500833.0,2021,2,13,7,2,2,7,0,0,1,0,1,0,0,0,"802473,2408","5827070,801",13.45793999,52.50965458,5451.0
209869,11,1,1100415.0,2021,3,17,3,2,2,7,0,0,1,0,1,0,0,0,"798379,694","5829258,542",13.39976509,52.53151917,4657.0
209868,11,3,3500936.0,2021,1,13,3,1,6,4,0,0,0,1,0,0,1,0,"802767,0808","5831682,561",13.46645637,52.55082607,5563.0
209867,11,4,4500936.0,2021,2,18,4,3,3,6,2,0,1,0,0,0,0,2,"792150,8769","5825666,596",13.30504857,52.50269252,3149.0
209866,11,1,1200624.0,2021,2,19,5,3,5,2,2,1,1,0,0,0,0,0,"795668,661","5829732,691",13.36033767,52.53724679,4059.0
209865,11,7,7200410.0,2021,1,10,1,3,5,3,0,0,1,0,0,0,1,1,"795620,631","5823736,816",13.35430603,52.48352479,3943.0
209864,11,1,1300730.0,2021,3,8,4,2,6,2,0,0,1,1,0,0,0,0,"796162,943","5832263,235",13.36986082,52.55966213,4166.0
209863,11,1,1400939.0,2021,1,10,1,3,0,1,0,0,0,0,1,0,0,2,"794722,7823","5831522,679",13.34802049,52.55380502,3864.0
209862,11,3,3501038.0,2021,1,12,2,3,5,7,0,1,1,0,0,0,0,2,"803858,1195","5832990,423",13.48369523,52.56194038,5866.0
209861,11,4,4300621.0,2021,1,20,3,3,5,7,2,0,1,0,0,0,0,1,"792749,6039","5826895,31",13.31492469,52.51338665,3352.0
209860,11,2,2100106.0,2021,3,17,4,3,5,2,0,0,1,0,1,0,0,1,"799068,3744","5825601,886",13.40660088,52.49836514,4748.0
209859,11,5,5200420.0,2021,3,8,6,3,5,3,0,0,1,0,0,0,1,1,"782235,2861","5827622,682",13.16102047,52.52545125,1056.0
209858,11,2,2100106.0,2021,3,7,2,3,5,2,0,0,0,0,1,0,1,0,"799880,024","5825707,995",13.41861702,52.49887086,4848.0
209857,11,3,3300516.0,2021,2,14,7,3,5,3,0,0,1,0,0,0,0,0,"801107,4057","5834310,415",13.44443761,52.57529962,5270.0
209856,11,8,8100104.0,2021,1,19,2,3,5,7,2,1,1,0,0,0,0,1,"800259,9682","5822215,766",13.42105188,52.46735962,4939.0
209855,11,6,6100205.0,2021,1,10,2,3,6,7,0,0,1,1,0,0,0,0,"795527,0759","5819700,342",13.34935771,52.44739123,3833.0
209854,11,12,12601134.0,2021,2,22,4,3,8,1,2,0,1,0,0,0,0,1,"794727,2133","5836859,869",13.35283061,52.60164598,3978.0
209853,11,8,8300934.0,2021,3,15,3,3,2,6,0,0,1,0,0,0,1,0,"802740,99","5818148,804",13.45377749,52.42953805,5428.0
209852,11,5,5300840.0,2021,2,17,5,2,5,2,2,0,1,0,0,0,0,2,"789207,7954","5829280,507",13.26495342,52.53666009,2559.0
209851,11,9,9200510.0,2021,2,6,5,3,3,6,0,1,1,0,0,0,0,0,"806206,8358","5823250,693",13.50927226,52.47333472,6240.0
209850,11,2,2100102.0,2021,1,18,2,2,1,5,2,1,1,0,0,0,0,0,"797685,9538","5826425,97",13.38703343,52.50650792,4450.0
209849,11,2,2200213.0,2021,3,18,5,3,1,5,2,1,1,0,0,0,0,0,"799803,7392","5824995,849",13.41685571,52.49252947,4846.0
209848,11,3,3300411.0,2021,1,15,6,2,6,4,0,0,1,1,0,0,0,0,"803288,0449","5839660,621",13.48141843,52.62204038,5884.0
209847,11,7,7100102.0,2021,3,19,2,3,6,2,1,0,1,1,0,0,0,1,"794966,3087","5825196,659",13.34599065,52.49696518,3847.0
209846,11,6,6200422.0,2021,2,18,6,3,6,2,2,0,1,1,0,0,0,2,"794205,2732","5817193,386",13.32775832,52.42563022,3526.0
209845,11,6,6300633.0,2021,3,17,2,3,5,3,0,0,1,0,1,0,0,0,"793251,911","5818490,33",13.31491507,52.43776885,3330.0
209844,11,9,9100304.0,2021,1,21,2,3,5,3,2,1,1,0,0,0,0,1,"804874,4542","5822500,518",13.48903134,52.46735644,5939.0