ObjectID,State,District,LOR_ab_2021,AccidentYear,AccidentMonth,AccidentHour,DayOfWeek,AccidentCategory,AccidentType,AccidentTypeDetail,LightingCondition,InvolvingBike,InvolvingCar,InvolvingPedestrian,InvolvingMotorcycle,InvolvingHGV,InvolvingOther,RoadCondition,GraphicCoord1,GraphicCoord2,LongitudeWGS84,LatitudeWGS84,quadrant
209657,11,3,3500933.0,2021,3,5,4,3,5,3,2,1,1,0,0,0,0,0,"802303,6383","5832631,631",13.46050641,52.55958984,5566.0
209656,11,7,7400824.0,2021,3,15,5,3,6,4,0,0,1,1,0,0,0,1,"797828,952","5822204,418",13.38536161,52.46858854,4339.0
209655,11,11,11300722.0,2021,2,17,2,3,5,2,2,0,1,0,1,0,0,0,"804255,106","5827662,994",13.48465588,52.51397133,5852.0
209654,11,5,5100101.0,2021,3,15,3,3,6,4,0,0,1,1,0,0,0,0,"785174,4265","5833859,713",13.20958367,52.57984219,1772.0
209653,11,11,11300616.0,2021,1,16,6,3,1,5,2,1,1,0,0,0,0,1,"802819,1604","5829686,554",13.46540278,52.5329073,5558.0
209652,11,5,5300840.0,2021,3,8,3,3,5,2,0,0,1,0,0,0,0,0,"789196,2757","5829300,288",13.26480126,52.53684355,2559.0
209651,11,10,10200418.0,2021,1,19,4,3,5,3,2,1,1,0,0,0,0,1,"811149,0515","5830928,109",13.58897617,52.53934242,7460.0
209650,11,8,8100311.0,2021,2,19,2,3,0,1,2,0,1,0,0,0,0,2,"800964,2642","5824742,893",13.43366915,52.48962354,5145.0
209649,11,11,11300721.0,2021,3,14,2,3,2,6,0,0,1,0,0,0,0,0,"805182,6741","5829579,173",13.50004045,52.53062678,6057.0
209648,11,7,7200411.0,2021,1,19,4,3,5,2,2,1,1,0,0,0,0,1,"795953,7127","5824319,655",13.35971421,52.48856903,4045.0
209647,11,7,7601546.0,2021,3,7,4,3,5,3,0,1,1,0,0,0,0,0,"798917,3931","5813343,962",13.39341777,52.38857064,4516.0
209646,11,5,5200420.0,2021,1,19,1,3,2,6,2,0,1,0,0,0,0,1,"782927,5584","5828585,116",13.17201644,52.53372191,1258.0
209645,11,8,8200624.0,2021,1,21,4,3,0,6,2,0,1,0,0,0,0,0,"800851,2172","5820567,692",13.428244,52.45226206,5034.0
209644,11,7,7400823.0,2021,1,16,4,3,5,2,2,1,1,0,0,0,0,1,"797341,8514","5821933,394",13.37797057,52.46642441,4238.0
209643,11,1,1300730.0,2021,2,9,3,3,3,6,0,0,1,0,0,0,0,0,"796664,5716","5831988,017",13.37699284,52.55692206,4265.0
209642,11,5,5200420.0,2021,3,10,3,3,5,3,0,0,1,0,0,0,1,0,"782559,8737","5828523,727",13.16655801,52.53336222,1158.0
209641,11,10,10100313.0,2021,3,16,4,2,5,2,0,1,1,0,0,0,0,0,"809479,5898","5831403,082",13.56488174,52.54454956,7061.0
209640,11,4,4501042.0,2021,2,9,4,3,2,6,0,0,1,0,0,0,1,1,"793708,2487","5825478,614",13.32776079,52.50017128,3548.0
209639,11,1,1300836.0,2021,3,8,3,3,5,3,0,0,1,0,0,0,0,0,"797155,626","5831080,556",13.38340263,52.54852005,4362.0
209638,11,1,1400942.0,2021,1,12,6,3,5,3,0,1,1,0,0,0,0,1,"795044,7149","5830699,563",13.35202367,52.54625218,3862.0
209637,11,8,8100417.0,2021,2,23,4,3,5,2,2,1,1,0,0,0,0,1,"802576,7974","5823079,417",13.45583674,52.47382243,5441.0
209636,11,7,7601544.0,2021,2,19,5,3,0,3,2,0,1,0,0,0,1,1,"799792,5679","5813977,225",13.40680608,52.39376889,4717.0
209635,11,11,11400927.0,2021,3,7,6,3,1,5,0,1,1,0,0,0,0,0,"803731,268","5826831,31",13.4762013,52.50680913,5750.0
209634,11,1,1401049.0,2021,2,5,1,3,9,1,2,0,0,0,0,0,1,0,"796060,0402","5831959,174",13.36807606,52.5569925,4165.0
209633,11,9,9301227.0,2021,2,17,4,3,0,1,1,1,0,0,0,0,0,0,"815363,8902","5814447,422",13.63534654,52.38924104,8116.0
209632,11,12,12100205.0,2021,1,16,7,3,5,2,2,0,1,0,0,0,0,1,"794839,3814","5833053,04",13.35109497,52.56746034,3868.0
209631,11,3,3300516.0,2021,3,8,3,3,6,4,0,0,1,1,0,0,0,0,"800786,5185","5833538,155",13.43901626,52.56855523,5168.0
209630,11,4,4501045.0,2021,3,7,6,3,2,6,0,0,1,0,1,0,0,1,"794223,4799","5825389,686",13.33525052,52.49909654,3648.0
209629,11,10,10200421.0,2021,3,11,7,3,6,7,0,0,0,1,0,0,1,0,"812132,797","5830835,633",13.60334725,52.53795119,7659.0
209628,11,10,10200423.0,2021,2,15,6,3,6,4,0,0,1,1,0,0,0,0,"813194,7213","5831259,275",13.61935262,52.54113819,7860.0
209627,11,5,5100206.0,2021,1,8,6,3,5,3,1,1,1,0,0,0,0,1,"781899,0854","5831952,879",13.1597533,52.56445165,1067.0
209626,11,4,4300517.0,2021,1,14,2,2,2,6,0,0,1,0,0,0,0,1,"791630,005","5827942,567",13.29939123,52.52337492,3155.0
209625,11,6,6300528.0,2021,1,14,3,2,4,6,0,0,1,0,0,0,1,0,"790579,5424","5816027,365",13.27357321,52.41711411,2724.0
209624,11,2,2500833.0,2021,2,11,7,3,0,3,0,0,1,0,1,0,0,0,"802711,9738","5826981,332",13.46136556,52.50872026,5551.0
209623,11,4,4501042.0,2021,3,16,3,3,6,7,0,0,1,1,0,0,0,0,"793644,1414","5825481,239",13.32682142,52.50022931,3548.0
209622,11,9,9100409.0,2021,1,14,3,3,5,2,0,0,1,0,0,0,0,0,"806173,0391","5818733,593",13.50463509,52.43286941,6129.0
209621,11,8,8300934.0,2021,2,16,3,3,2,2,1,0,1,0,0,0,0,2,"803582,034","5818144,418",13.46610578,52.4290327,5527.0
209620,11,6,6100209.0,2021,2,12,5,3,5,2,0,0,1,0,1,0,0,0,"794414,4436","5821504,932",13.33462495,52.46416882,3638.0
209619,11,4,4501045.0,2021,1,11,2,3,5,2,0,1,0,0,0,0,1,1,"793913,8103","5825506,457",13.3308049,52.5003102,3548.0
209618,11,11,11200410.0,2021,3,7,4,3,6,2,0,0,1,1,0,0,0,0,"804972,4448","5833019,739",13.50011,52.56158016,6066.0
209617,11,6,6300525.0,2021,1,10,6,3,7,7,0,1,0,0,0,0,0,0,"789131,7671","5815311,466",13.25172606,52.41146243,2322.0
209616,11,3,3300412.0,2021,3,15,2,3,6,4,0,0,1,1,0,0,0,1,"801792,5409","5838286,06",13.45813952,52.61055324,5481.0
209615,11,6,6100209.0,2021,1,17,3,3,5,2,2,0,1,0,0,0,0,1,"794309,0473","5820843,171",13.33249454,52.45829322,3536.0
209614,11,1,1100102.0,2021,1,18,3,3,5,3,2,0,1,0,0,0,0,1,"796635,8383","5826669,199",13.37182353,52.5092602,4151.0
209613,11,8,8200831.0,2021,2,14,2,3,5,3,0,1,1,0,0,0,0,0,"799983,0875","5816612,685",13.41195835,52.41728803,4724.0
209612,11,5,5100313.0,2021,3,15,3,3,2,6,0,1,0,0,0,0,1,0,"785399,9131","5830327,434",13.2098638,52.54805426,1762.0
209611,11,6,6200313.0,2021,3,13,5,3,2,2,0,0,1,0,0,0,0,0,"795355,6729","5818450,59",13.34573842,52.43628057,3730.0
209610,11,12,12200412.0,2021,2,20,5,3,6,4,2,0,0,1,0,0,1,2,"790897,309","5834325,629",13.29421508,52.58098974,3072.0
209609,11,7,7100102.0,2021,2,14,6,3,1,5,0,1,1,0,0,0,0,0,"794973,8209","5825107,048",13.34602164,52.49615782,3847.0
209608,11,4,4400835.0,2021,1,19,3,2,6,4,2,0,1,1,0,0,0,1,"792990,832","5822304,401",13.31443203,52.47210109,3340.0
209607,11,4,4500939.0,2021,3,13,5,3,0,2,0,1,1,0,0,0,0,0,"792028,8895","5824087,505",13.30187217,52.48860152,3145.0
209606,11,1,1200517.0,2021,2,14,2,3,2,6,0,0,1,0,0,0,0,0,"793860,6703","5830041,275",13.33403063,52.54099098,3660.0
209605,11,1,1400940.0,2021,2,11,7,3,0,7,0,0,1,0,0,0,1,1,"794727,7519","5831802,833",13.34834231,52.55631369,3865.0
209604,11,2,2100105.0,2021,1,10,5,3,0,1,0,1,0,0,0,0,0,0,"799322,2726","5825724,159",13.41043977,52.49932195,4748.0
209603,11,8,8100206.0,2021,1,15,4,3,5,2,0,0,1,0,1,0,0,1,"800619,7233","5823777,607",13.42773944,52.48116118,5043.0
209602,11,1,1300733.0,2021,3,14,5,3,5,7,0,0,1,0,0,0,1,0,"797715,3242","5831855,019",13.39232694,52.55515652,4464.0
209601,11,4,4501153.0,2021,2,17,3,3,3,6,0,0,1,0,1,0,0,0,"793947,3313","5823099,044",13.32917372,52.47871084,3542.0
209600,11,6,6200313.0,2021,3,15,3,2,5,2,0,0,1,0,1,0,0,0,"795521,518","5818642,475",13.34834061,52.43791112,3830.0
209599,11,7,7601339.0,2021,3,14,6,3,1,7,0,1,1,0,0,0,0,0,"795703,0615","5815372,17",13.34811285,52.40849669,3821.0
209598,11,1,1300834.0,2021,2,17,3,3,3,6,2,0,1,0,0,0,0,1,"798050,2594","5830034,201",13.39561856,52.53865216,4560.0
209597,11,4,4501045.0,2021,3,12,3,3,5,2,0,0,1,0,0,0,0,0,"793965,6766","5824958,647",13.33108328,52.49537143,3547.0
209596,11,1,1100308.0,2021,1,10,7,3,6,4,0,0,0,1,0,0,1,1,"797320,0459","5829006,478",13.38396439,52.52983874,4357.0
209595,11,8,8401243.0,2021,2,13,5,2,1,7,0,0,1,1,0,0,0,1,"805596,5032","5817384,082",13.49494808,52.42109664,6025.0
209594,11,7,7601236.0,2021,3,11,6,3,5,2,0,0,1,0,0,0,1,0,"797200,8724","5817146,337",13.37164322,52.4235896,4126.0
209593,11,1,1100308.0,2021,2,19,4,3,9,1,2,0,1,0,0,0,0,0,"796755,6826","5829662,651",13.37625512,52.53602814,4259.0
209592,11,8,8100206.0,2021,1,13,6,3,0,7,0,0,1,0,1,0,0,0,"800345,983","5824271,188",13.42416536,52.48573597,4944.0
209591,11,8,8401245.0,2021,3,17,5,3,5,2,2,0,1,0,0,0,1,1,"806755,0211","5815623,779",13.51031819,52.40467189,6220.0
209590,11,4,4300622.0,2021,1,3,5,3,1,1,2,0,1,0,0,0,1,1,"793200,4777","5827266,757",13.32187704,52.51647433,3453.0
209589,11,6,6100101.0,2021,3,15,2,3,2,2,0,0,1,0,0,0,0,0,"793514,8298","5820648,503",13.32066795,52.45697521,3436.0
209588,11,1,1100308.0,2021,2,9,6,3,5,3,0,1,1,0,0,0,0,1,"796646,7684","5829048,065",13.37410554,52.53057832,4257.0
209587,11,1,1100308.0,2021,2,19,7,3,2,6,2,0,1,0,0,0,0,0,"797364,0458","5828955,485",13.38456549,52.52935764,4357.0
209586,11,11,11200410.0,2021,1,14,7,3,2,6,0,0,1,0,0,0,1,0,"805287,0671","5832070,127",13.50386352,52.55289314,6164.0
209585,11,7,7601339.0,2021,1,7,2,3,5,2,1,0,1,0,1,0,0,2,"795809,584","5816028,171",13.35025395,52.41431981,3823.0
209584,11,2,2400521.0,2021,1,14,3,3,5,3,0,1,1,0,0,0,0,0,"801250,9189","5827845,047",13.44068485,52.51727064,5253.0
209583,11,8,8100417.0,2021,2,16,6,3,5,2,0,0,1,0,0,0,1,0,"802220,1894","5822714,593",13.45027192,52.4707499,5340.0
209582,11,9,9301227.0,2021,3,15,2,3,6,7,0,0,1,1,0,0,0,0,"815321,4262","5814196,677",13.63448877,52.38701856,8015.0
209581,11,6,6100102.0,2021,1,15,3,2,6,7,0,0,1,1,0,0,0,0,"793671,634","5820871,042",13.3231648,52.45888596,3436.0
209580,11,1,1300733.0,2021,2,9,5,3,5,2,0,1,1,0,0,0,0,1,"797120,6405","5831804,709",13.38353622,52.55503029,4364.0
209579,11,6,6400844.0,2021,3,10,7,2,0,7,0,1,1,0,0,0,0,0,"791813,4028","5821400,172",13.29635601,52.46462501,3038.0
209578,11,4,4200308.0,2021,2,13,4,3,2,6,0,0,1,0,0,0,1,0,"789842,8267","5827383,917",13.27263657,52.51931954,2754.0
209577,11,6,6100209.0,2021,1,18,1,3,1,1,2,0,1,0,0,0,0,1,"794108,3437","5821534,73",13.33015852,52.4646008,3538.0
209576,11,2,2400623.0,2021,3,15,6,3,5,3,0,1,1,0,0,0,0,1,"801240,6865","5827686,87",13.4403913,52.51585852,5253.0
209575,11,2,2300419.0,2021,3,15,6,3,0,7,0,0,0,0,0,0,1,0,"801517,991","5825996,727",13.44293461,52.50055632,5248.0
209574,11,2,2300314.0,2021,3,18,7,3,1,5,2,1,1,0,0,0,0,0,"799870,337","5825993,396",13.41873172,52.50143436,4849.0
209573,11,9,9401534.0,2021,2,8,7,3,0,1,0,1,0,0,0,0,0,0,"811255,8046","5820225,535",13.58054827,52.44337138,7232.0
209572,11,8,8100521.0,2021,1,7,5,2,6,4,2,0,0,1,0,1,0,1,"803262,118","5822044,124",13.46495474,52.46416314,5538.0
209571,11,2,2100102.0,2021,1,19,7,3,5,3,2,0,1,0,0,0,1,0,"798213,0041","5826240,701",13.39460988,52.50455939,4550.0
209570,11,3,3601142.0,2021,1,9,4,2,0,3,0,0,1,0,0,0,1,1,"799198,482","5831108,937",13.41346593,52.5476563,4862.0
209569,11,8,8200623.0,2021,2,14,7,3,5,2,0,0,1,0,0,0,0,0,"802470,5212","5820710,898",13.45213038,52.45265206,5334.0
209568,11,4,4300416.0,2021,3,15,3,3,1,5,0,1,1,0,0,0,0,0,"791930,5161","5826202,011",13.30228083,52.50761036,3150.0
209567,11,3,3200207.0,2021,1,10,3,3,4,1,0,0,1,0,0,0,0,2,"799699,8611","5836405,151",13.42562384,52.59485217,4976.0
209566,11,10,10200421.0,2021,2,18,5,3,6,4,2,0,1,1,0,0,0,1,"812377,3075","5830961,136",13.60705861,52.53893574,7660.0
209565,11,3,3601449.0,2021,2,11,5,3,5,3,0,1,1,0,0,0,0,0,"802090,4336","5830587,185",13.45551096,52.54138397,5460.0
209564,11,8,8401242.0,2021,1,16,2,3,3,6,1,0,1,0,0,0,0,0,"805264,2933","5817240,811",13.48994727,52.41999794,5925.0
209563,11,2,2300316.0,2021,3,13,4,3,5,7,0,1,1,0,0,0,0,0,"800536,0949","5826318,97",13.42880402,52.50398633,5049.0
209562,11,9,9200819.0,2021,1,6,6,3,2,6,2,0,1,0,0,0,0,0,"810040,1595","5819480,63",13.56202911,52.43738629,7030.0
209561,11,2,2400624.0,2021,1,17,2,3,5,3,2,0,1,0,0,0,1,1,"801895,5673","5826858,361",13.44926132,52.50807045,5351.0
209560,11,12,12100204.0,2021,1,12,4,3,2,6,0,0,1,0,0,0,0,0,"795393,2439","5832477,963",13.35873088,52.56200506,3966.0
209559,11,7,7400826.0,2021,2,13,1,3,5,3,0,0,1,0,0,0,1,0,"797382,0993","5820513,187",13.3772961,52.45367178,4235.0
209558,11,10,10100311.0,2021,3,11,3,3,2,6,0,0,1,0,1,0,0,0,"806364,2599","5830200,304",13.51797712,52.5355307,6359.0
209557,11,4,4501146.0,2021,3,15,4,3,5,3,0,0,1,0,0,0,0,0,"792749,0574","5824123,448",13.31247992,52.48853803,3345.0
209556,11,10,10100312.0,2021,2,8,6,3,6,6,0,0,1,1,0,0,0,2,"808273,9092","5828852,871",13.54479356,52.52237848,6755.0
209555,11,1,1300732.0,2021,2,17,7,3,6,4,1,0,1,1,0,0,0,0,"797665,777","5832141,843",13.3918555,52.55775459,4465.0
209554,11,7,7400927.0,2021,1,18,4,3,5,2,2,0,1,0,0,0,0,1,"798898,8125","5821215,157",13.40017836,52.45913681,4636.0
209553,11,5,5100316.0,2021,2,17,3,3,2,6,2,0,1,0,0,0,0,1,"784229,702","5828947,789",13.19147217,52.53629614,1559.0
209552,11,8,8100206.0,2021,2,20,6,3,2,7,2,0,1,0,0,0,1,2,"800692,4819","5823953,032",13.42896582,52.48269351,5043.0
209551,11,7,7601340.0,2021,1,19,3,3,6,2,2,0,1,1,0,0,0,1,"796152,9256","5815941,042",13.3552103,52.41335311,3923.0
209550,11,3,3601449.0,2021,3,14,6,3,5,2,0,1,1,0,0,0,0,0,"801903,8822","5830586,546",13.45276798,52.54148164,5360.0
209549,11,11,11200411.0,2021,2,17,3,3,5,3,0,0,1,0,0,0,0,0,"804821,3438","5831618,87",13.49660153,52.54910961,6063.0
209548,11,1,1100102.0,2021,1,20,7,3,2,6,2,0,1,0,0,0,1,1,"795192,5654","5827241,793",13.35112726,52.51517596,3853.0
209547,11,2,2100102.0,2021,3,7,3,3,2,3,0,0,1,0,0,0,0,0,"798336,5494","5825557,555",13.39581267,52.49836832,4548.0
209546,11,5,5200633.0,2021,3,5,5,3,8,1,2,0,1,0,0,0,0,1,"784049,0086","5827145,393",13.18727533,52.52022985,1454.0
209545,11,7,7501031.0,2021,3,9,6,3,2,6,0,0,1,0,0,1,0,1,"798964,1505","5819571,116",13.39966548,52.44436432,4532.0
209544,11,5,5200423.0,2021,2,16,3,3,5,3,0,0,1,0,0,0,0,1,"780871,3005","5828315,856",13.14155397,52.53237115,758.0
209543,11,8,8100310.0,2021,3,16,3,3,6,4,0,0,1,1,0,0,0,0,"800376,2112","5825114,548",13.42536935,52.49327871,4946.0
209542,11,7,7400927.0,2021,1,17,6,3,5,2,2,0,1,0,0,0,0,1,"798897,8786","5821214,877",13.4001644,52.45913481,4636.0
209541,11,1,1100310.0,2021,2,10,4,2,1,5,0,1,0,0,0,0,1,0,"798924,9066","5828542,692",13.40713512,52.52480391,4755.0
209540,11,5,5200423.0,2021,3,21,6,3,1,5,2,0,1,0,0,0,0,0,"782047,6924","5828230,094",13.15877799,52.53099467,1057.0
209539,11,11,11300722.0,2021,2,11,5,3,5,3,0,0,1,0,0,0,1,0,"804248,1591","5828685,778",13.48548918,52.52314203,5855.0
209538,11,12,12100102.0,2021,1,20,1,3,5,3,2,0,1,0,0,0,0,1,"796291,9816","5833216,793",13.37261029,52.56813954,4168.0
209537,11,11,11100308.0,2021,3,18,6,3,2,6,0,0,1,0,0,0,0,0,"804656,4447","5833347,173",13.49576341,52.56469164,6067.0
209536,11,5,5200423.0,2021,3,12,7,2,6,7,0,0,1,1,0,0,0,1,"782001,7686","5828380,451",13.15823034,52.53236661,1058.0
209535,11,4,4200207.0,2021,1,15,1,3,4,6,0,1,1,0,0,0,0,0,"786790,6643","5825324,945",13.22600342,52.50247322,2049.0
209534,11,2,2300314.0,2021,1,6,2,3,6,4,2,0,1,1,0,0,0,1,"799855,461","5825832,519",13.41836837,52.50000052,4848.0
209533,11,10,10200630.0,2021,2,22,1,3,0,1,2,0,1,0,1,0,0,0,"811513,5506","5828657,174",13.59220556,52.51878378,7454.0
209532,11,4,4501148.0,2021,3,22,2,3,9,1,2,0,1,0,0,0,0,0,"793113,0601","5822994,067",13.31683246,52.47821817,3342.0
209531,11,6,6100206.0,2021,1,12,4,3,5,3,0,0,1,0,0,0,0,1,"794147,262","5819464,906",13.32890638,52.44602475,3532.0
209530,11,3,3500934.0,2021,2,13,4,3,5,3,0,0,1,0,0,0,0,1,"801056,178","5832019,637",13.44160524,52.55479559,5264.0
209529,11,4,4200206.0,2021,2,5,6,2,6,4,2,0,0,1,0,1,0,1,"786219,2818","5825990,991",13.21818126,52.50874488,1951.0
209528,11,1,1100207.0,2021,1,9,4,3,5,3,0,0,1,0,0,0,0,1,"797903,8892","5826568,669",13.39036263,52.50766808,4450.0
209527,11,4,4501150.0,2021,3,9,4,3,1,5,0,1,1,0,0,0,0,0,"793612,9088","5823693,797",13.32478747,52.48422246,3444.0
209526,11,4,4100101.0,2021,2,18,6,3,6,2,2,0,0,1,0,0,1,2,"790698,1424","5829206,252",13.28679995,52.53520147,2959.0
209525,11,4,4501043.0,2021,1,14,2,2,6,4,0,0,0,1,0,0,1,1,"792561,8694","5824715,22",13.31025053,52.49394347,3246.0
209524,11,6,6200311.0,2021,1,7,3,3,6,2,1,0,1,1,0,0,0,1,"795734,9793","5818923,278",13.35172014,52.44031295,3831.0
209523,11,7,7100103.0,2021,2,15,2,3,2,6,0,0,1,0,0,0,0,0,"795987,4966","5825360,408",13.36113493,52.49788018,4048.0
209522,11,6,6400843.0,2021,3,11,2,2,2,2,0,0,1,0,1,0,0,0,"791783,8234","5819650,211",13.29439249,52.44895242,3033.0
209521,11,2,2200208.0,2021,3,17,4,3,5,2,0,1,1,0,0,0,0,0,"797815,34","5824933,342",13.38759939,52.49305767,4446.0
209520,11,5,5100315.0,2021,2,19,2,3,5,3,2,0,1,0,0,0,0,1,"784416,6867","5829920,568",13.19505436,52.54492055,1561.0
209519,11,3,3601140.0,2021,2,18,1,3,6,4,2,0,0,1,0,0,1,0,"798663,9483","5831824,127",13.40624971,52.55436023,4664.0
209518,11,9,9401432.0,2021,1,18,5,3,2,6,2,0,1,0,0,0,0,1,"812133,2135","5820708,759",13.59386693,52.44720164,7433.0
209517,11,4,4300619.0,2021,2,17,3,3,6,2,2,0,1,1,0,0,0,1,"792979,0346","5827553,064",13.31887511,52.51915997,3354.0
209516,11,8,8401139.0,2021,2,10,3,3,5,2,0,0,1,0,0,0,0,2,"803570,1655","5818642,711",13.46638412,52.43350548,5529.0
209515,11,1,1100311.0,2021,2,16,5,3,2,6,0,0,1,0,0,0,0,0,"799982,9352","5828516,011",13.42265946,52.52398366,4955.0
209514,11,3,3601450.0,2021,1,20,2,3,2,6,2,0,1,0,0,0,0,0,"802034,36","5829632,433",13.45381891,52.53285765,5458.0
209513,11,5,5100210.0,2021,3,16,4,3,5,3,0,0,1,0,0,0,0,0,"783824,0827","5830142,388",13.1865286,52.54721847,1462.0
209512,11,8,8200623.0,2021,1,16,6,3,0,6,1,0,1,0,0,0,0,0,"801609,1943","5820670,287",13.43945703,52.45276397,5134.0
209511,11,2,2100102.0,2021,2,19,6,3,6,4,2,0,1,1,0,0,0,2,"798242,5542","5826120,407",13.3949362,52.50346495,4549.0
209510,11,5,5200629.0,2021,1,11,3,3,5,2,0,1,0,0,0,0,1,1,"784659,7556","5828460,075",13.19737786,52.53169883,1558.0
209509,11,10,10100102.0,2021,1,19,3,2,0,1,2,1,0,0,0,0,0,2,"809702,2846","5834119,263",13.57068933,52.56876409,7168.0
209508,11,4,4100101.0,2021,2,16,1,2,5,2,0,0,1,0,0,0,1,0,"791664,8217","5830679,32",13.30230482,52.54789073,3162.0
209507,11,4,4501153.0,2021,3,14,2,2,2,2,0,1,1,0,0,0,0,1,"794199,2575","5823112,306",13.3328842,52.47869407,3642.0
209506,11,1,1300733.0,2021,3,18,3,2,6,4,2,0,1,1,0,0,0,0,"797322,7944","5831227,627",13.38599239,52.54974715,4363.0
209505,11,7,7501029.0,2021,2,14,1,3,6,4,0,0,1,1,0,0,0,1,"797665,5012","5819360,079",13.38042686,52.44318108,4332.0
209504,11,1,1200517.0,2021,3,12,2,2,6,4,0,0,0,1,0,0,1,0,"795355,7966","5829851,49",13.35584383,52.53848137,3959.0
209503,11,1,1200520.0,2021,1,22,3,3,0,1,2,1,0,0,0,0,0,1,"794539,3991","5829205,079",13.34326853,52.53312863,3758.0
209502,11,1,1300732.0,2021,1,21,1,3,0,2,2,0,0,0,1,0,1,2,"797712,66","5832891,076",13.39321719,52.56444484,4567.0
209501,11,11,3500936.0,2021,2,10,7,3,2,1,0,0,1,0,0,0,0,2,"802856,4597","5831193,58",13.46732461,52.54639375,5662.0
209500,11,5,5100211.0,2021,1,10,5,3,6,2,0,0,1,1,0,0,0,0,"783238,7748","5830269,909",13.17802879,52.54866649,1362.0
209499,11,9,9200512.0,2021,3,12,6,3,5,7,0,0,1,0,0,0,1,0,"808594,0254","5821648,039",13.54282505,52.45762846,6736.0
209498,11,1,1100310.0,2021,2,8,3,3,5,2,0,1,1,0,0,0,0,0,"799110,5655","5828465,99",13.40979455,52.52401456,4755.0
209497,11,4,4501150.0,2021,1,18,7,3,2,6,2,0,1,0,0,0,0,1,"793429,771","5823929,006",13.32230534,52.48642948,3444.0
209496,11,3,3400620.0,2021,3,6,4,3,5,2,0,0,1,0,0,0,0,0,"796762,127","5834005,493",13.38023233,52.5749532,4370.0
209495,11,4,4300624.0,2021,3,12,6,3,0,6,0,0,0,0,0,1,1,0,"792752,655","5826109,201",13.31427809,52.5063378,3350.0
209494,11,2,2200213.0,2021,3,18,1,3,3,6,1,1,1,0,0,0,0,0,"800053,9115","5824928,625",13.42046892,52.49178946,4946.0
209493,11,9,9100305.0,2021,2,10,3,3,5,2,0,0,1,0,0,0,1,1,"805013,875","5822699,212",13.49125898,52.46905944,5939.0
209492,11,2,2400521.0,2021,3,5,3,3,5,2,2,1,1,0,0,0,0,0,"800939,3721","5828520,227",13.43671819,52.5234944,5155.0
209491,11,1,1200522.0,2021,1,17,6,2,5,2,2,1,1,0,0,0,0,1,"793984,1336","5828213,923",13.33422966,52.52454328,3655.0
209490,11,6,6100205.0,2021,2,15,4,3,5,3,0,0,1,0,1,0,0,1,"795867,206","5819268,978",13.35396582,52.4433404,3932.0
209489,11,1,1400938.0,2021,3,1,6,3,8,1,2,0,1,0,0,0,0,1,"793710,1931","5830572,761",13.33228813,52.54583658,3562.0
209488,11,1,1300834.0,2021,2,19,4,3,5,3,2,0,1,0,1,0,0,0,"797833,6564","5830458,113",13.39281433,52.5425704,4461.0
209487,11,10,10100313.0,2021,1,1,1,3,9,1,2,0,1,0,0,0,0,1,"808377,9333","5831035,342",13.5483465,52.54187857,6860.0
209486,11,5,5300840.0,2021,3,7,5,3,0,1,0,0,0,0,1,0,0,1,"788192,0614","5829379,407",13.25010501,52.53808486,2359.0
209485,11,5,5200528.0,2021,3,11,7,2,2,6,0,0,1,0,0,0,0,1,"783110,4013","5826827,455",13.17320831,52.51786726,1253.0
209484,11,3,3601142.0,2021,2,7,6,3,5,2,0,1,1,0,0,0,0,0,"799178,6275","5831110,501",13.41317541,52.54768123,4762.0
209483,11,2,2200209.0,2021,3,18,2,2,6,4,1,0,1,1,0,0,0,0,"797279,9061","5824517,997",13.37936554,52.48962641,4245.0
209482,11,1,1100205.0,2021,1,18,2,3,6,7,2,1,0,1,0,0,0,0,"797045,9985","5826572,611",13.37776313,52.5081712,4251.0
209481,11,5,5400943.0,2021,1,0,4,2,9,1,2,0,1,0,0,0,0,2,"779667,587","5821367,567",13.11801888,52.47068534,440.0
209480,11,1,1401049.0,2021,2,6,2,3,5,7,2,1,1,0,0,0,0,0,"796350,1661","5831860,917",13.37225532,52.55595393,4165.0
209479,11,10,10200421.0,2021,3,8,3,3,5,3,0,0,1,0,0,0,1,0,"812039,138","5830713,106",13.60185576,52.53690684,7659.0
209478,11,1,1401046.0,2021,1,15,4,3,6,4,0,1,0,1,0,0,0,0,"794927,2694","5829890,183",13.34957816,52.53906031,3860.0
209477,11,2,2100106.0,2021,2,12,6,3,2,6,0,0,1,0,0,0,0,1,"799981,9793","5825438,287",13.41987153,52.49639732,4847.0
209476,11,4,4501042.0,2021,3,1,2,3,0,1,2,0,0,0,1,0,0,0,"794111,9276","5826426,414",13.33452773,52.50845037,3651.0
209475,11,7,7200308.0,2021,1,17,4,3,6,2,2,0,0,1,0,0,1,1,"794544,9075","5823904,73",13.33865911,52.48561139,3644.0
209474,11,8,8100418.0,2021,3,11,4,3,5,3,0,0,1,0,0,0,1,0,"802051,2833","5823575,159",13.4485722,52.47855668,5342.0
209473,11,3,3200205.0,2021,1,3,1,3,9,1,2,0,1,0,0,0,0,2,"797168,075","5835657,435",13.38768625,52.58953922,4474.0