ObjectID,State,District,LOR_ab_2021,AccidentYear,AccidentMonth,AccidentHour,DayOfWeek,AccidentCategory,AccidentType,AccidentTypeDetail,LightingCondition,InvolvingBike,InvolvingCar,InvolvingPedestrian,InvolvingMotorcycle,InvolvingHGV,InvolvingOther,RoadCondition,GraphicCoord1,GraphicCoord2,LongitudeWGS84,LatitudeWGS84,quadrant
209472,11,6,6200421.0,2021,2,18,6,3,5,3,2,0,1,0,0,0,0,1,"793132,1829","5817598,877",13.31237719,52.42984132,3328.0
209471,11,1,1100311.0,2021,1,16,4,3,5,2,1,1,1,0,0,0,0,0,"799581,6859","5828045,312",13.41633898,52.5199852,4854.0
209470,11,2,2100102.0,2021,1,7,5,3,6,2,1,0,1,1,0,0,0,1,"798094,827","5826212,336",13.39284853,52.50436971,4450.0
209469,11,8,8100208.0,2021,2,18,3,3,5,3,2,0,1,0,0,0,0,0,"801360,9668","5822930,767",13.43785621,52.47316219,5140.0
209468,11,4,4300622.0,2021,3,11,2,3,2,6,0,0,1,0,0,0,0,0,"793109,9161","5826938,434",13.32025703,52.51357973,3452.0
209467,11,12,12500930.0,2021,3,19,4,2,5,2,2,0,1,0,1,0,0,0,"793947,116","5835296,537",13.33995776,52.58805421,3774.0
209466,11,12,12400721.0,2021,2,5,4,3,6,4,2,0,1,1,0,0,0,1,"790210,44","5840080,269",13.28915293,52.63294606,2987.0
209465,11,8,8100312.0,2021,3,11,2,3,2,7,0,0,1,0,1,0,0,0,"801167,9846","5824123,831",13.43610112,52.48396238,5144.0
209464,11,8,8100313.0,2021,1,19,6,3,1,5,2,1,0,0,0,0,1,0,"801681,6764","5824557,986",13.44403587,52.48757021,5245.0
209463,11,3,3400829.0,2021,2,11,3,2,5,3,0,0,1,0,0,0,0,1,"799657,4444","5832809,522",13.42174927,52.56264696,4967.0
209462,11,4,4300416.0,2021,3,10,6,3,5,3,0,0,1,0,1,0,0,0,"791753,4961","5826431,161",13.29988086,52.50975935,3151.0
209461,11,11,10100205.0,2021,2,14,5,3,5,3,0,1,1,0,0,0,0,0,"807663,522","5833599,355",13.54022147,52.5652608,6667.0
209460,11,1,1100310.0,2021,1,21,7,3,0,1,2,0,0,0,1,0,0,2,"798761,8801","5828210,212",13.40444063,52.52191305,4655.0
209459,11,9,9501940.0,2021,3,16,4,2,6,4,0,0,1,1,0,0,0,1,"811429,0214","5821578,199",13.58434959,52.45539465,7335.0
209458,11,3,3100101.0,2021,3,14,6,3,2,6,0,0,1,0,0,0,0,0,"802777,4804","5841683,787",13.47575289,52.64045789,5789.0
209457,11,9,9200510.0,2021,2,16,6,3,5,7,1,0,0,0,0,0,1,1,"806767,148","5823078,653",13.51733751,52.47147848,6340.0
209456,11,4,4501041.0,2021,3,11,2,3,5,7,0,1,0,0,0,0,1,0,"793023,8889","5825754,985",13.31795116,52.50301677,3349.0
209455,11,6,6200422.0,2021,2,12,7,2,4,6,0,0,1,0,0,0,0,0,"794188,6108","5816823,464",13.32718866,52.42232295,3526.0
209454,11,5,5200632.0,2021,1,18,1,3,5,2,2,0,1,0,0,0,0,1,"785641,7207","5828031,792",13.21144674,52.52734519,1856.0
209453,11,11,11100203.0,2021,1,11,7,3,6,4,0,0,1,1,0,0,0,0,"806685,0326","5834004,918",13.5262058,52.56944753,6469.0
209452,11,1,1300733.0,2021,2,18,4,3,2,6,2,0,1,0,0,0,0,1,"797064,2106","5831460,163",13.38239804,52.55197264,4363.0
209451,11,2,2500833.0,2021,3,20,2,3,5,2,2,0,1,0,1,0,0,0,"802833,5683","5826936,15",13.46311061,52.50824781,5551.0
209450,11,2,2500833.0,2021,2,18,4,3,5,3,2,0,1,0,0,0,0,2,"802057,547","5827162,652",13.45191684,52.51070817,5351.0
209449,11,3,3400827.0,2021,2,17,5,3,1,7,2,0,1,0,1,0,0,0,"799183,9237","5832355,055",13.41437483,52.55883378,4865.0
209448,11,3,3300516.0,2021,1,6,2,3,6,4,2,0,1,1,0,0,0,0,"800154,8412","5833852,163",13.43000844,52.57171841,5069.0
209447,11,1,1100207.0,2021,1,17,5,2,6,4,2,0,1,1,0,0,0,1,"798842,8031","5827283,586",13.40479744,52.51356282,4652.0
209446,11,5,5200423.0,2021,3,12,5,3,2,6,0,0,1,0,0,1,0,0,"781189,937","5828371,795",13.14628635,52.53270843,858.0
209445,11,1,1100206.0,2021,3,19,7,3,0,6,2,1,1,0,0,0,0,0,"798214,9232","5827832,953",13.39606482,52.51883082,4554.0
209444,11,3,3100101.0,2021,2,11,5,3,5,2,0,0,1,0,0,0,0,0,"803718,8255","5842300,318",13.49018872,52.64545774,5991.0
209443,11,11,11401137.0,2021,1,14,5,2,5,3,0,1,1,0,0,0,0,0,"807019,2811","5825790,736",13.52353545,52.49564307,6447.0
209442,11,12,12500825.0,2021,3,15,4,3,5,3,0,1,1,0,0,0,0,1,"791419,1955","5834293,731",13.30186752,52.58042452,3172.0
209441,11,12,12100205.0,2021,3,17,5,3,2,6,0,0,1,0,0,0,1,1,"794559,1058","5832994,145",13.34691945,52.56708412,3868.0
209440,11,8,8200623.0,2021,3,12,1,2,2,6,0,0,1,0,0,0,0,0,"801487,5423","5820853,912",13.43783801,52.45447696,5135.0
209439,11,7,7601546.0,2021,2,18,3,3,8,1,2,0,1,0,0,0,0,1,"798609,8672","5814279,572",13.38974586,52.3971251,4418.0
209438,11,8,8300934.0,2021,1,18,2,3,6,2,2,0,1,1,0,0,0,1,"803170,0514","5818441,369",13.46033412,52.43192273,5528.0
209437,11,4,4501043.0,2021,3,14,3,3,5,2,0,0,1,0,0,0,0,0,"792926,2073","5824391,464",13.31531707,52.49084569,3346.0
209436,11,7,7601339.0,2021,1,11,2,3,5,3,0,0,1,0,0,0,0,1,"795613,2326","5815766,278",13.34714409,52.41207816,3823.0
209435,11,4,4500936.0,2021,2,10,4,3,5,2,0,0,1,0,0,0,0,1,"792089,4425","5825772,192",13.3042387,52.50367206,3149.0
209434,11,4,4501153.0,2021,3,14,6,3,6,2,0,0,1,1,0,0,0,0,"793930,4444","5823431,91",13.32921923,52.48170392,3543.0
209433,11,6,6300524.0,2021,2,16,4,3,2,6,0,0,1,0,0,0,0,2,"787608,8726","5817000,642",13.23085005,52.42740949,2027.0
209432,11,5,5300737.0,2021,2,12,6,3,0,1,0,0,0,0,1,0,0,0,"787052,2854","5829360,715",13.23333001,52.53851887,2160.0
209431,11,7,7100102.0,2021,1,8,3,3,5,2,0,1,1,0,0,0,0,1,"795015,1511","5825657,233",13.34711602,52.50106751,3849.0
209430,11,11,11200410.0,2021,3,15,5,3,2,6,0,0,1,0,0,0,0,0,"804993,628","5833017,619",13.50041958,52.56154929,6066.0
209429,11,12,12500926.0,2021,1,12,6,3,5,7,0,0,1,0,0,0,0,0,"792960,8905","5835533,57",13.32565153,52.5907111,3475.0
209428,11,8,8100415.0,2021,3,11,1,3,2,6,0,0,1,0,0,0,0,1,"801669,2189","5823746,089",13.44311824,52.48029993,5242.0
209427,11,5,5300840.0,2021,1,14,2,3,1,5,0,0,1,0,1,0,0,1,"788100,7709","5829036,618",13.24846554,52.53505989,2358.0
209426,11,5,5300737.0,2021,1,7,4,3,2,2,2,0,1,0,0,0,0,1,"786952,437","5829594,836",13.23206406,52.54067049,2160.0
209425,11,8,8401246.0,2021,2,13,1,2,5,2,0,1,1,0,0,0,0,0,"805810,7417","5816833,2",13.49758532,52.41603963,6024.0
209424,11,12,12400619.0,2021,3,17,1,3,0,1,0,0,0,0,1,0,0,0,"789497,7864","5836128,185",13.27519329,52.59789615,2777.0
209423,11,1,1100310.0,2021,1,8,5,3,5,3,1,1,1,0,0,0,0,1,"799525,5107","5827559,66",13.4150763,52.51566293,4853.0
209422,11,8,8200730.0,2021,2,20,2,3,1,5,2,0,1,0,0,0,0,2,"802448,1968","5818958,007",13.45021616,52.43695301,5330.0
209421,11,1,1200623.0,2021,3,18,2,3,0,4,2,1,0,1,0,0,0,0,"794989,1328","5828898,447",13.34960743,52.53013669,3857.0
209420,11,7,7300618.0,2021,1,15,4,3,6,7,1,0,0,1,1,0,0,1,"794424,5632","5822207,981",13.33539383,52.47046585,3640.0
209419,11,11,11400931.0,2021,3,14,4,3,5,2,0,1,1,0,0,0,0,0,"806444,6849","5826869,493",13.51609072,52.50563408,6350.0
209418,11,12,12400721.0,2021,2,14,3,2,3,6,0,1,1,0,0,0,0,1,"790545,9493","5840516,807",13.29448032,52.63668011,3088.0
209417,11,4,4300517.0,2021,2,13,6,3,9,1,0,0,0,0,0,0,1,0,"791542,9566","5828057,106",13.29821225,52.5244483,3055.0
209416,11,1,1100313.0,2021,1,16,4,3,6,4,1,1,0,1,0,0,0,1,"799662,1615","5827043,883",13.41661961,52.51096473,4851.0
209415,11,8,8200833.0,2021,1,10,5,3,3,6,0,0,1,0,0,0,0,1,"801810,0966","5817486,069",13.43952934,52.42411208,5126.0
209414,11,4,4200311.0,2021,3,14,6,3,3,6,0,0,1,0,0,0,0,0,"790414,9899","5827158,265",13.28084841,52.51699214,2853.0
209413,11,6,6400840.0,2021,2,13,3,3,1,7,0,0,1,0,0,0,0,0,"789316,4158","5819200,872",13.25779807,52.44623529,2433.0
209412,11,5,5200528.0,2021,3,16,4,3,5,3,0,1,1,0,0,0,0,1,"783659,7199","5825366,199",13.18003668,52.50447984,1350.0
209411,11,2,2200207.0,2021,3,9,6,3,5,2,0,1,1,0,0,0,0,1,"797090,6595","5824706,913",13.37675493,52.49142288,4246.0
209410,11,6,6300633.0,2021,2,18,5,3,1,5,2,0,1,0,1,0,0,1,"792070,6507","5819014,839",13.29804558,52.44310318,3032.0
209409,11,6,6300633.0,2021,3,15,3,2,6,2,0,0,1,1,0,0,0,0,"793263,4389","5819085,123",13.31560611,52.44309485,3332.0
209408,11,7,7601544.0,2021,1,5,5,3,6,2,2,0,1,1,0,0,0,1,"799762,7403","5813974,749",13.40636682,52.39376302,4617.0
209407,11,11,11400931.0,2021,2,7,5,3,5,2,0,0,1,0,0,0,0,1,"805561,5075","5827263,926",13.50348107,52.50966446,6151.0
209406,11,1,1300836.0,2021,3,17,7,3,6,2,0,0,1,1,0,0,0,0,"796795,4014","5831268,116",13.37827339,52.55039769,4263.0
209405,11,1,1100313.0,2021,2,11,3,3,5,2,0,1,0,0,0,0,1,0,"799976,2915","5826925,317",13.42112764,52.50972932,4951.0
209404,11,2,2500830.0,2021,1,0,1,3,0,1,2,1,0,0,0,0,0,1,"802395,7084","5827438,729",13.45713535,52.51299529,5452.0
209403,11,7,7601443.0,2021,3,22,5,3,1,5,2,0,1,0,0,0,1,1,"800140,8638","5814995,976",13.41282203,52.40270993,4720.0
209402,11,7,7200409.0,2021,3,16,7,3,0,5,0,0,1,0,0,0,0,1,"795308,4323","5824397,697",13.3503075,52.48961806,3845.0
209401,11,5,5100103.0,2021,3,17,2,3,6,7,0,1,0,1,0,0,0,0,"785634,2725","5832064,988",13.21480583,52.56350995,1867.0
209400,11,4,4501041.0,2021,2,14,7,2,5,3,0,0,1,0,1,0,0,0,"792968,4187","5825893,035",13.31725776,52.50428412,3349.0
209399,11,12,12200412.0,2021,1,10,2,2,3,6,0,1,0,0,0,0,1,2,"790939,2206","5833801,545",13.29437192,52.57626902,3071.0
209398,11,8,8100209.0,2021,1,15,3,3,2,6,0,0,1,0,0,0,0,1,"801824,6545","5821947,835",13.44377305,52.46409598,5238.0
209397,11,1,1100102.0,2021,1,19,3,3,2,6,2,0,1,0,0,0,0,0,"795782,6922","5826685,665",13.35930409,52.50987105,3951.0
209396,11,2,2100102.0,2021,2,3,6,3,5,3,2,1,1,0,0,0,0,1,"798330,424","5825545,883",13.39571225,52.49826705,4548.0
209395,11,7,7200307.0,2021,3,19,1,3,5,2,2,0,1,0,0,0,0,0,"794958,3109","5824308,266",13.34508668,52.48900565,3745.0
209394,11,4,4300412.0,2021,1,15,3,3,5,2,0,1,1,0,0,0,0,0,"790889,1515","5827397,988",13.28802613,52.51888855,2954.0
209393,11,7,7400824.0,2021,2,6,4,3,6,2,2,0,0,1,0,0,1,1,"797876,6516","5821888,308",13.38577953,52.46572896,4338.0
209392,11,2,2200210.0,2021,2,17,5,3,5,3,0,0,1,0,0,0,1,0,"798898,3554","5825249,249",13.40378736,52.49529738,4647.0
209391,11,12,12400619.0,2021,1,8,2,3,0,6,0,0,1,0,1,0,0,1,"786482,5003","5837696,721",13.23215524,52.61355586,2181.0
209390,11,7,7601340.0,2021,3,8,4,3,5,2,0,1,1,0,0,0,0,0,"796133,3132","5815933,395",13.35491602,52.41329517,3923.0
209389,11,1,1300733.0,2021,1,14,1,3,6,2,0,0,1,1,0,0,0,0,"797374,9011","5831200,614",13.38673441,52.54947657,4463.0
209388,11,2,2100106.0,2021,1,21,2,2,6,4,2,0,1,1,0,0,0,1,"799886,6708","5825728,45",13.41873306,52.49905056,4848.0
209387,11,4,4501150.0,2021,1,12,4,2,5,7,0,0,1,0,1,0,0,1,"793439,9267","5823929,944",13.3224553,52.48643243,3444.0
209386,11,11,11401136.0,2021,2,9,2,3,6,2,0,0,1,1,0,0,0,0,"806017,4071","5826406,179",13.50938931,52.50172152,6249.0
209385,11,4,4500939.0,2021,3,20,3,2,5,3,2,0,1,0,0,0,0,0,"792337,4519","5824069,948",13.30638825,52.48827898,3245.0
209384,11,3,3701555.0,2021,3,18,4,3,5,3,2,1,1,0,0,0,0,0,"799533,4963","5830089,503",13.41747256,52.53833462,4859.0
209383,11,1,1300836.0,2021,2,15,6,3,1,5,0,0,1,0,0,0,0,1,"796354,6662","5830762,343",13.37134098,52.54610394,4162.0
209382,11,7,7200409.0,2021,2,12,7,3,1,5,0,1,1,0,0,0,0,1,"795685,3775","5824073,732",13.35555558,52.48650992,3944.0
209381,11,6,6200312.0,2021,1,7,3,3,6,2,2,0,1,1,0,0,0,1,"794389,2917","5819078,428",13.33211671,52.44242987,3531.0
209380,11,7,7400928.0,2021,3,13,5,3,7,7,0,1,0,0,0,0,0,1,"800202,7065","5821536,331",13.41960032,52.46130098,4837.0
209379,11,5,5200631.0,2021,2,14,2,3,6,4,0,0,1,1,0,0,0,2,"784756,3897","5827316,794",13.19781947,52.52139768,1555.0
209378,11,2,2400623.0,2021,2,14,7,3,2,7,0,0,1,0,0,0,0,1,"800320,0825","5827624,179",13.42680877,52.5158043,5053.0
209377,11,7,7501030.0,2021,1,22,4,3,1,5,2,1,1,0,0,0,0,0,"797772,8985","5819924,579",13.38250542,52.44818277,4333.0
209376,11,11,11100102.0,2021,3,7,5,3,5,2,0,1,1,0,0,0,0,0,"808265,6068","5834028,399",13.54947476,52.56876523,6868.0
209375,11,7,7300619.0,2021,3,15,5,3,5,3,0,0,1,0,0,0,0,0,"795992,9886","5822770,335",13.35891546,52.47465935,3941.0
209374,11,1,1200517.0,2021,1,13,1,3,2,6,0,0,1,0,0,0,0,0,"793865,3481","5830045,811",13.33410341,52.54102913,3660.0
209373,11,1,1401044.0,2021,3,16,2,3,5,3,0,0,1,0,0,0,1,1,"796719,1566","5831362,46",13.37723652,52.55128492,4263.0
209372,11,8,8300934.0,2021,3,12,2,2,0,2,0,0,1,0,0,0,1,0,"802718,7917","5818132,123",13.45343689,52.42940082,5328.0
209371,11,2,2500832.0,2021,1,14,3,3,6,4,0,0,1,1,0,0,0,1,"803066,453","5826969,182",13.46656157,52.50841455,5551.0
209370,11,1,1100102.0,2021,1,14,4,3,2,6,0,0,1,0,0,0,0,1,"795044,9654","5827224,672",13.34894327,52.51510235,3853.0
209369,11,4,4501045.0,2021,2,8,2,3,2,6,0,0,1,0,1,0,0,0,"793936,3001","5825140,282",13.33081209,52.49701551,3547.0
209368,11,12,12601235.0,2021,3,6,3,2,2,7,0,0,0,0,0,0,1,1,"794489,9591","5836248,476",13.34879379,52.59629392,3876.0
209367,11,9,9200819.0,2021,3,20,3,2,0,1,2,0,0,0,1,0,0,0,"810056,9796","5820435,609",13.56316174,52.44593505,7032.0
209366,11,8,8200624.0,2021,1,15,4,3,5,3,0,0,1,0,0,0,0,0,"801183,529","5820607,313",13.43315515,52.4524342,5034.0
209365,11,8,8200623.0,2021,2,16,2,3,3,6,0,0,1,0,0,1,0,0,"801543,4261","5820658,709",13.43848167,52.45269648,5134.0
209364,11,9,9300920.0,2021,3,15,2,3,2,6,0,1,1,0,0,0,0,0,"808521,7884","5817331,893",13.53778151,52.4189877,6625.0
209363,11,8,8100102.0,2021,1,10,4,3,5,7,0,0,1,0,0,0,1,1,"800526,2147","5823440,529",13.42606284,52.47819129,4942.0
209362,11,4,4500938.0,2021,3,19,4,3,5,5,2,1,1,0,0,0,0,0,"791495,8461","5824900,426",13.29475513,52.49617419,3047.0
209361,11,9,9200715.0,2021,2,15,3,3,5,2,0,0,1,0,0,0,0,1,"807223,6345","5818286,459",13.51962929,52.42827306,6327.0
209360,11,1,1100207.0,2021,1,19,3,2,5,3,2,1,1,0,0,0,0,1,"797983,8751","5826889,512",13.39182489,52.51050036,4451.0
209359,11,11,11300722.0,2021,1,6,5,2,6,4,2,0,1,1,0,0,0,1,"804293,5443","5828442,64",13.48593363,52.52093755,5854.0
209358,11,2,2400521.0,2021,3,8,5,3,5,2,0,1,1,0,0,0,0,0,"800682,8882","5828487,432",13.43291953,52.52334196,5055.0
209357,11,6,6100209.0,2021,2,15,2,3,2,2,0,0,1,0,0,0,0,0,"794769,1185","5820994,868",13.33938007,52.45940515,3736.0
209356,11,3,3300411.0,2021,3,8,4,3,6,4,0,0,1,1,0,0,0,1,"803868,166","5839176,144",13.48951661,52.61737418,5983.0
209355,11,1,1200623.0,2021,3,16,5,3,0,6,0,0,1,0,0,0,1,0,"795446,6336","5829547,189",13.35690872,52.53570434,3959.0
209354,11,1,1100310.0,2021,2,18,3,3,5,2,2,0,1,0,0,0,0,1,"799238,9633","5828468,117",13.41168334,52.52396318,4755.0
209353,11,1,1100310.0,2021,3,7,3,3,2,2,0,1,1,0,0,0,0,0,"798528,335","5828078,634",13.40089058,52.52086154,4654.0
209352,11,8,8200727.0,2021,1,9,7,3,1,5,0,0,1,0,0,0,0,1,"801338,5003","5819439,844",13.43437571,52.44188439,5131.0
209351,11,5,5100104.0,2021,2,21,3,3,0,7,2,1,0,0,0,0,0,1,"785205,3093","5831802,689",13.20826918,52.56138311,1766.0
209350,11,1,1100308.0,2021,2,19,5,3,5,2,2,1,1,0,0,0,0,1,"797542,6441","5828718,717",13.38697861,52.52713785,4456.0
209349,11,8,8100521.0,2021,3,16,6,3,2,6,0,0,1,0,0,0,0,0,"802870,9076","5821930,538",13.4591108,52.46336204,5438.0
209348,11,9,9100407.0,2021,2,14,4,3,1,5,0,0,1,0,1,0,0,0,"806112,0441","5821091,182",13.50590041,52.45403339,6135.0
209347,11,3,3100103.0,2021,1,14,5,3,5,7,0,1,1,0,0,0,0,0,"804810,0787","5840646,304",13.50474158,52.63002257,6186.0
209346,11,11,11400930.0,2021,3,16,6,3,5,2,1,1,1,0,0,0,0,0,"806029,2174","5826603,799",13.50974437,52.50348603,6249.0
209345,11,3,3200308.0,2021,3,15,2,3,5,2,0,1,1,0,0,0,0,1,"799696,0289","5837333,227",13.42640747,52.60317282,4978.0
209344,11,2,2100104.0,2021,2,15,1,3,5,3,0,1,1,0,0,0,0,0,"799282,4992","5826219,381",13.41030067,52.50378271,4749.0
209343,11,2,2500832.0,2021,1,17,6,3,6,4,2,1,0,1,0,0,0,0,"803151,8596","5826876,085",13.46773135,52.50753269,5650.0
209342,11,11,11100205.0,2021,1,17,2,3,6,4,2,0,1,1,0,0,0,1,"805810,0038","5833785,739",13.51313326,52.56797547,6268.0
209341,11,12,12200309.0,2021,1,10,3,3,5,3,0,0,1,0,0,0,0,1,"792764,8637","5832768,001",13.32032365,52.56602474,3468.0
209340,11,6,6200423.0,2021,2,14,6,3,3,6,0,1,1,0,0,0,0,0,"794172,9268","5815151,764",13.3254894,52.40734512,3421.0
209339,11,1,1401043.0,2021,3,16,2,3,5,3,0,1,1,0,0,0,0,0,"795846,415","5831130,538",13.36419575,52.54968068,4063.0
209338,11,2,2300315.0,2021,1,10,3,3,6,2,0,0,1,1,0,0,0,1,"800787,8474","5825815,362",13.432047,52.49933363,5048.0
209337,11,2,2100101.0,2021,2,10,2,3,0,7,0,0,1,0,0,0,0,2,"797819,692","5825893,988",13.38852223,52.50166635,4449.0
209336,11,9,9501838.0,2021,2,16,5,2,5,3,1,1,1,0,0,0,0,0,"822194,1325","5819275,445",13.74001688,52.42852475,9627.0
209335,11,9,9200819.0,2021,1,17,3,3,2,6,2,0,1,0,1,0,0,2,"810508,7068","5820318,89",13.56967848,52.44463273,7132.0
209334,11,6,6400844.0,2021,3,11,4,3,5,3,0,0,1,0,0,0,0,0,"792707,8599","5821743,198",13.30978556,52.46722173,3239.0
209333,11,3,3601141.0,2021,1,5,6,3,3,2,2,1,0,0,0,0,1,0,"799205,7243","5831774,45",13.4141721,52.5536176,4864.0
209332,11,5,5200629.0,2021,1,13,3,2,6,2,0,0,1,1,0,0,0,2,"784356,0094","5828104,465",13.1926079,52.52866896,1557.0
209331,11,2,2200209.0,2021,1,8,3,3,6,2,0,0,0,1,0,0,1,1,"797752,4757","5824596,905",13.38637554,52.49007619,4445.0
209330,11,3,3200206.0,2021,2,13,1,3,0,1,0,0,0,0,1,0,0,0,"798402,6175","5834844,649",13.40512386,52.581578,4672.0
209329,11,12,12601134.0,2021,3,6,2,3,5,7,1,0,1,0,0,0,1,0,"793954,6318","5836633,084",13.34125465,52.60003127,3777.0
209328,11,2,2300316.0,2021,3,10,4,3,2,6,0,0,1,0,0,0,0,0,"800907,2584","5826424,508",13.43435121,52.50472774,5150.0
209327,11,4,4200308.0,2021,2,23,1,3,2,6,2,0,1,0,0,0,0,1,"788249,2906","5827804,86",13.24958113,52.52393816,2355.0
209326,11,3,3701556.0,2021,3,9,2,3,2,7,0,0,1,0,1,0,0,0,"799280,2916","5829357,529",13.41309125,52.53191272,4758.0
209325,11,7,7300619.0,2021,1,17,4,3,6,2,2,0,0,1,0,0,1,1,"795250,5038","5822269,373",13.34757214,52.47057041,3840.0
209324,11,11,11300617.0,2021,2,17,3,3,5,3,2,1,1,0,0,0,0,1,"802942,5965","5829203,477",13.46677677,52.52850899,5557.0
209323,11,2,2400521.0,2021,1,9,3,3,6,4,0,1,0,1,0,0,0,0,"800826,1309","5828073,287",13.43464991,52.51955088,5154.0
209322,11,9,9200512.0,2021,3,14,6,3,5,7,0,0,1,0,0,0,1,0,"808592,0688","5821647,686",13.54279602,52.45762639,6736.0
209321,11,11,11300617.0,2021,2,22,2,2,5,2,2,0,1,0,0,0,0,0,"803070,1284","5829533,16",13.4689515,52.53139298,5657.0
209320,11,2,2100106.0,2021,1,16,7,3,0,1,0,0,0,0,1,0,0,1,"799851,6006","5825697,04",13.4181897,52.49878829,4848.0
209319,11,1,1300834.0,2021,3,14,4,3,5,2,0,1,0,0,0,0,1,1,"797832,6121","5830457,566",13.39279849,52.54256607,4461.0
209318,11,9,9301025.0,2021,3,17,5,3,1,1,0,1,1,0,0,0,0,1,"810725,6271","5815558,791",13.56843887,52.40185096,7120.0
209317,11,1,1300730.0,2021,3,2,7,3,5,3,2,0,1,0,0,0,0,0,"796155,8054","5832265,798",13.36975812,52.55968899,4166.0
209316,11,6,6400844.0,2021,2,19,4,3,6,2,2,0,1,1,0,0,0,1,"790148,7877","5819783,721",13.27051726,52.4510196,2634.0
209315,11,5,5200629.0,2021,3,13,2,3,0,6,0,0,1,0,0,0,1,0,"784726,8036","5828634,275",13.19851284,52.53322568,1658.0
209314,11,1,1100308.0,2021,1,15,5,3,1,5,0,1,0,0,0,0,1,1,"796506,0983","5829236,046",13.37220557,52.53233991,4158.0
209313,11,9,9200511.0,2021,2,14,4,3,5,3,0,0,1,0,0,0,0,1,"807853,1108","5822055,482",13.53233084,52.46169783,6537.0
209312,11,8,8100207.0,2021,3,18,6,2,9,1,2,0,1,0,0,0,0,0,"801110,0287","5823523,769",13.4347083,52.47861582,5142.0
209311,11,1,1300732.0,2021,2,17,4,3,0,7,0,1,0,1,0,0,0,0,"797213,7475","5832052,082",13.38512699,52.55719688,4365.0
209310,11,3,3200308.0,2021,1,16,2,3,6,7,1,0,1,1,0,0,0,0,"799573,8748","5837422,673",13.4246901,52.60404187,4979.0
209309,11,3,3701660.0,2021,3,8,6,2,0,3,0,0,1,0,1,0,0,1,"800672,0893","5829604,888",13.43377137,52.53336393,5158.0
209308,11,9,9200511.0,2021,3,16,6,3,2,1,0,0,1,0,0,0,0,0,"807201,9303","5822183,509",13.52289421,52.46321168,6437.0
209307,11,1,1100312.0,2021,2,13,2,3,5,3,0,1,1,0,0,0,0,0,"799457,4638","5827067,389",13.41363352,52.51128783,4852.0
209306,11,5,5200528.0,2021,3,14,4,3,5,2,0,0,1,0,0,0,0,1,"783904,3307","5826604,715",13.18468733,52.51545739,1453.0
209305,11,5,5300841.0,2021,3,16,6,3,6,4,0,1,0,1,0,0,0,0,"789396,6938","5829303,71",13.26775092,52.53676783,2659.0
209304,11,1,1200517.0,2021,2,18,3,3,2,6,2,0,1,0,0,0,0,1,"793400,5348","5829557,561",13.32683819,52.53690269,3559.0
209303,11,1,1100102.0,2021,3,8,3,3,2,6,0,0,1,0,0,1,0,0,"795011,057","5827227,59",13.34844761,52.51514685,3853.0
209302,11,4,4501147.0,2021,1,14,6,3,2,6,0,0,1,0,0,0,0,0,"793270,2357","5823951,133",13.31998207,52.48671356,3444.0
209301,11,1,1100207.0,2021,2,10,5,2,5,3,0,1,1,0,0,0,0,1,"798022,5414","5826590,177",13.39212494,52.50779607,4451.0
209300,11,4,4300624.0,2021,2,18,5,3,5,3,2,1,1,0,0,0,0,1,"793280,8442","5826149,486",13.32207343,52.50641525,3450.0
209299,11,2,2300314.0,2021,3,18,1,3,5,7,2,0,1,0,0,0,0,0,"799884,8676","5825911,568",13.41887146,52.50069291,4848.0
209298,11,11,10100205.0,2021,2,15,4,3,5,3,0,1,0,0,0,0,1,0,"807359,3683","5833144,43",13.53532694,52.56135559,6666.0
209297,11,3,3601244.0,2021,1,10,7,3,5,3,0,1,0,0,0,0,1,1,"800217,1095","5831589,858",13.42887775,52.55140653,5063.0
209296,11,8,8200832.0,2021,3,9,5,3,6,4,0,0,1,1,0,0,0,0,"801572,9972","5817392,279",13.43596848,52.42340213,5126.0
209295,11,12,12500930.0,2021,3,15,2,3,2,6,0,0,1,0,0,0,1,1,"792854,4544","5835149,231",13.32374509,52.58732304,3474.0
209294,11,1,1200517.0,2021,3,19,2,3,5,2,2,0,1,0,0,0,0,0,"793534,2359","5829127,78",13.32842421,52.53297794,3558.0
209293,11,7,7200413.0,2021,2,8,5,3,2,6,0,0,1,0,0,0,0,0,"796402,9085","5823371,292",13.36546723,52.47982411,4042.0
209292,11,7,7400824.0,2021,1,22,7,3,6,2,2,0,0,1,0,0,1,1,"797362,6538","5821915,334",13.3782598,52.4662512,4238.0
209291,11,4,4200311.0,2021,1,15,2,3,5,2,0,1,1,0,0,0,0,1,"790166,9872","5825424,324",13.27569218,52.50157915,2749.0
209290,11,2,2300418.0,2021,2,14,6,3,1,5,0,0,1,0,0,0,0,0,"801104,4111","5825221,08",13.43615913,52.49383237,5146.0
209289,11,4,4501045.0,2021,3,16,2,3,2,2,0,0,1,0,0,0,0,0,"793469,7269","5824747,253",13.32361271,52.49374326,3446.0
209288,11,4,4400830.0,2021,1,11,4,3,6,4,0,0,1,1,0,0,0,0,"791197,1352","5822734,938",13.28847547,52.47692004,2941.0