ObjectID,State,District,LOR_ab_2021,AccidentYear,AccidentMonth,AccidentHour,DayOfWeek,AccidentCategory,AccidentType,AccidentTypeDetail,LightingCondition,InvolvingBike,InvolvingCar,InvolvingPedestrian,InvolvingMotorcycle,InvolvingHGV,InvolvingOther,RoadCondition,GraphicCoord1,GraphicCoord2,LongitudeWGS84,LatitudeWGS84,quadrant
115425,11,2,2500835.0,2021,10,20,2,3,4,7,2,0,1,0,0,0,0,0,"802141,9085","5826113,124",13.45220365,52.5012545,5349.0
115424,11,3,3601451.0,2021,11,5,3,3,5,3,2,1,1,0,0,0,0,1,"801005,9477","5829623,609",13.43869542,52.53334746,5158.0
115423,11,4,4100102.0,2021,9,17,6,3,2,6,0,0,1,0,0,0,0,0,"791527,8389","5829160,647",13.29895775,52.53434945,3158.0
115420,11,12,12100103.0,2021,4,10,2,3,3,6,0,0,0,0,0,1,1,0,"795380,9528","5833692,027",13.35963117,52.57289466,4070.0
115417,11,4,4300414.0,2021,3,16,3,3,5,2,0,1,1,0,0,0,0,0,"791855,8875","5826593,765",13.30152788,52.5111623,3152.0
115416,11,7,7400720.0,2021,10,8,2,3,2,6,0,0,1,0,0,0,0,0,"797823,5764","5822490,992",13.38553853,52.47116029,4340.0
115415,11,4,4400725.0,2021,12,14,5,3,2,6,1,0,1,0,0,0,1,1,"790560,872","5825136,001",13.28122703,52.49878471,2848.0
115414,11,3,3701657.0,2021,6,8,3,3,2,6,0,0,1,0,0,0,0,0,"800003,5034","5830309,363",13.42458022,52.54004677,4960.0
115413,11,4,4200311.0,2021,9,20,4,3,3,6,2,0,1,0,0,1,0,1,"790510,2106","5825528,154",13.28082494,52.50232738,2849.0
115411,11,6,4200207.0,2021,2,14,1,2,2,6,0,0,1,0,1,0,0,0,"787885,2271","5821881,625",13.23911015,52.47102545,2240.0
115408,11,4,4501148.0,2021,6,18,7,3,8,1,0,0,1,0,0,0,0,0,"792627,744","5823353,668",13.31002254,52.48170218,3243.0
115405,11,7,7300619.0,2021,5,18,1,3,2,6,0,0,1,0,0,0,1,1,"795753,515","5823099,571",13.35569191,52.47774042,3942.0
115404,11,3,3601139.0,2021,8,19,1,3,0,1,0,1,0,0,0,0,0,0,"799225,8742","5832014,452",13.41468474,52.55575777,4865.0
115400,11,3,3601142.0,2021,7,2,4,3,2,6,2,1,0,0,0,0,0,1,"799163,0268","5830607,422",13.41249291,52.54318047,4761.0
115398,11,11,11401032.0,2021,10,12,4,3,5,3,0,0,1,0,0,0,1,0,"805652,0666","5827389,905",13.50492697,52.51074281,6151.0
115397,11,8,8200622.0,2021,11,14,7,3,2,6,0,0,1,0,0,0,0,1,"802090,1096","5821851,669",13.44758153,52.46308734,5337.0
115396,11,4,4400726.0,2021,5,15,2,3,2,6,0,0,1,0,1,0,0,0,"790872,2053","5824707,557",13.28542625,52.49477785,2947.0
115394,11,7,7501135.0,2021,4,10,6,3,6,7,0,0,1,1,0,0,0,0,"798846,8789","5817304,102",13.39591876,52.42410734,4526.0
115391,11,12,12100101.0,2021,1,1,2,3,5,7,2,0,1,0,0,0,0,1,"795828,037","5832343,686",13.36500662,52.56056534,4066.0
115388,11,4,4400830.0,2021,4,17,5,3,2,6,0,0,1,0,0,0,0,0,"792306,1337","5823564,494",13.30548504,52.48376444,3143.0
115387,11,3,3400620.0,2021,6,9,4,3,6,4,0,1,0,1,0,0,0,0,"798013,3179","5833719,831",13.39838424,52.57170897,4569.0
115385,11,1,1100207.0,2021,12,11,5,3,2,6,0,0,1,0,0,0,0,1,"798638,483","5827034,88",13.40157234,52.51144542,4652.0
115384,11,7,7601236.0,2021,5,8,4,3,2,2,0,0,1,0,0,0,0,0,"796602,3502","5816010,29",13.36186011,52.41373054,4023.0
115383,11,10,10100312.0,2021,8,15,4,3,2,6,0,0,1,0,0,0,0,0,"807669,2504","5829970,436",13.53694371,52.53273555,6658.0
115382,11,3,3601451.0,2021,9,12,5,3,5,2,0,1,1,0,0,0,0,0,"800767,345","5829819,755",13.4353659,52.53523727,5159.0
115379,11,7,7501030.0,2021,3,10,2,3,2,6,0,0,1,0,0,1,0,0,"797952,8931","5819962,462",13.38517987,52.44842429,4333.0
115376,11,2,2200208.0,2021,6,9,3,2,5,2,0,1,0,0,0,1,0,0,"797897,8275","5825434,918",13.3892593,52.49750869,4448.0
115374,11,5,5200528.0,2021,9,11,4,3,5,2,0,0,1,0,0,0,0,0,"783515,2877","5826712,876",13.17906168,52.51662957,1353.0
115373,11,1,1100310.0,2021,10,14,1,3,0,2,0,1,1,0,0,0,0,0,"799792,4349","5828612,935",13.41994737,52.5249572,4956.0
115372,11,2,2400521.0,2021,8,22,1,3,8,1,2,0,1,0,0,0,0,0,"800970,3627","5827852,244",13.43656921,52.51749004,5153.0
115367,11,4,4200206.0,2021,7,12,7,3,1,5,0,1,1,0,0,0,0,0,"787877,4353","5825954,276",13.24251411,52.50754321,2250.0
115366,11,7,7300619.0,2021,10,19,5,3,2,6,1,0,1,0,0,0,0,1,"795220,9047","5822902,26",13.34769781,52.47625983,3841.0
115365,11,10,10300733.0,2021,12,18,2,3,5,3,2,1,1,0,0,0,0,0,"809660,1683","5827317,94",13.5637321,52.50783755,7051.0
115364,11,6,6400737.0,2021,5,17,1,3,2,6,0,0,1,0,0,0,1,0,"784957,2324","5817376,116",13.19227713,52.43216362,1528.0
115361,11,3,3601348.0,2021,2,14,3,3,0,2,0,1,0,0,0,0,1,1,"799688,867","5830258,074",13.41990858,52.53976017,4860.0
115357,11,3,3701657.0,2021,6,14,6,3,2,6,0,0,1,0,0,0,0,0,"800310,2512","5830043,229",13.42884905,52.53749237,5059.0
115353,11,3,3200205.0,2021,5,13,2,2,5,2,0,1,0,0,0,1,0,0,"798116,7335","5835781,042",13.40175954,52.59012808,4675.0
115352,11,1,1100104.0,2021,8,22,7,3,2,6,2,0,1,0,0,0,0,0,"796218,6357","5825862,704",13.36497662,52.50225741,4049.0
115350,11,4,4200206.0,2021,9,10,4,3,3,6,0,0,1,0,0,1,0,0,"787521,2722","5825897,186",13.23723155,52.5072192,2150.0
115348,11,1,1100310.0,2021,3,19,2,2,6,4,2,0,1,1,0,0,0,1,"799785,9017","5828602,456",13.41984191,52.52486687,4856.0
115344,11,12,12400723.0,2021,7,13,2,3,2,6,0,0,1,0,0,0,0,0,"791885,3908","5839005,453",13.31288257,52.62241325,3384.0
115342,11,9,9200613.0,2021,9,12,3,3,6,2,0,0,1,1,0,0,0,0,"805458,105","5822258,8",13.49737515,52.46486404,6038.0
115341,11,3,3501037.0,2021,11,7,3,2,0,1,0,1,0,0,0,0,0,1,"802770,575","5832785,415",13.46751364,52.56070876,5666.0
115340,11,2,2200208.0,2021,8,12,5,3,5,2,0,1,1,0,0,0,0,0,"797898,3349","5825432,554",13.38926464,52.49748722,4448.0
115337,11,3,3400826.0,2021,4,16,5,3,3,6,0,0,1,0,0,0,0,0,"799142,3576","5832305,623",13.41371895,52.55841353,4865.0
115334,11,6,6300526.0,2021,3,14,2,3,5,2,0,1,1,0,0,0,0,1,"789579,0102","5817961,181",13.26057679,52.43498193,2529.0
115333,11,7,7501030.0,2021,10,12,4,3,5,3,0,0,1,0,1,0,0,1,"798039,5547","5819470,87",13.38601273,52.44397046,4332.0
115332,11,1,1400940.0,2021,12,16,3,3,5,3,1,0,1,0,0,0,0,1,"795878,6791","5832059,299",13.36549796,52.55798859,4065.0
115331,11,10,10300733.0,2021,9,7,5,3,5,3,0,0,1,0,0,0,0,1,"808930,197","5827407,125",13.55309359,52.50905064,6851.0
115329,11,11,11300725.0,2021,2,12,1,3,3,6,0,0,1,0,0,0,1,2,"805162,9532","5827444,262",13.49779205,52.51150381,6052.0
115325,11,2,2500729.0,2021,6,13,7,3,2,6,0,0,1,0,0,0,0,0,"803526,8071","5827605,271",13.47390386,52.51385974,5752.0
115320,11,6,6300527.0,2021,5,7,4,3,1,1,0,1,1,0,0,0,0,0,"790364,8435","5818432,059",13.27251295,52.43878689,2730.0
115319,11,2,2500729.0,2021,8,14,2,3,6,4,0,1,0,1,0,0,0,0,"803474,3464","5827595,52",13.47312427,52.51380154,5652.0
115315,11,4,4501153.0,2021,7,16,2,3,3,6,0,0,1,0,0,1,0,0,"794188,0209","5823021,413",13.33263904,52.47788531,3642.0
115312,11,3,3100101.0,2021,7,6,6,2,2,6,0,0,1,0,0,1,0,1,"799532,2184","5840731,893",13.427074,52.63372596,5087.0
115310,11,2,2100101.0,2021,10,18,7,3,5,3,0,0,1,0,0,0,1,0,"797886,146","5825492,833",13.38913953,52.49803421,4448.0
115309,11,11,11300722.0,2021,11,11,2,3,5,2,0,0,1,0,0,0,1,0,"803759,7974","5827566,547",13.47729134,52.51338297,5752.0
115308,11,2,2200208.0,2021,5,8,2,3,5,2,0,1,1,0,0,0,0,0,"797898,3349","5825432,554",13.38926464,52.49748722,4448.0
115306,11,7,7300619.0,2021,9,11,7,3,3,6,0,0,1,0,0,0,1,0,"795218,0814","5822882,283",13.34763867,52.47608227,3841.0
115303,11,7,7400927.0,2021,4,6,3,3,2,6,0,0,1,0,0,0,0,0,"799411,0331","5821538,273",13.40798451,52.46175272,4737.0
115300,11,7,7100205.0,2021,4,17,6,3,2,6,0,0,1,0,0,0,0,0,"796071,2918","5825473,918",13.3624666,52.49885225,4048.0
115299,11,12,12100101.0,2021,7,15,2,3,5,2,0,1,1,0,0,0,0,0,"795828,3672","5832341,796",13.36500979,52.56054822,4066.0
115297,11,4,4200308.0,2021,10,12,7,3,2,6,0,0,1,0,0,0,0,0,"790416,4396","5827768,394",13.2814024,52.52246121,2855.0
115296,11,4,4100101.0,2021,12,11,3,3,2,6,0,0,1,0,0,0,0,0,"791127,1042","5829357,44",13.29323882,52.53632788,3059.0
115295,11,6,6300527.0,2021,5,16,3,3,2,6,0,0,1,0,0,0,0,0,"790620,5746","5818559,769",13.27637553,52.43979599,2731.0
115294,11,3,3601245.0,2021,8,18,3,3,0,7,0,1,0,0,0,0,0,0,"800203,3069","5831120,398",13.42825039,52.54720625,5062.0
115291,11,7,7501133.0,2021,3,8,4,3,5,2,0,1,1,0,0,0,0,0,"798225,9006","5818769,853",13.38812075,52.43758502,4430.0
115288,11,4,4400726.0,2021,6,23,1,3,8,1,2,0,1,0,0,0,0,0,"790872,0386","5824707,697",13.28542393,52.49477919,2947.0
115286,11,11,11300722.0,2021,9,12,3,3,2,2,0,1,1,0,0,0,0,0,"804235,9806","5827518,658",13.48424296,52.51268837,5852.0
115285,11,2,2200208.0,2021,5,15,2,3,2,2,0,0,1,0,0,0,0,0,"797873,2738","5825445,001",13.38890769,52.49761247,4448.0
115284,11,3,3601141.0,2021,8,12,3,2,5,2,0,0,1,0,1,0,0,0,"799219,5428","5831434,484",13.41406893,52.55056276,4863.0
115280,11,12,12100103.0,2021,7,10,3,3,5,3,0,0,1,0,0,0,0,0,"795421,7279","5833562,357",13.36011558,52.57171017,4069.0
115278,11,4,4200206.0,2021,10,9,5,2,9,1,0,1,0,0,0,0,0,0,"786462,0022","5825927,433",13.22169313,52.50804763,1951.0
115277,11,3,3601141.0,2021,11,17,5,3,5,2,1,1,1,0,0,0,0,0,"799220,7687","5831454,912",13.41410536,52.55074519,4863.0
115273,11,1,1100102.0,2021,1,5,5,3,6,2,2,0,1,1,0,0,0,1,"796420,6609","5826329,247",13.36835955,52.50632981,4150.0
115269,11,7,7400824.0,2021,6,18,1,3,6,7,0,1,0,1,0,0,0,0,"797844,4407","5822094,773",13.38549107,52.46759725,4339.0
115266,11,12,12100205.0,2021,12,14,3,3,2,6,0,0,1,0,0,0,0,2,"794558,8474","5833836,013",13.34766337,52.57463093,3870.0
115265,11,3,3300517.0,2021,5,8,6,3,5,2,0,1,1,0,0,0,0,1,"803324,592","5833647,293",13.47644925,52.56812514,5768.0
115264,11,3,3200206.0,2021,6,15,4,3,5,3,0,0,1,0,1,0,0,0,"798052,4662","5834008,769",13.39921988,52.57427745,4570.0
115263,11,3,3500936.0,2021,8,17,6,3,2,6,0,1,1,0,0,0,0,0,"801829,8011","5831386,955",13.45240627,52.54869672,5362.0
115261,11,12,12100205.0,2021,9,17,3,3,2,3,0,0,1,0,1,0,1,0,"794457,4105","5834356,09",13.34663278,52.57934788,3871.0
115259,11,1,1100310.0,2021,3,18,6,3,2,7,2,0,1,0,1,0,0,0,"798822,4872","5828009,169",13.40515064,52.52007778,4654.0
115256,11,7,7501133.0,2021,6,11,2,3,2,6,0,0,1,0,0,0,0,0,"798041,9116","5819017,229",13.38564272,52.43990277,4331.0
115254,11,10,10100210.0,2021,9,20,4,3,3,6,2,1,1,0,0,0,0,0,"808274,3962","5831917,631",13.54764348,52.54984405,6763.0
115253,11,1,1400940.0,2021,11,8,2,3,5,3,0,1,1,0,0,0,0,1,"795877,854","5832063,731",13.36548977,52.55802876,4065.0
115252,11,6,6300527.0,2021,9,13,4,3,5,2,0,1,1,0,0,0,0,0,"790291,8532","5818366,836",13.27138554,52.43824089,2630.0
115248,11,1,1200624.0,2021,7,11,5,3,3,6,0,0,1,0,0,0,1,0,"795942,083","5829467,234",13.36412083,52.53471881,4058.0
115247,11,3,3300517.0,2021,10,9,5,3,5,3,0,1,1,0,0,0,0,1,"803319,1692","5833642,56",13.47636516,52.56808575,5768.0
115246,11,4,4100101.0,2021,12,12,4,3,2,6,0,0,1,0,0,0,0,1,"791265,5844","5829827,208",13.29568654,52.54046529,3060.0
115245,11,2,2100101.0,2021,5,16,1,2,6,2,0,0,1,1,0,0,0,1,"797025,4864","5825883,779",13.37684725,52.50200772,4249.0
115244,11,4,4300414.0,2021,8,19,3,3,5,2,1,1,1,0,0,0,0,0,"791024,9822","5826458,032",13.28920021,52.51038941,2951.0
115240,11,2,2500834.0,2021,7,18,3,3,5,2,0,1,1,0,0,0,0,0,"802035,0297","5827023,689",13.45145995,52.5094751,5351.0
115238,11,3,3200205.0,2021,10,14,3,3,5,3,0,0,1,0,0,0,0,1,"798114,3654","5835733,138",13.40168158,52.58969999,4674.0
115237,11,9,9100306.0,2021,11,0,6,3,0,7,2,0,1,0,0,0,0,0,"802969,5685","5821182,369",13.45987958,52.45660151,5436.0
115235,11,4,4300415.0,2021,5,14,6,2,3,6,0,0,1,0,0,1,1,0,"790631,1603","5825957,318",13.28297641,52.50611045,2850.0
115232,11,1,1300836.0,2021,1,18,3,2,5,2,2,0,1,0,0,0,0,0,"796201,537","5830191,629",13.36858051,52.54107134,4160.0
115229,11,2,2500729.0,2021,4,7,1,3,1,7,0,0,1,0,0,0,0,1,"803554,8006","5827586,444",13.47429793,52.51367542,5752.0
115228,11,2,2200209.0,2021,6,10,4,3,2,4,0,1,0,1,0,0,0,0,"797772,573","5824636,396",13.38670595,52.49041922,4445.0
115225,11,7,7601442.0,2021,12,18,4,3,6,7,2,0,0,1,0,0,1,1,"799254,2114","5816323,815",13.40101459,52.41509766,4623.0
115224,11,4,4300414.0,2021,8,15,7,3,5,2,0,1,0,0,0,0,0,0,"791846,8636","5826592,214",13.30139393,52.51115322,3152.0
115222,11,2,2500834.0,2021,9,17,7,3,2,6,1,1,1,0,0,0,0,1,"802046,3726","5827074,679",13.45167285,52.50992585,5351.0
115220,11,3,3500936.0,2021,3,11,5,2,6,4,0,0,1,1,0,0,0,0,"802139,8669","5831501,855",13.45706967,52.54955468,5463.0
115217,11,1,1400940.0,2021,6,8,2,3,0,3,0,1,1,0,0,0,0,0,"795861,8024","5832068,738",13.36525815,52.55808236,4065.0
115215,11,3,3601139.0,2021,9,14,6,3,5,3,0,1,1,0,0,0,0,0,"799237,0931","5831941,483",13.41478395,52.55509756,4864.0
115214,11,7,7200308.0,2021,11,0,5,2,6,2,2,0,1,1,0,0,0,1,"795236,5971","5823509,692",13.34846601,52.48169656,3843.0
115213,11,10,10300733.0,2021,8,10,5,2,5,2,0,1,0,0,0,0,1,0,"809659,5512","5827336,026",13.56373986,52.50799999,7051.0
115208,11,12,12500930.0,2021,7,9,6,2,6,4,0,0,0,1,0,0,1,0,"794066,6383","5835075,749",13.34152097,52.58601041,3773.0
115207,11,11,11300724.0,2021,10,13,6,3,0,7,0,0,0,0,1,0,0,1,"804540,6898","5827485,638",13.48868899,52.5122224,5952.0
115206,11,11,11300725.0,2021,12,12,2,3,3,6,0,0,1,0,0,1,0,0,"804883,651","5827448,154",13.49369274,52.51169486,5952.0
115203,11,2,2500834.0,2021,1,15,3,3,0,2,0,1,1,0,0,0,0,1,"802032,4311","5827012,007",13.45141118,52.50937184,5351.0
115199,11,10,10400837.0,2021,6,7,2,2,6,2,0,0,1,1,0,0,0,0,"810878,4297","5827088,184",13.5814099,52.50508582,7350.0
115195,11,9,9100203.0,2021,5,18,1,3,5,3,0,1,1,0,0,0,0,1,"804106,561","5824366,79",13.47946399,52.48451132,5744.0
115194,11,7,7400824.0,2021,6,12,6,3,3,6,0,0,1,0,1,0,0,0,"797330,1297","5822340,749",13.37816154,52.47008231,4239.0
115193,11,6,6300629.0,2021,8,6,7,3,8,1,0,0,0,0,0,0,1,0,"792896,7096","5820055,489",13.31107679,52.45199057,3234.0
115187,11,4,4400830.0,2021,7,13,7,3,3,6,0,0,1,0,1,0,1,0,"792398,3222","5823205,971",13.3065243,52.48050099,3243.0
115185,11,12,12601032.0,2021,10,11,6,3,5,3,0,0,1,0,0,0,0,0,"792782,0403","5837344,434",13.32462024,52.60704077,3480.0
115184,11,1,1200624.0,2021,11,16,2,2,0,7,1,0,0,0,0,0,1,1,"796352,85","5828840,597",13.36960043,52.52887845,4157.0
115183,11,4,4200311.0,2021,8,8,2,2,0,1,0,1,0,0,0,0,0,1,"790372,6662","5826351,084",13.27952208,52.50977824,2851.0
115180,11,12,12601032.0,2021,4,10,3,3,5,3,0,1,1,0,0,0,0,0,"792823,1985","5837273,103",13.32516318,52.60637917,3479.0
115177,11,7,7400824.0,2021,3,16,6,3,2,6,0,0,1,0,0,0,1,0,"797831,1429","5822322,38",13.38549907,52.46964475,4339.0
115176,11,10,10300734.0,2021,10,18,4,2,6,4,2,1,0,1,0,0,0,0,"810356,2826","5827082,433",13.57373633,52.50533152,7150.0
115175,11,10,10100312.0,2021,12,15,5,3,2,3,0,1,1,0,0,0,0,1,"807669,372","5830002,109",13.53697481,52.53301934,6658.0
115174,11,1,1100102.0,2021,9,21,2,3,1,5,2,1,1,0,0,0,0,0,"794879,6465","5827128,431",13.34642881,52.51432903,3852.0
115172,11,4,4200206.0,2021,2,11,5,3,3,6,0,0,1,0,0,0,0,2,"787973,0238","5825969,729",13.24393199,52.5076313,2250.0
115168,11,12,12100101.0,2021,6,23,4,2,1,5,2,1,1,0,0,0,0,0,"795814,4755","5832332,835",13.36479748,52.56047544,4066.0
115163,11,1,1100102.0,2021,5,8,4,3,2,6,0,0,1,0,0,0,0,0,"796435,1589","5826378,194",13.36861612,52.5067607,4150.0
115162,11,4,4200308.0,2021,8,9,4,3,2,6,0,0,1,0,0,0,1,0,"790468,7914","5827632,803",13.28205342,52.52121775,2854.0
115158,11,1,1401049.0,2021,7,23,2,3,1,5,2,1,1,0,0,0,0,0,"795998,0715","5831452,431",13.36671282,52.55248375,4164.0
115155,11,6,6300527.0,2021,7,22,6,3,5,2,2,1,0,0,0,0,1,1,"790294,1564","5818368,259",13.27142056,52.43825242,2630.0
115153,11,2,2400521.0,2021,10,14,4,3,3,6,0,0,1,0,0,0,0,0,"800387,6745","5827977,421",13.4281208,52.51893329,5054.0
115152,11,4,4300621.0,2021,11,9,3,3,6,7,0,0,1,1,0,0,0,1,"792033,6712","5826623,606",13.30416631,52.51133467,3152.0
115150,11,2,2500727.0,2021,9,22,5,3,6,6,2,1,0,1,0,0,0,0,"802593,9702","5827685,465",13.46027235,52.51509681,5453.0
115148,11,4,4300414.0,2021,6,15,7,3,6,4,0,0,1,1,0,0,0,0,"791448,9747","5826546,32",13.29550736,52.51095453,3051.0
115146,11,6,6400737.0,2021,4,4,2,3,0,7,2,0,1,0,0,0,0,0,"785393,0393","5818267,771",13.1994313,52.43993112,1631.0
115143,11,4,4300621.0,2021,3,10,4,2,5,7,0,0,1,0,0,0,0,0,"792130,457","5826661,219",13.30562143,52.51162003,3252.0
115142,11,9,9100101.0,2021,7,20,4,3,5,3,0,0,1,0,0,0,1,0,"802580,269","5825073,445",13.4576975,52.491693,5446.0
115140,11,4,4300414.0,2021,10,21,2,3,6,2,2,0,1,1,0,0,0,0,"791560,5247","5826565,167",13.29716293,52.51106388,3051.0
115139,11,7,7501133.0,2021,6,14,7,2,5,7,0,1,0,0,0,1,0,0,"798485,7567","5818110,52",13.39134344,52.43153309,4428.0
115138,11,4,4400725.0,2021,12,17,6,3,2,6,2,0,1,0,0,0,0,0,"790561,8244","5825168,191",13.28126911,52.4990728,2848.0
115137,11,7,7501030.0,2021,8,14,5,3,3,6,0,0,0,0,1,0,1,0,"797889,388","5820398,308",13.38463691,52.45236579,4334.0
115136,11,7,7501030.0,2021,9,17,6,3,5,3,0,0,1,0,0,0,0,1,"798039,3446","5819472,066",13.38601072,52.4439813,4332.0
115132,11,4,4300621.0,2021,2,9,3,3,5,2,0,1,1,0,0,0,0,0,"792741,5603","5826763,859",13.31469086,52.51221254,3352.0
115129,11,7,7400825.0,2021,6,14,4,3,2,6,0,0,1,0,0,0,0,0,"797865,2948","5820536,799",13.38440694,52.45362034,4335.0
115127,11,1,1100310.0,2021,9,21,7,3,2,6,2,0,1,0,0,0,0,0,"799706,5468","5828469,702",13.4185561,52.52372057,4855.0
115126,11,3,3500934.0,2021,8,8,4,3,3,6,0,1,1,0,0,0,0,0,"800269,1376","5831825,268",13.42985568,52.55348789,5064.0
115123,11,2,2500728.0,2021,7,16,6,3,5,3,0,0,1,0,1,0,0,0,"803096,2419","5827650,3",13.46761943,52.51450275,5652.0
115121,11,1,1401049.0,2021,10,15,6,3,2,6,0,0,1,0,0,0,0,1,"796035,5102","5831394,238",13.3672115,52.55194176,4163.0
115120,11,5,5200633.0,2021,12,7,3,3,2,6,0,0,1,0,0,0,0,0,"783994,1713","5826586,487",13.18599216,52.51524717,1453.0
115119,11,2,2500726.0,2021,4,18,6,3,0,1,1,1,0,0,0,0,0,0,"801992,3152","5828182,942",13.45188456,52.51988917,5354.0
115116,11,9,9100101.0,2021,1,17,3,3,6,2,2,0,1,1,0,0,0,1,"802670,9121","5825216,967",13.45915886,52.49292914,5446.0
115112,11,7,7400825.0,2021,6,15,2,3,2,6,0,0,1,0,0,0,1,0,"797877,015","5820468,853",13.38451829,52.45300489,4335.0
115109,11,7,7200410.0,2021,12,19,2,3,1,5,2,1,1,0,0,0,0,0,"795692,7732","5823984,024",13.35558459,52.48570176,3944.0
115108,11,4,4400726.0,2021,5,11,6,3,2,7,0,0,1,0,0,0,1,0,"790663,592","5824996,054",13.28261382,52.49747538,2848.0
115107,11,4,4300621.0,2021,8,10,2,3,3,6,0,1,1,0,0,0,0,0,"792129,4758","5826661,052",13.30560687,52.51161906,3252.0
115105,11,1,1100206.0,2021,9,7,3,3,0,6,0,1,0,0,0,0,1,0,"798122,6946","5827657,924",13.39455275,52.51731234,4553.0
115103,11,7,7601442.0,2021,3,15,6,2,6,4,0,0,1,1,0,0,0,0,"799169,7176","5816471,283",13.39990777,52.41646572,4624.0
115100,11,3,3200206.0,2021,7,14,5,3,2,6,0,0,1,0,0,0,1,1,"797962,181","5834415,803",13.39825735,52.57797537,4571.0
115098,11,4,4100101.0,2021,9,13,2,2,2,6,0,0,1,0,0,0,1,0,"790649,1626","5828804,971",13.28572896,52.53163011,2957.0
115097,11,1,1100310.0,2021,11,9,5,3,3,6,0,1,0,0,0,0,0,0,"799669,4469","5828467,39",13.41800882,52.52372024,4855.0
115096,11,4,4501148.0,2021,8,16,6,3,2,6,0,0,1,0,0,0,0,0,"792664,5648","5823337,323",13.31054885,52.48153591,3243.0
115091,11,4,4400726.0,2021,10,16,6,3,2,6,1,0,1,0,0,0,0,1,"790756,8699","5824879,323",13.2838821,52.49637919,2847.0
115090,11,7,7601236.0,2021,12,17,6,2,6,4,2,0,1,1,0,0,0,1,"796596,6028","5815996,657",13.36176377,52.41361145,4023.0
115087,11,11,11300722.0,2021,1,16,6,3,5,2,2,1,1,0,0,0,0,1,"804249,7475","5827531,799",13.48445721,52.51279847,5852.0
115083,11,1,1100102.0,2021,6,5,5,3,5,3,0,0,1,0,0,0,0,0,"796437,3879","5826316,888",13.36859427,52.50620994,4150.0
115079,11,4,4400727.0,2021,5,15,4,3,2,6,0,0,1,0,0,0,0,0,"791848,6945","5824083,281",13.29922214,52.48866001,3145.0
115078,11,7,7200308.0,2021,8,15,6,3,5,2,0,1,1,0,0,0,0,0,"795230,7697","5823535,285",13.34840312,52.48192914,3843.0
115071,11,7,7300619.0,2021,7,14,5,3,2,6,0,0,1,0,0,0,0,0,"795317,2563","5822785,826",13.34900923,52.47516398,3841.0
115069,11,1,1100310.0,2021,10,15,3,3,0,2,0,1,1,0,0,0,0,1,"799261,8696","5827859,517",13.4114724,52.51849542,4754.0
115068,11,7,7400825.0,2021,11,16,5,3,6,4,0,0,1,1,0,0,0,1,"797870,3018","5820507,722",13.38445447,52.45335697,4335.0
115067,11,4,4200308.0,2021,9,11,6,3,2,6,0,0,1,0,0,0,0,0,"790468,6622","5827594,352",13.28201795,52.5208731,2854.0
115064,11,4,4100101.0,2021,4,16,4,3,2,6,0,0,1,0,0,0,0,0,"791212,4377","5829675,195",13.29477187,52.53913092,3060.0
115061,11,1,1400940.0,2021,3,13,6,3,5,3,0,0,1,0,0,0,0,0,"795878,9476","5832057,858",13.36550062,52.55797552,4065.0
115060,11,12,12200411.0,2021,10,22,3,2,0,1,2,0,0,0,1,0,0,1,"792886,9275","5832275,174",13.32168432,52.56154113,3466.0
115059,11,1,1100104.0,2021,12,18,7,3,0,6,2,0,1,0,1,0,0,1,"796413,7514","5826241,151",13.36817961,52.50554387,4150.0
115058,11,2,2500728.0,2021,9,16,1,3,2,2,0,1,1,0,0,0,0,0,"802797,1233","5827665,093",13.46323845,52.51480148,5553.0
115056,11,11,11401034.0,2021,2,16,7,3,0,7,1,0,1,0,0,0,0,0,"807003,0807","5827371,978",13.52475537,52.50982351,6451.0
115052,11,5,5200634.0,2021,6,17,4,2,5,2,0,0,1,0,1,0,0,0,"785373,0567","5826218,253",13.20594138,52.51122586,1752.0
115048,11,7,7200308.0,2021,5,17,4,3,2,6,0,0,1,0,0,0,0,0,"794559,2732","5823114,934",13.33817223,52.47852357,3642.0
115047,11,4,4300414.0,2021,8,10,4,3,5,2,0,1,1,0,0,0,0,0,"791024,4361","5826476,598",13.28920842,52.51055614,2951.0
115042,11,8,8200624.0,2021,1,20,2,3,5,3,2,0,1,0,0,0,0,1,"800999,6172","5821672,991",13.43141766,52.46208756,5037.0
115038,11,7,7400927.0,2021,6,6,5,3,2,6,0,0,1,0,0,0,0,0,"798518,8065","5822085,263",13.39538029,52.46714396,4539.0
115034,11,7,7501030.0,2021,5,14,2,2,5,3,0,1,0,0,0,0,1,0,"797899,1737","5820343,248",13.38473138,52.4518669,4334.0
115033,11,1,1300836.0,2021,8,18,5,3,2,6,0,0,1,0,1,0,0,0,"796343,923","5830077,937",13.37057247,52.53997479,4160.0
115026,11,4,4200206.0,2021,7,23,7,3,2,6,2,0,1,0,0,0,0,0,"788345,0243","5826029,996",13.24945009,52.50797513,2351.0