ObjectID,State,District,LOR_ab_2021,AccidentYear,AccidentMonth,AccidentHour,DayOfWeek,AccidentCategory,AccidentType,AccidentTypeDetail,LightingCondition,InvolvingBike,InvolvingCar,InvolvingPedestrian,InvolvingMotorcycle,InvolvingHGV,InvolvingOther,RoadCondition,GraphicCoord1,GraphicCoord2,LongitudeWGS84,LatitudeWGS84,quadrant
114616,11,7,7501133.0,2021,4,16,6,3,5,2,0,1,1,0,0,0,0,0,"798429,7185","5818245,503",13.39064211,52.43277363,4429.0
114613,11,4,4400725.0,2021,3,16,3,3,2,6,1,0,1,0,0,0,0,0,"790564,53","5825129,311",13.28127493,52.49872279,2848.0
114612,11,1,1300836.0,2021,10,8,4,3,0,2,0,1,1,0,0,0,0,1,"796214,5447","5830190,187",13.36877047,52.54105135,4160.0
114611,11,10,10100312.0,2021,12,19,6,3,6,7,2,0,1,1,0,0,0,0,"807674,6785","5829810,528",13.53687548,52.5312994,6657.0
114610,11,1,1300836.0,2021,5,12,3,2,3,6,0,0,1,0,1,0,0,0,"796229,4622","5830154,685",13.36895813,52.540725,4160.0
114609,11,7,7501133.0,2021,9,8,5,3,0,2,0,0,1,0,0,0,1,1,"798586,3306","5817930,761",13.39265786,52.42986686,4428.0
114607,11,1,1200624.0,2021,2,14,4,3,2,2,0,0,1,0,0,0,0,1,"795870,5687","5829585,954",13.36317526,52.53582185,4059.0
114603,11,4,4200308.0,2021,6,9,4,3,2,6,0,0,1,0,0,0,0,0,"790556,0167","5827379,187",13.28311385,52.5188976,2854.0
114599,11,3,3200206.0,2021,5,14,6,3,6,4,0,0,1,1,0,0,0,1,"798194,0097","5834723,243",13.40194498,52.58060413,4672.0
114598,11,2,2500727.0,2021,8,23,4,2,5,2,2,1,1,0,0,0,0,0,"802144,9397","5827752,819",13.45373649,52.51594944,5453.0
114594,11,2,2500727.0,2021,7,20,1,2,5,3,0,0,1,0,0,0,0,1,"802145,4376","5827751,031",13.45374218,52.51593314,5453.0
114590,11,10,10100206.0,2021,7,2,2,3,0,1,2,0,1,0,0,0,0,0,"808899,1005","5833402,273",13.55820894,52.56279503,6967.0
114588,11,12,12100204.0,2021,10,17,2,2,5,3,1,1,1,0,0,0,0,0,"795752,3034","5832687,459",13.36419909,52.56368807,4067.0
114587,11,7,7200411.0,2021,6,14,7,3,0,4,0,0,0,1,0,0,1,0,"795903,5585","5824352,486",13.35900686,52.48889052,3945.0
114586,11,2,2400625.0,2021,11,18,3,3,0,6,2,0,1,0,1,0,0,1,"801807,3062","5826344,738",13.4474992,52.50351565,5349.0
114585,11,3,3601142.0,2021,9,17,7,3,2,6,0,0,1,0,0,0,0,0,"799141,4549","5830395,352",13.4119848,52.54129143,4760.0
114582,11,3,3400620.0,2021,4,16,7,3,2,6,0,0,1,0,0,0,0,0,"798004,5131","5833676,111",13.39821542,52.5713219,4569.0
114579,11,1,1300836.0,2021,3,17,3,2,5,7,0,0,1,0,1,0,0,0,"796261,1184","5829996,103",13.36928214,52.53928626,4160.0
114577,11,11,11100101.0,2021,10,7,6,3,4,6,0,1,0,0,0,0,0,0,"803733,6402","5834633,501",13.48336913,52.57673602,5871.0
114576,11,12,12200411.0,2021,6,19,7,3,2,6,0,0,1,0,1,0,0,0,"792901,0795","5832247,685",13.32186823,52.56128709,3466.0
114575,11,4,4200206.0,2021,12,9,4,2,5,2,0,1,1,0,0,0,0,0,"788359,2322","5826032,314",13.24966086,52.5079884,2351.0
114574,11,1,1100207.0,2021,8,11,1,2,0,1,0,1,0,0,0,0,0,0,"798712,9066","5827082,899",13.40270884,52.51183509,4652.0
114571,11,9,9100101.0,2021,3,10,2,3,2,7,0,0,1,0,0,0,0,0,"802693,0402","5825216,304",13.45948319,52.49291092,5446.0
114568,11,3,3400723.0,2021,6,11,3,2,0,1,0,1,0,0,0,0,0,0,"798358,865","5833479,847",13.40325192,52.56936857,4669.0
114565,11,1,1100310.0,2021,8,7,4,3,2,2,0,1,1,0,0,0,0,0,"799791,0796","5828610,761",13.41992549,52.52493847,4856.0
114561,11,4,4501153.0,2021,7,23,4,2,9,1,2,0,1,0,0,0,0,0,"793896,0657","5823008,732",13.32834144,52.47792883,3542.0
114559,11,4,4200308.0,2021,10,8,3,3,2,6,0,0,1,0,0,0,0,1,"790424,2474","5827735,909",13.28148878,52.52216582,2855.0
114558,11,1,1300836.0,2021,11,13,6,3,5,3,0,0,1,0,1,0,0,0,"796239,0371","5830242,946",13.3691776,52.54151096,4160.0
114556,11,2,2500728.0,2021,5,11,3,3,5,7,0,1,0,0,0,0,1,0,"802697,6636","5827690,345",13.46180021,52.51508302,5553.0
114553,11,4,4501148.0,2021,1,17,4,3,2,6,2,0,1,0,0,0,0,1,"792519,1155","5823412,519",13.30847914,52.48228796,3243.0
114550,11,1,1100310.0,2021,4,15,1,3,2,6,0,1,1,0,0,0,0,0,"799545,4847","5828285,659",13.41602348,52.52215941,4855.0
114549,11,12,12200414.0,2021,6,11,4,2,3,6,0,0,1,0,0,1,0,0,"791952,4753","5831579,303",13.30732632,52.55580472,3265.0
114545,11,4,4300414.0,2021,5,9,3,3,5,2,0,1,1,0,0,0,0,0,"791029,033","5826477,351",13.28927662,52.51056044,2951.0
114544,11,4,4400726.0,2021,8,8,5,3,2,6,0,0,1,0,0,0,0,0,"790771,3472","5824852,308",13.28407117,52.49612928,2847.0
114542,11,1,1100310.0,2021,9,8,4,3,6,4,0,0,0,1,0,0,1,0,"799191,1804","5828395,469",13.41091579,52.52333822,4755.0
114540,11,4,4300621.0,2021,3,16,4,3,5,3,0,0,1,0,0,0,0,0,"792263,3986","5826683,609",13.30759447,52.51174954,3252.0
114537,11,7,7400720.0,2021,7,18,5,3,2,6,0,0,1,0,0,0,0,1,"797774,8496","5823871,884",13.38605634,52.48356501,4343.0
114535,11,4,4200311.0,2021,9,8,2,3,3,6,0,0,1,0,0,0,0,0,"790582,264","5827302,849",13.28343291,52.51819924,2854.0
114534,11,7,7501029.0,2021,11,7,3,3,0,1,0,0,1,0,1,0,0,1,"797722,573","5818813,81",13.38077742,52.43825326,4330.0
114533,11,3,3400830.0,2021,8,14,6,3,2,6,0,0,1,0,0,0,0,0,"800043,5541","5833524,06",13.42807446,52.5688389,5068.0
114529,11,2,2100101.0,2021,7,21,6,2,5,2,2,0,1,0,1,0,0,0,"797032,0013","5825874,264",13.37693446,52.50191888,4249.0
114528,11,12,12200310.0,2021,10,12,7,3,0,7,0,0,1,0,0,0,0,0,"791780,1384","5832973,133",13.30601721,52.56839236,3268.0
114527,11,11,11300722.0,2021,12,10,5,3,5,2,0,1,1,0,0,0,0,0,"803764,0574","5827566,118",13.47735353,52.51337675,5752.0
114524,11,4,4100101.0,2021,1,8,1,2,0,6,0,0,1,0,0,0,1,0,"791605,9792","5830589,921",13.301361,52.54712079,3162.0
114520,11,3,3701660.0,2021,6,23,1,3,0,3,2,1,1,0,0,0,0,0,"800409,0061","5829577,022",13.42987932,52.53325921,5058.0
114516,11,6,6300629.0,2021,5,11,2,3,1,5,0,1,0,0,0,1,0,0,"791822,347","5819313,096",13.29466325,52.44590962,3032.0
114515,11,4,4100102.0,2021,8,19,5,2,2,6,1,0,1,0,0,0,0,0,"791132,9522","5829063,492",13.2930673,52.53368955,3058.0
114509,11,2,2500727.0,2021,7,15,2,2,3,6,0,1,0,0,0,0,0,0,"802179,4672","5827722,14",13.45421591,52.51565533,5453.0
114507,11,11,11300722.0,2021,10,13,7,3,2,6,0,1,0,0,0,0,0,0,"804021,2118","5827555,202",13.48112131,52.51313565,5852.0
114506,11,2,2500834.0,2021,11,3,1,2,0,1,2,1,0,0,0,0,0,0,"802033,1517","5827015,247",13.45142471,52.50940048,5351.0
114505,11,3,3601139.0,2021,9,17,6,3,5,2,0,1,1,0,0,0,0,0,"799204,9633","5832154,894",13.41450382,52.5570281,4865.0
114503,11,3,3400721.0,2021,6,16,7,3,3,6,0,1,0,0,0,0,1,0,"798169,3159","5833507,932",13.40048873,52.56972417,4669.0
114501,11,3,3500934.0,2021,4,14,3,3,4,7,0,1,0,0,0,0,0,0,"800268,8408","5831826,58",13.42985251,52.55349981,5064.0
114498,11,3,3400723.0,2021,3,11,5,3,6,2,0,0,1,1,0,0,0,0,"798379,1616","5833470,279",13.40354189,52.56927169,4668.0
114497,11,1,1401044.0,2021,10,16,5,3,2,6,0,0,1,0,0,0,0,1,"796036,085","5831363,246",13.36719232,52.55166363,4163.0
114496,11,6,6300527.0,2021,12,19,7,3,5,7,2,0,1,0,0,0,0,1,"790296,521","5818369,72",13.27145652,52.43826426,2630.0
114495,11,7,7400825.0,2021,9,7,3,3,2,6,0,0,1,0,1,0,0,0,"797867,9549","5820521,311",13.38443215,52.45348006,4335.0
114493,11,3,3100101.0,2021,2,6,3,3,8,1,2,0,0,0,0,0,1,2,"801633,9121","5840535,797",13.45785602,52.63080522,5486.0
114489,11,4,4400830.0,2021,6,11,5,3,3,6,0,0,0,0,1,0,1,0,"792396,73","5823474,322",13.30673628,52.48290756,3243.0
114484,11,4,4300621.0,2021,5,16,3,3,3,6,0,0,1,0,1,0,0,1,"792078,0049","5826631,09",13.30482429,52.51137803,3152.0
114483,11,7,7200308.0,2021,8,20,2,3,5,7,2,1,1,0,0,0,0,1,"795414,0314","5823415,089",13.35098739,52.48075255,3843.0
114479,11,1,1300836.0,2021,7,18,4,3,5,2,0,1,1,0,0,0,0,0,"796184,661","5830195,038",13.36833544,52.54111107,4160.0
114476,11,6,6300629.0,2021,7,3,2,2,8,1,2,0,1,0,0,0,0,0,"792785,2403","5819978,834",13.30937394,52.45136308,3234.0
114474,11,6,6300629.0,2021,10,13,4,3,3,6,0,0,1,0,0,1,0,0,"792590,5124","5819844,357",13.30639882,52.45026177,3234.0
114473,11,4,4300414.0,2021,11,16,5,3,5,3,0,1,1,0,0,0,0,0,"791034,0562","5826478,175",13.28935115,52.51056514,2951.0
114472,11,11,11300724.0,2021,5,9,2,3,2,6,0,0,1,0,1,0,0,0,"804266,9182","5827530,117",13.48470792,52.51277382,5852.0
114470,11,11,11300724.0,2021,9,13,6,2,5,2,0,1,1,0,0,0,0,0,"804515,107","5827504,667",13.48833059,52.51240722,5952.0
114467,11,12,12100204.0,2021,4,9,4,3,3,6,0,0,1,0,0,0,0,0,"795758,3785","5832654,516",13.36425908,52.56338946,4067.0
114464,11,2,2100101.0,2021,4,13,1,3,5,2,0,1,1,0,0,0,0,0,"797295,7787","5825592,036",13.38055708,52.49924537,4348.0
114463,11,2,2400521.0,2021,7,18,5,3,3,6,0,1,0,0,0,0,1,0,"801157,2465","5827832,744",13.43929741,52.51721209,5153.0
114461,11,3,3601449.0,2021,10,15,3,3,2,6,0,0,1,0,0,0,1,0,"801384,1216","5831033,273",13.44553246,52.5457734,5262.0
114460,11,1,1100310.0,2021,12,23,2,3,5,3,2,0,1,0,0,0,0,0,"799106,6811","5827693,002",13.4090424,52.51708799,4753.0
114459,11,2,2500726.0,2021,8,18,5,3,1,5,0,1,1,0,0,0,0,0,"801779,75","5828615,616",13.44915382,52.52388492,5355.0
114458,11,10,10400837.0,2021,9,10,6,3,5,3,0,0,1,0,0,0,0,0,"811328,7735","5827107,964",13.588042,52.5050063,7350.0
114454,11,6,6400737.0,2021,2,11,7,3,0,3,0,1,1,0,0,0,0,0,"786712,1186","5817016,237",13.21771065,52.42802,1827.0
114451,11,9,9100203.0,2021,6,8,2,3,0,3,0,1,1,0,0,0,0,0,"804106,561","5824366,79",13.47946399,52.48451132,5744.0
114449,11,4,4300413.0,2021,9,2,1,2,8,1,2,0,1,0,0,0,0,0,"790694,6758","5827096,664",13.28490476,52.51629088,2853.0
114448,11,11,11401032.0,2021,11,9,5,3,6,2,0,0,1,1,0,0,0,1,"805622,7726","5827377,961",13.5044857,52.51065217,6151.0
114447,11,7,7400721.0,2021,8,20,4,3,1,5,2,0,1,0,0,0,0,1,"797808,4159","5823161,125",13.38591433,52.47717555,4342.0
114444,11,1,1100310.0,2021,7,23,7,3,5,3,2,1,1,0,0,0,0,0,"798805,4545","5828020,353",13.4049104,52.52018736,4654.0
114443,11,2,2500727.0,2021,10,21,2,3,0,1,2,0,0,0,1,0,0,1,"802578,4158","5827687,025",13.46004525,52.51511943,5453.0
114442,11,3,3200206.0,2021,11,21,3,3,4,1,2,0,1,0,0,0,0,1,"797986,0335","5834648,174",13.39881719,52.58004518,4572.0
114441,11,3,3601449.0,2021,5,17,7,3,5,2,0,0,1,0,0,0,0,0,"801345,9232","5831000,956",13.44494154,52.54550486,5262.0
114438,11,4,4400727.0,2021,1,11,3,3,0,1,0,0,0,0,1,0,0,1,"791404,2269","5824487,858",13.29304849,52.49252447,3046.0
114434,11,7,7200411.0,2021,6,14,2,3,0,2,0,0,1,0,0,0,1,0,"795861,4386","5824303,943",13.35834524,52.48847821,3945.0
114430,11,4,4300414.0,2021,5,15,3,3,5,2,0,1,1,0,0,0,0,0,"791694,6229","5826587,878",13.29915319,52.51119578,3152.0
114429,11,4,4300414.0,2021,8,14,2,3,2,7,0,0,0,0,1,0,1,0,"791806,1035","5826606,691",13.30080772,52.51130481,3152.0
114427,11,10,10400941.0,2021,9,5,2,2,3,6,2,0,1,0,1,0,0,0,"813731,3768","5827149,828",13.62336377,52.50400535,7949.0
114426,11,12,12601032.0,2021,9,7,4,3,5,2,0,1,1,0,0,0,0,0,"792729,8396","5837421,962",13.32392016,52.60776388,3480.0
114423,11,7,7501133.0,2021,4,18,3,3,2,6,0,0,1,0,0,0,0,0,"797664,6878","5818672,582",13.37980261,52.4370188,4330.0
114420,11,10,10100210.0,2021,4,15,6,2,2,6,0,0,1,0,1,0,0,0,"808299,1671","5832012,597",13.54809582,52.5506811,6863.0
114419,11,3,3601449.0,2021,7,15,6,2,5,2,0,1,1,0,0,0,0,0,"801319,6745","5830977,753",13.44453458,52.54531142,5261.0
114417,11,4,4300621.0,2021,10,19,3,3,2,1,1,0,1,0,0,0,0,0,"792740,5828","5826742,135",13.31465739,52.51201833,3352.0
114416,11,10,10100210.0,2021,6,13,7,3,2,2,0,1,1,0,0,0,0,0,"808321,4236","5832024,392",13.54843398,52.5507742,6863.0
114415,11,11,11401034.0,2021,12,20,2,2,0,1,2,0,1,0,0,0,0,0,"807146,5341","5827415,715",13.52690284,52.51013474,6451.0
114414,11,11,11401032.0,2021,8,15,2,3,2,6,0,0,1,0,1,0,0,0,"805630,9832","5827377,383",13.50460577,52.51064239,6151.0
114413,11,6,6400735.0,2021,9,18,4,1,0,7,0,0,1,0,1,0,0,0,"782374,8442","5815745,53",13.15301743,52.41888191,925.0
114410,11,3,3601449.0,2021,3,15,3,3,5,2,0,1,0,0,0,1,0,0,"801325,9897","5831014,096",13.4446604,52.54563367,5262.0
114407,11,4,4100102.0,2021,6,15,3,3,2,6,0,0,1,0,0,0,0,0,"791519,4102","5829140,666",13.29881631,52.53417483,3058.0
114405,11,7,7400824.0,2021,9,18,5,3,3,6,0,0,1,0,1,0,0,0,"797846,1684","5821268,2",13.38477876,52.46018699,4337.0
114404,11,11,11100101.0,2021,8,13,5,2,2,6,0,0,1,0,0,1,0,0,"803687,4721","5835351,947",13.48334812,52.58320088,5873.0
114400,11,2,3601452.0,2021,7,17,4,3,2,6,0,0,1,0,0,0,1,0,"801633,0038","5828906,405",13.44726117,52.52657248,5356.0
114398,11,1,1200624.0,2021,10,18,5,3,2,6,2,0,1,0,0,0,0,0,"795930,1355","5829484,636",13.3639607,52.53488129,4058.0
114397,11,4,4400727.0,2021,11,19,2,3,2,6,2,0,1,0,0,0,0,1,"791403,4542","5824488,514",13.29303771,52.49253076,3046.0
114394,11,7,7400927.0,2021,1,12,5,3,0,7,0,0,1,0,0,0,0,1,"799191,8582","5821640,243",13.40485954,52.46278679,4637.0
114390,11,12,12601032.0,2021,6,10,7,3,6,3,0,0,1,1,0,0,0,0,"792838,6379","5837246,345",13.32536685,52.60613098,3479.0
114387,11,7,7501030.0,2021,12,18,4,3,6,2,2,0,1,1,0,0,0,1,"797871,3799","5820419,827",13.38439189,52.45256849,4334.0
114386,11,7,7400720.0,2021,5,23,3,3,1,5,2,0,0,0,1,0,1,1,"797774,2094","5823574,974",13.38578174,52.48090389,4343.0
114385,11,2,2500729.0,2021,8,10,5,3,0,3,0,0,1,0,0,0,1,0,"803112,4624","5827648,692",13.46785627,52.51447933,5652.0
114383,11,3,3601142.0,2021,9,16,2,2,5,3,0,1,0,0,0,0,0,0,"799163,574","5830558,356",13.41245677,52.54274037,4761.0
114381,11,4,4200207.0,2021,3,4,7,2,2,6,2,0,1,0,1,0,1,1,"787877,7157","5821870,753",13.23899049,52.47093194,2240.0
114378,11,3,3100101.0,2021,6,18,4,3,9,1,0,0,1,0,0,0,0,1,"800857,4343","5840804,569",13.44666278,52.63364485,5287.0
114376,11,1,1100310.0,2021,9,17,5,3,3,6,0,0,1,0,1,0,0,0,"799518,2052","5828203,288",13.41554844,52.52143608,4855.0
114375,11,3,3601347.0,2021,11,15,3,2,1,5,0,1,0,0,0,0,1,1,"799373,8707","5830318,271",13.41533215,52.54047288,4860.0
114374,11,5,5200528.0,2021,9,16,4,3,6,2,0,0,1,1,0,0,0,0,"783505,2691","5826700,883",13.17890421,52.51652724,1353.0
114369,11,8,8100521.0,2021,7,17,7,3,2,6,0,0,1,0,0,0,0,0,"802663,7092","5822015,075",13.45614694,52.46423456,5438.0
114368,11,6,6400736.0,2021,10,17,7,3,2,6,2,0,1,0,0,0,0,1,"785310,9779","5815996,837",13.19628971,52.41961237,1525.0
114367,11,12,12200310.0,2021,12,8,3,3,2,6,0,0,1,0,0,0,0,0,"791902,4553","5832743,88",13.30761505,52.5662716,3268.0
114364,11,2,2400522.0,2021,1,14,3,3,0,6,0,0,1,0,1,0,0,1,"801529,9046","5827794,949",13.44473848,52.51666743,5253.0
114360,11,7,7400720.0,2021,6,15,7,3,3,6,0,0,1,0,0,0,0,1,"797840,9596","5822488,178",13.38579117,52.47112559,4340.0
114356,11,3,3601452.0,2021,5,10,2,3,5,7,0,0,1,0,0,0,1,0,"801401,628","5829216,096",13.44414166,52.52947623,5257.0
114355,11,7,7400824.0,2021,8,14,5,3,0,6,0,0,0,0,0,0,1,0,"797867,6877","5821554,672",13.3853502,52.46274316,4337.0
114348,11,6,6300629.0,2021,7,7,4,3,2,6,0,0,1,0,0,0,0,1,"791089,0531","5818856,67",13.28350673,52.4422086,2831.0
114346,11,7,7100205.0,2021,10,6,2,3,0,7,1,0,1,0,1,0,0,1,"796029,5456","5825258,359",13.36166184,52.4969426,4047.0
114345,11,12,12200414.0,2021,11,14,6,3,2,6,0,0,1,0,0,0,0,0,"792133,7636","5831922,754",13.31029503,52.55878643,3265.0
114344,11,4,4200206.0,2021,9,11,6,3,3,6,0,1,1,0,0,0,0,0,"788809,9574","5826104,841",13.2563464,52.5084002,2451.0
114342,11,4,4501151.0,2021,6,14,7,3,2,6,0,0,1,0,0,0,0,0,"793779,1497","5823002,503",13.32661941,52.47793589,3542.0
114340,11,4,4300414.0,2021,4,7,6,3,5,2,0,0,1,0,0,0,0,0,"791858,0901","5826615,481",13.30157929,52.5113558,3152.0
114337,11,4,4200311.0,2021,3,19,1,3,9,1,2,0,1,0,0,0,0,0,"790448,5583","5825340,59",13.27975561,52.50067867,2848.0
114336,11,4,4100101.0,2021,10,10,4,3,3,6,0,0,1,0,0,0,0,0,"790693,5685","5828873,329",13.28644153,52.53221926,2958.0
114335,11,1,1100102.0,2021,12,17,7,3,9,1,2,0,0,0,1,0,0,1,"796456,3145","5826381,919",13.36893022,52.50678259,4150.0
114334,11,7,7400721.0,2021,9,12,7,3,0,1,0,1,0,0,0,0,0,0,"797801,94","5822976,932",13.38565479,52.475528,4341.0
114332,11,7,7100206.0,2021,2,9,5,3,0,6,0,0,1,0,0,0,1,1,"796001,4274","5824601,943",13.36066564,52.49107364,4046.0
114328,11,9,9100202.0,2021,6,18,6,3,0,2,0,0,1,0,0,0,1,0,"803113,3551","5824550,04",13.46504912,52.48670604,5544.0
114324,11,3,3601452.0,2021,5,16,2,3,0,1,0,1,0,0,0,0,0,0,"801453,0152","5829188,987",13.44487231,52.52920484,5257.0
114323,11,1,1100104.0,2021,8,13,3,3,2,6,0,0,1,0,0,0,0,1,"796278,9275","5825995,483",13.3659804,52.50341492,4049.0
114318,11,4,4200311.0,2021,7,11,5,3,3,6,0,0,1,0,0,1,0,0,"790508,4582","5825601,176",13.2808629,52.50298296,2849.0
114316,11,4,4200207.0,2021,10,13,1,3,2,1,0,0,1,0,0,0,0,0,"789795,4388","5824803,866",13.26969396,52.49621407,2647.0
114315,11,1,1300836.0,2021,11,11,4,3,2,2,0,0,1,0,0,0,0,1,"796316,5952","5830075,845",13.37016884,52.5399709,4160.0
114313,11,3,3701657.0,2021,9,14,3,3,5,3,0,1,0,0,0,0,0,0,"800319,4656","5830067,432",13.42900638,52.53770423,5059.0
114310,11,1,1100205.0,2021,4,8,3,3,2,2,0,0,1,0,0,0,0,0,"796951,2659","5826704,308",13.3764889,52.5094033,4251.0
114307,11,2,2500727.0,2021,4,12,4,3,2,6,0,0,1,0,0,0,0,1,"802544,2153","5827690,458",13.45954591,52.51516917,5453.0
114306,11,7,7400822.0,2021,6,7,4,3,2,6,0,0,1,0,0,1,0,0,"796542,8497","5822529,582",13.36677338,52.47220297,4140.0
114304,11,1,1100102.0,2021,11,19,6,3,2,6,1,0,1,0,0,0,0,0,"794700,3889","5827081,224",13.34375306,52.51400274,3752.0
114302,11,2,2200208.0,2021,8,11,4,3,3,6,0,0,1,0,0,0,0,0,"797863,4468","5825012,347",13.3883765,52.4937396,4446.0
114301,11,7,7501030.0,2021,9,15,6,3,5,2,0,0,1,0,0,0,0,1,"798039,4015","5819471,742",13.38601126,52.44397836,4332.0
114297,11,11,11300724.0,2021,2,8,3,3,5,2,0,1,1,0,0,0,0,0,"804515,7947","5827504,598",13.48834063,52.51240623,5952.0
114294,11,6,6100209.0,2021,6,14,5,3,0,1,0,0,0,0,1,0,0,0,"794202,0287","5821405,735",13.33141985,52.46339398,3538.0
114292,11,6,6300629.0,2021,9,13,7,3,5,3,0,0,1,0,1,0,0,0,"791845,4846","5819328,785",13.29501643,52.44603793,3032.0
114291,11,4,4200311.0,2021,11,11,4,3,2,6,0,0,1,0,0,0,0,0,"790546,4406","5825877,893",13.28166238,52.50544352,2850.0
114290,11,4,4400726.0,2021,8,17,6,2,2,6,0,0,1,0,0,0,0,0,"790758,4925","5824850,863",13.28388109,52.49612319,2847.0
114285,11,7,7200308.0,2021,7,12,6,3,2,6,0,0,1,0,0,0,0,0,"795223,509","5823525,402",13.34828776,52.48184447,3843.0
114284,11,3,3400723.0,2021,10,11,3,3,3,6,0,1,1,0,0,0,0,0,"798457,2854","5833332,84",13.40456749,52.56799692,4668.0
114283,11,7,7400720.0,2021,12,12,3,3,0,6,0,0,1,0,0,0,1,1,"797823,4387","5822494,028",13.38553922,52.47118758,4340.0
114282,11,4,4300414.0,2021,5,14,1,3,3,6,0,1,1,0,0,0,0,0,"791098,5895","5826470,129",13.29029233,52.51045857,2951.0
114278,11,1,1100310.0,2021,1,19,5,3,2,6,2,0,1,0,0,0,0,1,"799544,6018","5828286,211",13.416011,52.52216485,4855.0
114274,11,12,12500926.0,2021,6,13,5,3,0,5,0,0,1,0,0,0,0,0,"793673,9475","5835687,188",13.33628346,52.59170366,3675.0
114270,11,7,7200411.0,2021,5,8,6,3,5,2,0,1,0,0,0,0,1,0,"795792,783","5824122,5",13.35717601,52.48688891,3944.0
114269,11,7,7400824.0,2021,8,17,6,3,5,3,0,1,1,0,0,0,0,0,"797857,7269","5821431,711",13.38509429,52.46164639,4337.0
114267,11,1,1100102.0,2021,9,8,2,3,3,6,0,0,1,0,0,0,0,0,"796435,7992","5826380,355",13.36862745,52.50677973,4150.0
114265,11,12,12500927.0,2021,3,19,1,2,3,6,2,0,1,0,0,0,0,1,"793388,072","5836322,543",13.33263831,52.59755348,3677.0
114262,11,5,5200634.0,2021,7,17,5,3,2,6,0,0,1,0,0,0,0,1,"785278,8254","5826243,286",13.20457808,52.51149959,1652.0
114260,11,4,4300414.0,2021,9,10,3,3,5,3,0,1,1,0,0,0,0,1,"791851,3026","5826592,97",13.30145982,52.51115763,3152.0
114259,11,7,7400825.0,2021,11,13,2,3,2,6,0,0,1,0,0,0,0,0,"797866,775","5820528,143",13.38442093,52.45354194,4335.0
114258,11,4,4400726.0,2021,8,8,5,3,0,1,0,0,0,0,1,0,0,0,"791173,3346","5824637,66",13.2897882,52.49399066,2946.0
114255,11,7,7300619.0,2021,4,23,4,2,9,1,2,0,1,0,0,0,0,0,"796252,769","5822715,675",13.3626805,52.47402853,4041.0
114252,11,12,12100101.0,2021,10,5,4,3,3,6,2,1,1,0,0,0,0,1,"795804,6186","5832389,224",13.36470276,52.56098626,4066.0
114251,11,2,2200209.0,2021,12,11,7,3,2,6,0,0,1,0,0,0,1,1,"797756,3191","5824486,404",13.38633324,52.48908358,4445.0
114249,11,7,7601236.0,2021,2,19,3,2,6,4,2,0,1,1,0,0,0,1,"797028,1677","5816747,772",13.36875702,52.42011057,4125.0
114245,11,3,3701660.0,2021,6,7,5,3,1,5,0,1,1,0,0,0,0,0,"800437,144","5829622,836",13.4303343,52.53365435,5058.0
114241,11,4,4200311.0,2021,5,14,6,2,5,2,0,1,0,0,0,1,0,0,"790540,9715","5826379,223",13.2820196,52.50994089,2851.0
114240,11,8,8200622.0,2021,8,10,6,3,3,6,0,0,1,0,0,1,0,0,"801570,7771","5821777,807",13.43989377,52.46271215,5137.0
114233,11,12,12100205.0,2021,7,16,7,3,0,7,0,1,0,0,0,0,0,0,"794556,8841","5833925,759",13.34771421,52.57543649,3870.0
114231,11,7,7501029.0,2021,10,20,1,3,2,1,0,0,1,0,0,0,0,0,"797786,0411","5818930,118",13.38181196,52.43926129,4330.0
114230,11,6,6400735.0,2021,11,13,7,3,0,1,0,0,0,0,1,0,0,1,"781702,5376","5815583,001",13.14302077,52.41777103,724.0
114229,11,12,12200515.0,2021,9,17,6,3,2,6,0,0,1,0,0,0,0,0,"790690,9088","5834895,618",13.29167749,52.58620991,2973.0
114226,11,1,1100310.0,2021,4,9,4,3,5,2,0,1,0,0,0,0,1,0,"799596,5804","5828280,771",13.41676992,52.52208754,4855.0
114223,11,2,2500727.0,2021,3,22,2,3,0,1,2,1,0,0,0,0,0,0,"802176,7778","5827749,034",13.45420082,52.51589788,5453.0
114221,11,12,12200515.0,2021,3,15,5,2,8,1,0,0,1,0,0,0,0,1,"790676,2473","5834899,763",13.29146533,52.5862549,2973.0
114218,11,7,7501030.0,2021,6,7,2,3,5,3,0,1,1,0,0,0,0,0,"797869,3439","5820431,15",13.38437211,52.4526711,4334.0
114216,11,6,6300526.0,2021,10,12,6,3,6,6,0,0,1,1,0,0,0,0,"789564,6124","5817964,797",13.26036873,52.43502197,2529.0
114215,11,11,11300724.0,2021,11,18,2,3,3,6,2,1,0,0,0,0,1,0,"804466,3962","5827494,706",13.48760591,52.51234514,5952.0
114214,11,3,3601449.0,2021,9,10,4,3,5,2,0,0,1,0,0,0,1,0,"801333,3126","5831020,354",13.44477374,52.54568571,5262.0
114209,11,1,1100102.0,2021,10,10,7,2,5,2,0,0,1,0,1,0,0,0,"796458,4454","5827391,52",13.36986084,52.51583152,4153.0
114208,11,7,7400927.0,2021,12,7,2,3,2,6,2,0,1,0,0,0,1,1,"798538,6256","5822072,845",13.39566007,52.46702181,4539.0